{
  "inputDatasetSmartName": "main_dataset",
  "script": {
    "steps": [],
    "maxProcessedMemTableBytes": -1,
    "columnsSelection": {
      "mode": "ALL"
    },
    "columnWidthsByName": {},
    "coloring": {
      "scheme": "MEANING_AND_STATUS",
      "individualColumns": [],
      "valueColoringMode": "HASH"
    },
    "sorting": [],
    "analysisColumnData": {
      "csat_presales": {
        "meaning": "Text"
      },
      "shipping_fees_bucket": {
        "meaning": "Text"
      },
      "tokens": {
        "meaning": "Text"
      },
      "Customer_Effort_Score_copy": {
        "meaning": "Text"
      }
    },
    "explorationSampling": {
      "selection": {
        "maxStoredBytes": 104857600,
        "timeout": -1,
        "filter": {
          "distinct": false,
          "enabled": false
        },
        "partitionSelectionMethod": "ALL",
        "latestPartitionsN": 1,
        "ordering": {
          "enabled": false,
          "rules": []
        },
        "samplingMethod": "HEAD_SEQUENTIAL",
        "maxRecords": 10000,
        "targetRatio": 0.02,
        "withinFirstN": -1,
        "maxReadUncompressedBytes": -1
      },
      "autoRefreshSample": false,
      "_refreshTrigger": 0
    },
    "vizSampling": {
      "selection": {
        "useMemTable": false,
        "filter": {
          "distinct": false,
          "enabled": false
        },
        "partitionSelectionMethod": "ALL",
        "latestPartitionsN": 1,
        "ordering": {
          "enabled": false,
          "rules": []
        },
        "samplingMethod": "FULL",
        "maxRecords": -1,
        "targetRatio": 0.02,
        "withinFirstN": -1,
        "maxReadUncompressedBytes": -1
      },
      "autoRefreshSample": false,
      "_refreshTrigger": 0
    },
    "exploreUIParams": {},
    "globalSearchQuery": "",
    "explorationFilters": [],
    "previewMode": "ALL_ROWS"
  },
  "charts": [
    {
      "copySelectionFromScript": true,
      "def": {
        "type": "grouped_columns",
        "variant": "normal",
        "name": "New chart",
        "userEditedName": false,
        "genericDimension0": [],
        "genericDimension1": [],
        "facetDimension": [],
        "animationDimension": [],
        "genericMeasures": [],
        "xDimension": [],
        "yDimension": [],
        "uaXDimension": [],
        "uaYDimension": [],
        "uaSize": [],
        "uaShape": [],
        "uaColor": [],
        "uaTooltip": [],
        "groupDimension": [],
        "xMeasure": [],
        "yMeasure": [],
        "colorMeasure": [],
        "sizeMeasure": [],
        "geometry": [],
        "tooltipMeasures": [],
        "boxplotBreakdownDim": [],
        "boxplotValue": [],
        "axis1LogScale": false,
        "axis2LogScale": false,
        "includeZero": true,
        "smoothing": true,
        "showLegend": true,
        "showXAxis": false,
        "showInChartValues": false,
        "showInChartLabels": true,
        "strokeWidth": 1,
        "fillOpacity": 0.6,
        "showXAxisLabel": true,
        "showYAxisLabel": true,
        "displayXAxis": true,
        "displayYAxis": true,
        "hexbinRadius": 20,
        "hexbinNumber": 20,
        "hexbinRadiusMode": "NUM_HEXAGONS",
        "yCustomExtent": {
          "editMode": "AUTO",
          "manualExtent": [
            null,
            null
          ]
        },
        "xCustomExtent": {
          "editMode": "AUTO",
          "manualExtent": [
            null,
            null
          ]
        },
        "chartHeight": 200,
        "singleXAxis": true,
        "multiTooltips": false,
        "animationFrameDuration": 3000,
        "animationRepeat": true,
        "colorOptions": {
          "singleColor": "#2678B1",
          "transparency": 0.75,
          "colorPalette": "default",
          "ccScaleMode": "NORMAL",
          "customPalette": {
            "id": "__dku_custom__",
            "name": "Custom Palette",
            "colors": [],
            "values": [],
            "fixedValues": false
          },
          "paletteType": "CONTINUOUS",
          "quantizationMode": "NONE",
          "numQuantizeSteps": 5,
          "paletteMiddleValue": 0.0,
          "customColors": {},
          "heatDensityMapIntensity": 0.5,
          "heatDensityMapRadius": 0.5
        },
        "bubblesOptions": {
          "defaultRadius": 5.0,
          "singleShape": "FILLED_CIRCLE"
        },
        "xAxisMode": "NORMAL",
        "yAxisMode": "NORMAL",
        "pieOptions": {
          "donutHoleSize": 54.0
        },
        "scatterOptions": {
          "equalScales": false,
          "identityLine": false
        },
        "mapOptions": {
          "tilesLayer": "cartodb-positron",
          "lockSquareGrid": false
        },
        "mapGridOptions": {
          "gridLonDeg": 0.6,
          "gridLatDeg": 0.6
        },
        "disableSafetyLimits": false,
        "useLiveProcessingIfAvailable": true,
        "legendPlacement": "OUTER_RIGHT"
      }
    }
  ],
  "name": "Choose Algorithms for Customer_Effort_Score_category on main_dataset",
  "versionTag": {
    "versionNumber": 2,
    "lastModifiedBy": {
      "login": "stephane-lionel-essouman_student2021@wilder.school"
    },
    "lastModifiedOn": 1642697265073
  },
  "creationTag": {
    "versionNumber": 0,
    "lastModifiedBy": {
      "login": "guillaume.arp@gmail.com"
    },
    "lastModifiedOn": 1642621022232
  },
  "tags": [],
  "customFields": {},
  "checklists": {
    "checklists": []
  }
}