{
  "type": "CustomCode_nlp-visualization-wordcloud",
  "neverRecomputeExistingPartitions": false,
  "optionalDependencies": false,
  "params": {
    "customConfig": {
      "language": "en",
      "remove_stopwords": true,
      "remove_punctuation": true,
      "case_insensitive": true,
      "max_words": 100,
      "color_palette": "custom",
      "color_list": [
        "#154360",
        "#76D7C4",
        "#E67E22",
        "#A9CCE3"
      ],
      "text_column": "tokens_final_test"
    },
    "containerSelection": {
      "containerMode": "INHERIT"
    }
  },
  "customMeta": {
    "kv": {}
  },
  "redispatchPartitioning": false,
  "maxRunningActivities": 0,
  "variables": {},
  "dkuProperties": [],
  "inputs": {
    "input_dataset": {
      "items": [
        {
          "ref": "dataset_comments_tokens_promoters",
          "deps": []
        }
      ]
    }
  },
  "outputs": {
    "output_folder": {
      "items": [
        {
          "ref": "Rr2V4pe8",
          "appendMode": false
        }
      ]
    }
  },
  "labels": [],
  "versionTag": {
    "versionNumber": 1,
    "lastModifiedBy": {
      "login": "aurore-lemaitre_student2021@wilder.school"
    },
    "lastModifiedOn": 1642630917844
  },
  "creationTag": {
    "versionNumber": 0,
    "lastModifiedBy": {
      "login": "aurore-lemaitre_student2021@wilder.school"
    },
    "lastModifiedOn": 1642630879232
  },
  "tags": [],
  "customFields": {},
  "checklists": {
    "checklists": []
  }
}