{
  "type": "pivot",
  "neverRecomputeExistingPartitions": false,
  "optionalDependencies": false,
  "customMeta": {
    "kv": {}
  },
  "redispatchPartitioning": false,
  "maxRunningActivities": 0,
  "variables": {},
  "dkuProperties": [],
  "inputs": {
    "main": {
      "items": [
        {
          "ref": "main_dataset_CES",
          "deps": []
        }
      ]
    }
  },
  "outputs": {
    "main": {
      "items": [
        {
          "ref": "main_dataset_CES_by_country",
          "appendMode": false
        }
      ]
    }
  },
  "labels": [],
  "versionTag": {
    "versionNumber": 9,
    "lastModifiedBy": {
      "login": "aurore-lemaitre_student2021@wilder.school"
    },
    "lastModifiedOn": 1642673997653
  },
  "creationTag": {
    "versionNumber": 0,
    "lastModifiedBy": {
      "login": "aurore-lemaitre_student2021@wilder.school"
    },
    "lastModifiedOn": 1642673275375
  },
  "tags": [],
  "customFields": {},
  "checklists": {
    "checklists": []
  }
}