{
  "type": "CustomCode_timeseries-forecast-2-predict",
  "neverRecomputeExistingPartitions": false,
  "optionalDependencies": false,
  "params": {
    "customConfig": {
      "model_selection_mode": "auto",
      "performance_metric": "MASE",
      "prediction_length": -1,
      "confidence_interval": 95,
      "include_history": true,
      "sampling_method": "last_records",
      "number_records": 10000
    },
    "containerSelection": {
      "containerMode": "INHERIT"
    }
  },
  "customMeta": {
    "kv": {}
  },
  "redispatchPartitioning": false,
  "maxRunningActivities": 0,
  "variables": {},
  "dkuProperties": [],
  "inputs": {
    "model_folder": {
      "items": [
        {
          "ref": "XHxreSjZ",
          "deps": []
        }
      ]
    }
  },
  "outputs": {
    "output_dataset": {
      "items": [
        {
          "ref": "forceast_df",
          "appendMode": false
        }
      ]
    }
  },
  "labels": [],
  "versionTag": {
    "versionNumber": 2,
    "lastModifiedBy": {
      "login": "alexandra-houssin_student2021@wilder.school"
    },
    "lastModifiedOn": 1642705736958
  },
  "creationTag": {
    "versionNumber": 0,
    "lastModifiedBy": {
      "login": "alexandra-houssin_student2021@wilder.school"
    },
    "lastModifiedOn": 1642704937856
  },
  "tags": [],
  "customFields": {},
  "checklists": {
    "checklists": []
  }
}