{
  "type": "CustomCode_timeseries-preparation-resampling",
  "neverRecomputeExistingPartitions": false,
  "optionalDependencies": false,
  "params": {
    "customConfig": {
      "time_step": 1,
      "time_unit": "days",
      "interpolation_method": "linear",
      "constant_value": 0,
      "extrapolation_method": "clip",
      "clip_start": 0,
      "clip_end": 0,
      "shift": 0,
      "advanced_activated": false,
      "datetime_column": "date"
    },
    "containerSelection": {
      "containerMode": "INHERIT"
    }
  },
  "customMeta": {
    "kv": {}
  },
  "redispatchPartitioning": false,
  "maxRunningActivities": 0,
  "variables": {},
  "dkuProperties": [],
  "inputs": {
    "input_dataset": {
      "items": [
        {
          "ref": "percentage_score_per_date_prepared",
          "deps": []
        }
      ]
    }
  },
  "outputs": {
    "output_dataset": {
      "items": [
        {
          "ref": "resemple",
          "appendMode": false
        }
      ]
    }
  },
  "labels": [],
  "versionTag": {
    "versionNumber": 1,
    "lastModifiedBy": {
      "login": "alexandra-houssin_student2021@wilder.school"
    },
    "lastModifiedOn": 1642704280783
  },
  "creationTag": {
    "versionNumber": 0,
    "lastModifiedBy": {
      "login": "alexandra-houssin_student2021@wilder.school"
    },
    "lastModifiedOn": 1642704257310
  },
  "tags": [],
  "customFields": {},
  "checklists": {
    "checklists": []
  }
}