{
  "type": "vstack",
  "neverRecomputeExistingPartitions": false,
  "optionalDependencies": false,
  "customMeta": {
    "kv": {}
  },
  "redispatchPartitioning": false,
  "maxRunningActivities": 0,
  "variables": {},
  "dkuProperties": [],
  "inputs": {
    "main": {
      "items": [
        {
          "ref": "manomano_dataset_august",
          "deps": []
        },
        {
          "ref": "manomano_dataset_october",
          "deps": []
        },
        {
          "ref": "manomano_dataset_november",
          "deps": []
        },
        {
          "ref": "manomano_dataset_september",
          "deps": []
        }
      ]
    }
  },
  "outputs": {
    "main": {
      "items": [
        {
          "ref": "manomano_dataset_stacked",
          "appendMode": false
        }
      ]
    }
  },
  "labels": [],
  "versionTag": {
    "versionNumber": 2,
    "lastModifiedBy": {
      "login": "aurore-lemaitre_student2021@wilder.school"
    },
    "lastModifiedOn": 1642590879489
  },
  "creationTag": {
    "versionNumber": 0,
    "lastModifiedBy": {
      "login": "aurore-lemaitre_student2021@wilder.school"
    },
    "lastModifiedOn": 1642590288392
  },
  "tags": [
    "dataset"
  ],
  "customFields": {},
  "checklists": {
    "checklists": []
  }
}