target_column,model,MSE,MASE,MAPE,sMAPE,MSIS,RMSE,ND,mean_wQuantileLoss,run_time,model_params,training_session
__aggregated__,TrivialIdentity,1.1880950927734375,0.9088380810310498,0.24168505996306255,0.21562801383704944,36.353523241241994,1.0899977489763166,0.24168505996306255,0.24168505996306255,0.1292274259030819,"{""model_name"": ""TrivialIdentity"", ""frequency"": ""D"", ""prediction_length"": 1, ""use_external_features"": false, ""timeseries_number"": 1, ""timeseries_average_length"": 121, ""model_parameters"": {""activated"": true}}",2022-01-20T18:46:58.898617Z
__aggregated__,SeasonalNaive,1.7160998582839966,1.0922735672618782,0.2904656045004967,0.25363019408611137,43.69094269047513,1.3099999459099212,0.2904656045004967,0.2904656045004967,0.12627433240413666,"{""model_name"": ""SeasonalNaive"", ""frequency"": ""D"", ""prediction_length"": 1, ""use_external_features"": false, ""timeseries_number"": 1, ""timeseries_average_length"": 121, ""model_parameters"": {""activated"": true}, ""season_length"": 7}",2022-01-20T18:46:58.898617Z
__aggregated__,FeedForward,1.1926275491714478,0.9140440619851271,0.24306947358449152,0.21672934156010049,5.801737765507414,1.0920748825842703,0.24306947358449152,0.16621014122038633,37.886629931628704,"{""model_name"": ""FeedForward"", ""frequency"": ""D"", ""prediction_length"": 1, ""use_external_features"": false, ""timeseries_number"": 1, ""timeseries_average_length"": 121, ""model_parameters"": {""activated"": true, ""kwargs"": {""num_hidden_dimensions"": ""[40, 40]""}}, ""epoch"": 10, ""batch_size"": 32, ""num_batches_per_epoch"": 50, ""mxnet.context"": ""cpu(0)""}",2022-01-20T18:46:58.898617Z
% detractor,TrivialIdentity,1.1880950927734375,0.9088380810310498,0.24168505996306255,0.21562801383704944,36.353523241241994,,,,,"{""model_name"": ""TrivialIdentity"", ""frequency"": ""D"", ""prediction_length"": 1, ""use_external_features"": false, ""timeseries_number"": 1, ""timeseries_average_length"": 121, ""model_parameters"": {""activated"": true}}",2022-01-20T18:46:58.898617Z
% detractor,SeasonalNaive,1.7160998582839966,1.0922735672618782,0.2904656045004967,0.25363019408611137,43.69094269047513,,,,,"{""model_name"": ""SeasonalNaive"", ""frequency"": ""D"", ""prediction_length"": 1, ""use_external_features"": false, ""timeseries_number"": 1, ""timeseries_average_length"": 121, ""model_parameters"": {""activated"": true}, ""season_length"": 7}",2022-01-20T18:46:58.898617Z
% detractor,FeedForward,1.1926275491714478,0.9140440619851271,0.24306947358449152,0.21672934156010049,5.801737765507414,,,,,"{""model_name"": ""FeedForward"", ""frequency"": ""D"", ""prediction_length"": 1, ""use_external_features"": false, ""timeseries_number"": 1, ""timeseries_average_length"": 121, ""model_parameters"": {""activated"": true, ""kwargs"": {""num_hidden_dimensions"": ""[40, 40]""}}, ""epoch"": 10, ""batch_size"": 32, ""num_batches_per_epoch"": 50, ""mxnet.context"": ""cpu(0)""}",2022-01-20T18:46:58.898617Z
