{
    "startedAt": 1642671605760,
    "gridSize": 9,
    "nThreads": 4,
    "nSplits": 1,
    "metric": "ACCURACY",
    "timeout": null,
    "gridPoints": [
        {
            "finishedAt": 1642672092160,
            "score": 0.6829105473965287,
            "testScoreGibMean": 0.6829105473965287,
            "testScoreMean": 0.6829105473965287,
            "testScoreStd": 0.0,
            "trainScoreMean": 0.8040066777963272,
            "trainScoreStd": 0.0,
            "time": 486385,
            "fitTimeMean": 485885.0,
            "fitTimeStd": 0.0,
            "scoreTimeMean": 500.0,
            "scoreTimeStd": 0.0,
            "parameters": {
                "hidden_layer_sizes": 10
            }
        },
        {
            "finishedAt": 1642672106249,
            "score": 0.6942590120160214,
            "testScoreGibMean": 0.6942590120160214,
            "testScoreMean": 0.6942590120160214,
            "testScoreStd": 0.0,
            "trainScoreMean": 0.8081803005008347,
            "trainScoreStd": 0.0,
            "time": 500473,
            "fitTimeMean": 500076.0,
            "fitTimeStd": 0.0,
            "scoreTimeMean": 397.0,
            "scoreTimeStd": 0.0,
            "parameters": {
                "hidden_layer_sizes": 12
            }
        },
        {
            "finishedAt": 1642672123750,
            "score": 0.6895861148197597,
            "testScoreGibMean": 0.6895861148197597,
            "testScoreMean": 0.6895861148197597,
            "testScoreStd": 0.0,
            "trainScoreMean": 0.8128547579298832,
            "trainScoreStd": 0.0,
            "time": 517980,
            "fitTimeMean": 517686.0,
            "fitTimeStd": 0.0,
            "scoreTimeMean": 294.0,
            "scoreTimeStd": 0.0,
            "parameters": {
                "hidden_layer_sizes": 15
            }
        },
        {
            "finishedAt": 1642672194858,
            "score": 0.6895861148197597,
            "testScoreGibMean": 0.6895861148197597,
            "testScoreMean": 0.6895861148197597,
            "testScoreStd": 0.0,
            "trainScoreMean": 0.833889816360601,
            "trainScoreStd": 0.0,
            "time": 589086,
            "fitTimeMean": 588881.0,
            "fitTimeStd": 0.0,
            "scoreTimeMean": 205.0,
            "scoreTimeStd": 0.0,
            "parameters": {
                "hidden_layer_sizes": 16
            }
        },
        {
            "finishedAt": 1642672427358,
            "score": 0.7076101468624834,
            "testScoreGibMean": 0.7076101468624834,
            "testScoreMean": 0.7076101468624834,
            "testScoreStd": 0.0,
            "trainScoreMean": 0.7787979966611018,
            "trainScoreStd": 0.0,
            "time": 321008,
            "fitTimeMean": 320606.0,
            "fitTimeStd": 0.0,
            "scoreTimeMean": 402.0,
            "scoreTimeStd": 0.0,
            "parameters": {
                "hidden_layer_sizes": 9
            }
        },
        {
            "finishedAt": 1642672440257,
            "score": 0.6935914552736983,
            "testScoreGibMean": 0.6935914552736983,
            "testScoreMean": 0.6935914552736983,
            "testScoreStd": 0.0,
            "trainScoreMean": 0.7991652754590984,
            "trainScoreStd": 1.1102230246251565e-16,
            "time": 347908,
            "fitTimeMean": 347701.0,
            "fitTimeStd": 0.0,
            "scoreTimeMean": 207.0,
            "scoreTimeStd": 0.0,
            "parameters": {
                "hidden_layer_sizes": 14
            }
        },
        {
            "finishedAt": 1642672443056,
            "score": 0.7029372496662216,
            "testScoreGibMean": 0.7029372496662216,
            "testScoreMean": 0.7029372496662216,
            "testScoreStd": 0.0,
            "trainScoreMean": 0.7973288814691152,
            "trainScoreStd": 0.0,
            "time": 319208,
            "fitTimeMean": 319011.0,
            "fitTimeStd": 0.0,
            "scoreTimeMean": 197.0,
            "scoreTimeStd": 0.0,
            "parameters": {
                "hidden_layer_sizes": 11
            }
        },
        {
            "finishedAt": 1642672474461,
            "score": 0.6975967957276369,
            "testScoreGibMean": 0.6975967957276369,
            "testScoreMean": 0.6975967957276369,
            "testScoreStd": 0.0,
            "trainScoreMean": 0.7929883138564275,
            "trainScoreStd": 1.1102230246251565e-16,
            "time": 279503,
            "fitTimeMean": 279309.0,
            "fitTimeStd": 0.0,
            "scoreTimeMean": 194.0,
            "scoreTimeStd": 0.0,
            "parameters": {
                "hidden_layer_sizes": 13
            }
        },
        {
            "finishedAt": 1642672536057,
            "score": 0.69826435246996,
            "testScoreGibMean": 0.69826435246996,
            "testScoreMean": 0.69826435246996,
            "testScoreStd": 0.0,
            "trainScoreMean": 0.784974958263773,
            "trainScoreStd": 0.0,
            "time": 108505,
            "fitTimeMean": 108307.0,
            "fitTimeStd": 0.0,
            "scoreTimeMean": 198.0,
            "scoreTimeStd": 0.0,
            "parameters": {
                "hidden_layer_sizes": 8
            }
        }
    ]
}