[
    {
        "test_score_gib": 0.6829105473965287,
        "train_score": 0.8040066777963272,
        "test_score": 0.6829105473965287,
        "num_samples": 1498,
        "fit_time": 485885,
        "score_time": 500,
        "time": 486385,
        "parameters": {
            "hidden_layer_sizes": 10
        },
        "done_at": 1642672092160,
        "split_id": 0
    },
    {
        "test_score_gib": 0.6942590120160214,
        "train_score": 0.8081803005008347,
        "test_score": 0.6942590120160214,
        "num_samples": 1498,
        "fit_time": 500076,
        "score_time": 397,
        "time": 500473,
        "parameters": {
            "hidden_layer_sizes": 12
        },
        "done_at": 1642672106249,
        "split_id": 0
    },
    {
        "test_score_gib": 0.6895861148197597,
        "train_score": 0.8128547579298832,
        "test_score": 0.6895861148197597,
        "num_samples": 1498,
        "fit_time": 517686,
        "score_time": 294,
        "time": 517980,
        "parameters": {
            "hidden_layer_sizes": 15
        },
        "done_at": 1642672123750,
        "split_id": 0
    },
    {
        "test_score_gib": 0.6895861148197597,
        "train_score": 0.833889816360601,
        "test_score": 0.6895861148197597,
        "num_samples": 1498,
        "fit_time": 588881,
        "score_time": 205,
        "time": 589086,
        "parameters": {
            "hidden_layer_sizes": 16
        },
        "done_at": 1642672194858,
        "split_id": 0
    },
    {
        "test_score_gib": 0.7076101468624834,
        "train_score": 0.7787979966611018,
        "test_score": 0.7076101468624834,
        "num_samples": 1498,
        "fit_time": 320606,
        "score_time": 402,
        "time": 321008,
        "parameters": {
            "hidden_layer_sizes": 9
        },
        "done_at": 1642672427358,
        "split_id": 0
    },
    {
        "test_score_gib": 0.6935914552736983,
        "train_score": 0.7991652754590985,
        "test_score": 0.6935914552736983,
        "num_samples": 1498,
        "fit_time": 347701,
        "score_time": 207,
        "time": 347908,
        "parameters": {
            "hidden_layer_sizes": 14
        },
        "done_at": 1642672440257,
        "split_id": 0
    },
    {
        "test_score_gib": 0.7029372496662216,
        "train_score": 0.7973288814691152,
        "test_score": 0.7029372496662216,
        "num_samples": 1498,
        "fit_time": 319011,
        "score_time": 197,
        "time": 319208,
        "parameters": {
            "hidden_layer_sizes": 11
        },
        "done_at": 1642672443056,
        "split_id": 0
    },
    {
        "test_score_gib": 0.6975967957276369,
        "train_score": 0.7929883138564274,
        "test_score": 0.6975967957276369,
        "num_samples": 1498,
        "fit_time": 279309,
        "score_time": 194,
        "time": 279503,
        "parameters": {
            "hidden_layer_sizes": 13
        },
        "done_at": 1642672474461,
        "split_id": 0
    },
    {
        "test_score_gib": 0.69826435246996,
        "train_score": 0.784974958263773,
        "test_score": 0.69826435246996,
        "num_samples": 1498,
        "fit_time": 108307,
        "score_time": 198,
        "time": 108505,
        "parameters": {
            "hidden_layer_sizes": 8
        },
        "done_at": 1642672536057,
        "split_id": 0
    }
]