{
    "modelInputNRows": 7488,
    "modelInputNCols": 323,
    "modelInputIsSparse": false,
    "modelInputMemory": 19348992,
    "usedGridSearch": true,
    "gridSize": 9,
    "gridBestScore": 0.7076101468624834,
    "gridCells": [
        {
            "params": {
                "hidden_layer_sizes": 15
            },
            "score": 0.6895861148197597,
            "scoreStd": 0.0,
            "fitTime": 517.686,
            "fitTimeStd": 0.0,
            "scoreTime": 0.294,
            "scoreTimeStd": 0.0
        },
        {
            "params": {
                "hidden_layer_sizes": 16
            },
            "score": 0.6895861148197597,
            "scoreStd": 0.0,
            "fitTime": 588.881,
            "fitTimeStd": 0.0,
            "scoreTime": 0.205,
            "scoreTimeStd": 0.0
        },
        {
            "params": {
                "hidden_layer_sizes": 10
            },
            "score": 0.6829105473965287,
            "scoreStd": 0.0,
            "fitTime": 485.885,
            "fitTimeStd": 0.0,
            "scoreTime": 0.5,
            "scoreTimeStd": 0.0
        },
        {
            "params": {
                "hidden_layer_sizes": 12
            },
            "score": 0.6942590120160214,
            "scoreStd": 0.0,
            "fitTime": 500.076,
            "fitTimeStd": 0.0,
            "scoreTime": 0.397,
            "scoreTimeStd": 0.0
        },
        {
            "params": {
                "hidden_layer_sizes": 14
            },
            "score": 0.6935914552736983,
            "scoreStd": 0.0,
            "fitTime": 347.701,
            "fitTimeStd": 0.0,
            "scoreTime": 0.207,
            "scoreTimeStd": 0.0
        },
        {
            "params": {
                "hidden_layer_sizes": 9
            },
            "score": 0.7076101468624834,
            "scoreStd": 0.0,
            "fitTime": 320.606,
            "fitTimeStd": 0.0,
            "scoreTime": 0.402,
            "scoreTimeStd": 0.0
        },
        {
            "params": {
                "hidden_layer_sizes": 11
            },
            "score": 0.7029372496662216,
            "scoreStd": 0.0,
            "fitTime": 319.011,
            "fitTimeStd": 0.0,
            "scoreTime": 0.197,
            "scoreTimeStd": 0.0
        },
        {
            "params": {
                "hidden_layer_sizes": 13
            },
            "score": 0.6975967957276369,
            "scoreStd": 0.0,
            "fitTime": 279.309,
            "fitTimeStd": 0.0,
            "scoreTime": 0.194,
            "scoreTimeStd": 0.0
        },
        {
            "params": {
                "hidden_layer_sizes": 8
            },
            "score": 0.69826435246996,
            "scoreStd": 0.0,
            "fitTime": 108.307,
            "fitTimeStd": 0.0,
            "scoreTime": 0.198,
            "scoreTimeStd": 0.0
        }
    ],
    "probaAware": true
}