{
    "diagnostics": [
        {
            "type": "ML_DIAGNOSTICS_DATASET_SANITY_CHECKS",
            "message": "The train dataset is imbalanced (class 'Detractor' is only represented in 5.42% of rows; a well balanced dataset would contain ~33.33%), metrics can be misleading",
            "step": "Loading train set"
        },
        {
            "type": "ML_DIAGNOSTICS_DATASET_SANITY_CHECKS",
            "message": "The test dataset is imbalanced (class 'Detractor' is only represented in 5.49% of rows; a well balanced dataset would contain ~33.33%), metrics can be misleading",
            "step": "Loading test set"
        }
    ]
}