{
    "metrics": {
        "mrocAUC": 0.5430214778397062,
        "mcalibrationLoss": 0.07988930157195302,
        "precision": 0.3386876281613123,
        "recall": 0.3384418196947511,
        "f1": 0.3164902967438503,
        "accuracy": 0.7026273885350318,
        "hammingLoss": 0.29737261146496813,
        "logLoss": 0.841032086580273
    },
    "processed_feature_names": [
        "nb_articles",
        "dummy:country:FR",
        "dummy:country:GB",
        "dummy:country:IT",
        "dummy:country:ES",
        "dummy:country:DE",
        "dummy:country:N/A",
        "dummy:country:__Others__",
        "dummy:shipping_fees:0",
        "dummy:shipping_fees:5,9",
        "dummy:shipping_fees:4,9",
        "dummy:shipping_fees:10,5",
        "dummy:shipping_fees:6,9",
        "dummy:shipping_fees:4,95",
        "dummy:shipping_fees:2,99",
        "dummy:shipping_fees:4,99",
        "dummy:shipping_fees:3,95",
        "dummy:shipping_fees:5,95",
        "dummy:shipping_fees:9,9",
        "dummy:shipping_fees:6",
        "dummy:shipping_fees:7,9",
        "dummy:shipping_fees:8,9",
        "dummy:shipping_fees:5",
        "dummy:shipping_fees:9,99",
        "dummy:shipping_fees:5,5",
        "dummy:shipping_fees:7",
        "dummy:shipping_fees:9",
        "dummy:shipping_fees:4",
        "dummy:shipping_fees:5,99",
        "dummy:shipping_fees:6,5",
        "dummy:shipping_fees:3,9",
        "dummy:shipping_fees:3,5",
        "dummy:shipping_fees:2,95",
        "dummy:shipping_fees:23,9",
        "dummy:shipping_fees:3,99",
        "dummy:shipping_fees:10",
        "dummy:shipping_fees:7,5",
        "dummy:shipping_fees:8",
        "dummy:shipping_fees:10,9",
        "dummy:shipping_fees:6,99",
        "dummy:shipping_fees:13,99",
        "dummy:shipping_fees:8,5",
        "dummy:shipping_fees:6,95",
        "dummy:shipping_fees:19,9",
        "dummy:shipping_fees:7,99",
        "dummy:shipping_fees:1,99",
        "dummy:shipping_fees:12",
        "dummy:shipping_fees:11",
        "dummy:shipping_fees:8,95",
        "dummy:shipping_fees:4,5",
        "dummy:shipping_fees:10,99",
        "dummy:shipping_fees:8,49",
        "dummy:shipping_fees:13,9",
        "dummy:shipping_fees:5,89",
        "dummy:shipping_fees:4,85",
        "dummy:shipping_fees:21,9",
        "dummy:shipping_fees:15",
        "dummy:shipping_fees:11,9",
        "dummy:shipping_fees:20",
        "dummy:shipping_fees:8,99",
        "dummy:shipping_fees:12,9",
        "dummy:shipping_fees:4,75",
        "dummy:shipping_fees:5,49",
        "dummy:shipping_fees:13,5",
        "dummy:shipping_fees:5,6",
        "dummy:shipping_fees:14,9",
        "dummy:shipping_fees:12,5",
        "dummy:shipping_fees:15,95",
        "dummy:shipping_fees:12,95",
        "dummy:shipping_fees:6,3",
        "dummy:shipping_fees:7,95",
        "dummy:shipping_fees:3,03",
        "dummy:shipping_fees:15,8",
        "dummy:shipping_fees:30",
        "dummy:shipping_fees:9,84",
        "dummy:shipping_fees:4,2",
        "dummy:shipping_fees:7,8",
        "dummy:shipping_fees:6,7",
        "dummy:shipping_fees:24,99",
        "dummy:shipping_fees:19,99",
        "dummy:shipping_fees:14,95",
        "dummy:shipping_fees:5,35",
        "dummy:shipping_fees:6,49",
        "dummy:shipping_fees:7,7",
        "dummy:shipping_fees:25,9",
        "dummy:shipping_fees:5,7",
        "dummy:shipping_fees:18,9",
        "dummy:shipping_fees:49",
        "dummy:shipping_fees:14",
        "dummy:shipping_fees:4,59",
        "dummy:shipping_fees:10,95",
        "dummy:shipping_fees:8,34",
        "dummy:shipping_fees:16,5",
        "dummy:shipping_fees:2,5",
        "dummy:shipping_fees:6,6",
        "dummy:shipping_fees:11,99",
        "dummy:shipping_fees:6,61",
        "dummy:shipping_fees:5,79",
        "dummy:shipping_fees:12,8",
        "dummy:shipping_fees:14,5",
        "dummy:shipping_fees:4,8",
        "dummy:shipping_fees:11,5",
        "dummy:shipping_fees:8,7",
        "dummy:shipping_fees:15,9",
        "dummy:shipping_fees:59",
        "dummy:shipping_fees:2,2",
        "dummy:shipping_fees:9,5",
        "dummy:shipping_fees:6,4",
        "dummy:shipping_fees:3,94",
        "dummy:shipping_fees:N/A",
        "dummy:shipping_fees:__Others__",
        "dummy:browser:Chrome",
        "dummy:browser:Chrome Mobile",
        "dummy:browser:Edge",
        "dummy:browser:Firefox",
        "dummy:browser:Mobile Safari",
        "dummy:browser:Safari",
        "dummy:browser:Samsung Internet",
        "dummy:browser:Google",
        "dummy:browser:Chrome Mobile iOS",
        "dummy:browser:Facebook",
        "dummy:browser:Opera",
        "dummy:browser:Chrome Mobile WebView",
        "dummy:browser:Firefox Mobile",
        "dummy:browser:MiuiBrowser",
        "dummy:browser:Amazon Silk",
        "dummy:browser:Other",
        "dummy:browser:Firefox iOS",
        "dummy:browser:Instagram",
        "dummy:browser:Edge Mobile",
        "dummy:browser:Mobile Safari UI/WKWebView",
        "dummy:browser:Opera Mobile",
        "dummy:browser:Waterfox",
        "dummy:browser:N/A",
        "dummy:browser:__Others__",
        "dummy:csat_presales:FALSE",
        "dummy:csat_presales:good",
        "dummy:csat_presales:neutral",
        "dummy:csat_presales:bad",
        "dummy:csat_presales:N/A",
        "dummy:csat_presales:__Others__",
        "dummy:operating_system:Windows",
        "dummy:operating_system:Android",
        "dummy:operating_system:iOS",
        "dummy:operating_system:Mac OS",
        "dummy:operating_system:Linux",
        "dummy:operating_system:Chrome OS",
        "dummy:operating_system:Other",
        "dummy:operating_system:N/A",
        "dummy:operating_system:__Others__",
        "dummy:day:lundi",
        "dummy:day:dimanche",
        "dummy:day:mardi",
        "dummy:day:mercredi",
        "dummy:day:jeudi",
        "dummy:day:samedi",
        "dummy:day:vendredi",
        "dummy:day:N/A",
        "dummy:day:__Others__",
        "dummy:payment_method:visa",
        "dummy:payment_method:paypal",
        "dummy:payment_method:mastercard",
        "dummy:payment_method:oney3x",
        "dummy:payment_method:transfer",
        "dummy:payment_method:payment-intent",
        "dummy:payment_method:sofort",
        "dummy:payment_method:cb",
        "dummy:payment_method:N/A",
        "dummy:payment_method:__Others__",
        "dummy:first_order:false",
        "dummy:first_order:true",
        "dummy:first_order:N/A",
        "dummy:first_order:__Others__",
        "dummy:has_manodvisor_contact:false",
        "dummy:has_manodvisor_contact:true",
        "dummy:has_manodvisor_contact:N/A",
        "dummy:has_manodvisor_contact:__Others__",
        "dummy:has_presales_contact:false",
        "dummy:has_presales_contact:true",
        "dummy:has_presales_contact:N/A",
        "dummy:has_presales_contact:__Others__",
        "dummy:bv_transaction:59,99",
        "dummy:bv_transaction:39,99",
        "dummy:bv_transaction:89,99",
        "dummy:bv_transaction:49,99",
        "dummy:bv_transaction:79,99",
        "dummy:bv_transaction:39,9",
        "dummy:bv_transaction:69,99",
        "dummy:bv_transaction:29,99",
        "dummy:bv_transaction:19,99",
        "dummy:bv_transaction:24,99",
        "dummy:bv_transaction:99,99",
        "dummy:bv_transaction:119,99",
        "dummy:bv_transaction:34,99",
        "dummy:bv_transaction:44,99",
        "dummy:bv_transaction:27,99",
        "dummy:bv_transaction:14,99",
        "dummy:bv_transaction:54,99",
        "dummy:bv_transaction:89,9",
        "dummy:bv_transaction:23,99",
        "dummy:bv_transaction:139,99",
        "dummy:bv_transaction:42,99",
        "dummy:bv_transaction:64,99",
        "dummy:bv_transaction:31,99",
        "dummy:bv_transaction:17,99",
        "dummy:bv_transaction:49,9",
        "dummy:bv_transaction:21,99",
        "dummy:bv_transaction:55,99",
        "dummy:bv_transaction:37,99",
        "dummy:bv_transaction:43,99",
        "dummy:bv_transaction:199,99",
        "dummy:bv_transaction:28,99",
        "dummy:bv_transaction:109,99",
        "dummy:bv_transaction:18,99",
        "dummy:bv_transaction:46,99",
        "dummy:bv_transaction:149,99",
        "dummy:bv_transaction:22,99",
        "dummy:bv_transaction:75,99",
        "dummy:bv_transaction:36,99",
        "dummy:bv_transaction:30,99",
        "dummy:bv_transaction:34,9",
        "dummy:bv_transaction:35,99",
        "dummy:bv_transaction:16,99",
        "dummy:bv_transaction:33,99",
        "dummy:bv_transaction:25,99",
        "dummy:bv_transaction:15,99",
        "dummy:bv_transaction:69,9",
        "dummy:bv_transaction:45,99",
        "dummy:bv_transaction:99,9",
        "dummy:bv_transaction:74,99",
        "dummy:bv_transaction:129,99",
        "dummy:bv_transaction:29,95",
        "dummy:bv_transaction:29,9",
        "dummy:bv_transaction:67,99",
        "dummy:bv_transaction:103,99",
        "dummy:bv_transaction:59,95",
        "dummy:bv_transaction:86,99",
        "dummy:bv_transaction:179,99",
        "dummy:bv_transaction:159",
        "dummy:bv_transaction:19,8",
        "dummy:bv_transaction:129,9",
        "dummy:bv_transaction:109,9",
        "dummy:bv_transaction:89,95",
        "dummy:bv_transaction:84,99",
        "dummy:bv_transaction:65,99",
        "dummy:bv_transaction:61,99",
        "dummy:bv_transaction:52,99",
        "dummy:bv_transaction:69,95",
        "dummy:bv_transaction:94,9",
        "dummy:bv_transaction:62,99",
        "dummy:bv_transaction:114,99",
        "dummy:bv_transaction:145,99",
        "dummy:bv_transaction:119,9",
        "dummy:bv_transaction:38,99",
        "dummy:bv_transaction:33,9",
        "dummy:bv_transaction:98,99",
        "dummy:bv_transaction:37,95",
        "dummy:bv_transaction:22,95",
        "dummy:bv_transaction:58,99",
        "dummy:bv_transaction:56,99",
        "dummy:bv_transaction:68,99",
        "dummy:bv_transaction:134,99",
        "dummy:bv_transaction:72,99",
        "dummy:bv_transaction:32,9",
        "dummy:bv_transaction:32,99",
        "dummy:bv_transaction:60,99",
        "dummy:bv_transaction:53,99",
        "dummy:bv_transaction:59,9",
        "dummy:bv_transaction:20,99",
        "dummy:bv_transaction:57,99",
        "dummy:bv_transaction:189,99",
        "dummy:bv_transaction:79,9",
        "dummy:bv_transaction:117,99",
        "dummy:bv_transaction:35,98",
        "dummy:bv_transaction:159,99",
        "dummy:bv_transaction:48,99",
        "dummy:bv_transaction:12,99",
        "dummy:bv_transaction:124,99",
        "dummy:bv_transaction:94,99",
        "dummy:bv_transaction:149,9",
        "dummy:bv_transaction:144,9",
        "dummy:bv_transaction:199",
        "dummy:bv_transaction:N/A",
        "dummy:bv_transaction:__Others__",
        "dummy:last_paid_channel:SHOPBOT",
        "dummy:last_paid_channel:DIRECT_ACCESS",
        "dummy:last_paid_channel:SEM",
        "dummy:last_paid_channel:SEO-SEARCH",
        "dummy:last_paid_channel:SEO-BRAND",
        "dummy:last_paid_channel:RETARGETING",
        "dummy:last_paid_channel:EMAIL",
        "dummy:last_paid_channel:AFFILIATION",
        "dummy:last_paid_channel:DISPLAY",
        "dummy:last_paid_channel:VIRAL-BRAND",
        "dummy:last_paid_channel:DISPLAY-BRAND",
        "dummy:last_paid_channel:N/A",
        "dummy:last_paid_channel:__Others__",
        "dummy:is_mf:false",
        "dummy:is_mf:true",
        "dummy:is_mf:N/A",
        "dummy:is_mf:__Others__",
        "dummy:month:ao\u00fbt",
        "dummy:month:N/A",
        "dummy:month:__Others__",
        "dummy:family:Jardin piscine",
        "dummy:family:Outillage",
        "dummy:family:Mobilier d'int\u00e9rieur",
        "dummy:family:Quincaillerie",
        "dummy:family:Salle de bain, WC",
        "dummy:family:Luminaire",
        "dummy:family:Plomberie chauffage",
        "dummy:family:Electricit\u00e9",
        "dummy:family:Animalerie",
        "dummy:family:Rev\u00eatement sol et mur",
        "dummy:family:Cuisine",
        "dummy:family:Construction mat\u00e9riaux",
        "dummy:family:N/A",
        "dummy:family:__Others__",
        "dummy:device:desktop",
        "dummy:device:phone",
        "dummy:device:tablet",
        "dummy:device:N/A",
        "dummy:device:__Others__"
    ],
    "classes": [
        "Promoter",
        "Passive",
        "Detractor"
    ],
    "confusion": {
        "totalRows": 2512,
        "perActual": {
            "Promoter": {
                "actualClassCount": 1843.0,
                "perPredicted": {
                    "Promoter": 1722,
                    "Passive": 104,
                    "Detractor": 17
                }
            },
            "Passive": {
                "actualClassCount": 531.0,
                "perPredicted": {
                    "Promoter": 484,
                    "Passive": 43,
                    "Detractor": 4
                }
            },
            "Detractor": {
                "actualClassCount": 138.0,
                "perPredicted": {
                    "Promoter": 131,
                    "Passive": 7,
                    "Detractor": 0
                }
            }
        }
    },
    "oneVsAllRocAUC": {
        "Promoter": 0.5462275146050137,
        "Passive": 0.5388274293167388,
        "Detractor": 0.5615545218123879
    },
    "oneVsAllRocCurves": {
        "Promoter": [
            {
                "x": 0.0,
                "y": 0.0,
                "p": 1.9996101378467768
            },
            {
                "x": 0.02242152466367713,
                "y": 0.02875746066196419,
                "p": 0.9864154844670039
            },
            {
                "x": 0.04783258594917788,
                "y": 0.05371676614215952,
                "p": 0.9641576927322195
            },
            {
                "x": 0.07324364723467862,
                "y": 0.08193163320672817,
                "p": 0.9474701877358402
            },
            {
                "x": 0.09417040358744394,
                "y": 0.11177428106348346,
                "p": 0.9310921689581649
            },
            {
                "x": 0.1210762331838565,
                "y": 0.13564839934888767,
                "p": 0.9211252136759991
            },
            {
                "x": 0.15097159940209268,
                "y": 0.15897992403689637,
                "p": 0.9084685584058038
            },
            {
                "x": 0.17189835575485798,
                "y": 0.19641888225718937,
                "p": 0.8937207169083894
            },
            {
                "x": 0.19282511210762332,
                "y": 0.22571893651654912,
                "p": 0.8828380259656498
            },
            {
                "x": 0.21524663677130046,
                "y": 0.2539338035811177,
                "p": 0.8690462889110474
            },
            {
                "x": 0.23916292974588937,
                "y": 0.28106348345089527,
                "p": 0.8592454204678476
            },
            {
                "x": 0.2615844544095665,
                "y": 0.3130765056972328,
                "p": 0.8483347422029603
            },
            {
                "x": 0.28699551569506726,
                "y": 0.33966359196961476,
                "p": 0.8392167713910779
            },
            {
                "x": 0.31390134529147984,
                "y": 0.36299511665762346,
                "p": 0.8283862207948265
            },
            {
                "x": 0.3423019431988042,
                "y": 0.39012479652740095,
                "p": 0.8198424255132858
            },
            {
                "x": 0.3602391629297459,
                "y": 0.422680412371134,
                "p": 0.8082910888168574
            },
            {
                "x": 0.375186846038864,
                "y": 0.4584915897992404,
                "p": 0.7976598543717044
            },
            {
                "x": 0.40508221225710017,
                "y": 0.48073792729245796,
                "p": 0.7903666393275213
            },
            {
                "x": 0.42750373692077726,
                "y": 0.5089527943570266,
                "p": 0.7821569552483587
            },
            {
                "x": 0.4499252615844544,
                "y": 0.5377102550189907,
                "p": 0.7705191378594493
            },
            {
                "x": 0.47832585949177875,
                "y": 0.5594139989148128,
                "p": 0.7599303349006823
            },
            {
                "x": 0.5037369207772795,
                "y": 0.588171459576777,
                "p": 0.7503827591934238
            },
            {
                "x": 0.5306427503736921,
                "y": 0.6125881714595768,
                "p": 0.7388521576103443
            },
            {
                "x": 0.554559043348281,
                "y": 0.6413456321215409,
                "p": 0.726931427180991
            },
            {
                "x": 0.5814648729446936,
                "y": 0.6652197504069451,
                "p": 0.7140193191676266
            },
            {
                "x": 0.6113602391629297,
                "y": 0.6885512750949538,
                "p": 0.7014180508115009
            },
            {
                "x": 0.6367713004484304,
                "y": 0.7156809549647314,
                "p": 0.6814578153306667
            },
            {
                "x": 0.6666666666666666,
                "y": 0.7373846988605535,
                "p": 0.6696246498102583
            },
            {
                "x": 0.695067264573991,
                "y": 0.7601736299511666,
                "p": 0.655709809917565
            },
            {
                "x": 0.7234678624813154,
                "y": 0.7818773738469886,
                "p": 0.6373872202978731
            },
            {
                "x": 0.7563527653213752,
                "y": 0.7997829625610418,
                "p": 0.622888015536142
            },
            {
                "x": 0.7847533632286996,
                "y": 0.8241996744438416,
                "p": 0.5978315338115059
            },
            {
                "x": 0.820627802690583,
                "y": 0.8410200759631037,
                "p": 0.5792764661034159
            },
            {
                "x": 0.8445440956651719,
                "y": 0.8686923494302767,
                "p": 0.5521795943731621
            },
            {
                "x": 0.8714499252615845,
                "y": 0.8931090613130765,
                "p": 0.5254972588791526
            },
            {
                "x": 0.898355754857997,
                "y": 0.9213239283776451,
                "p": 0.4855377452526899
            },
            {
                "x": 0.9237668161434978,
                "y": 0.9473684210526315,
                "p": 0.44188216473270747
            },
            {
                "x": 0.9506726457399103,
                "y": 0.9712425393380358,
                "p": 0.361870712948849
            },
            {
                "x": 0.9835575485799701,
                "y": 0.9918610960390667,
                "p": 0.23205490897311204
            },
            {
                "x": 1.0,
                "y": 1.0,
                "p": 0.021914913139057322
            }
        ],
        "Passive": [
            {
                "x": 0.0,
                "y": 0.0,
                "p": 1.9426626015288324
            },
            {
                "x": 0.01867743563856638,
                "y": 0.032015065913371,
                "p": 0.6280782638193141
            },
            {
                "x": 0.035840484603735484,
                "y": 0.06591337099811675,
                "p": 0.5296692358282453
            },
            {
                "x": 0.06007067137809187,
                "y": 0.09227871939736347,
                "p": 0.4575209373602291
            },
            {
                "x": 0.09136799596163554,
                "y": 0.1111111111111111,
                "p": 0.41509302376398266
            },
            {
                "x": 0.11610297829379101,
                "y": 0.1393596986817326,
                "p": 0.383086805509644
            },
            {
                "x": 0.1398283695103483,
                "y": 0.1657250470809793,
                "p": 0.3607649153445737
            },
            {
                "x": 0.16052498738011106,
                "y": 0.1958568738229755,
                "p": 0.34081848890408073
            },
            {
                "x": 0.1872791519434629,
                "y": 0.22033898305084745,
                "p": 0.32300771121336774
            },
            {
                "x": 0.20848056537102475,
                "y": 0.2542372881355932,
                "p": 0.3038875039082126
            },
            {
                "x": 0.2332155477031802,
                "y": 0.2806026365348399,
                "p": 0.2875185366730633
            },
            {
                "x": 0.25037859666834933,
                "y": 0.3145009416195857,
                "p": 0.2741868109480707
            },
            {
                "x": 0.2725896012115093,
                "y": 0.3427495291902072,
                "p": 0.2595288030776233
            },
            {
                "x": 0.29631499242806664,
                "y": 0.3709981167608286,
                "p": 0.24559506130425612
            },
            {
                "x": 0.33619384149419484,
                "y": 0.3860640301318267,
                "p": 0.22980679346922622
            },
            {
                "x": 0.3563856638061585,
                "y": 0.416195856873823,
                "p": 0.22197506987945836
            },
            {
                "x": 0.38414941948510856,
                "y": 0.4406779661016949,
                "p": 0.21117883828890702
            },
            {
                "x": 0.4103987884906613,
                "y": 0.4651600753295669,
                "p": 0.20151980675846168
            },
            {
                "x": 0.4265522463402322,
                "y": 0.5009416195856874,
                "p": 0.1944605342176941
            },
            {
                "x": 0.4563351842503786,
                "y": 0.5216572504708098,
                "p": 0.18374998906555778
            },
            {
                "x": 0.48914689550731955,
                "y": 0.5404896421845574,
                "p": 0.17276539703069452
            },
            {
                "x": 0.5219586067642604,
                "y": 0.5612052730696798,
                "p": 0.16314571511952752
            },
            {
                "x": 0.5391216557294296,
                "y": 0.5988700564971752,
                "p": 0.15631262591985604
            },
            {
                "x": 0.5678950025239778,
                "y": 0.623352165725047,
                "p": 0.14718107014128073
            },
            {
                "x": 0.5961635537607269,
                "y": 0.647834274952919,
                "p": 0.13835904444986416
            },
            {
                "x": 0.6198889449772842,
                "y": 0.6741996233521658,
                "p": 0.13007107027519133
            },
            {
                "x": 0.6501766784452296,
                "y": 0.6949152542372882,
                "p": 0.12012447623667682
            },
            {
                "x": 0.6759212518929834,
                "y": 0.71939736346516,
                "p": 0.10864718058454105
            },
            {
                "x": 0.7026754164563351,
                "y": 0.743879472693032,
                "p": 0.09899802618107392
            },
            {
                "x": 0.7370015143866734,
                "y": 0.7608286252354048,
                "p": 0.08662570135585784
            },
            {
                "x": 0.7587077233720343,
                "y": 0.7909604519774012,
                "p": 0.07692632934495423
            },
            {
                "x": 0.784957092377587,
                "y": 0.8192090395480226,
                "p": 0.06725999170879401
            },
            {
                "x": 0.8132256436143362,
                "y": 0.8418079096045198,
                "p": 0.058587838748347804
            },
            {
                "x": 0.8450277637556789,
                "y": 0.8625235404896422,
                "p": 0.04626329191028503
            },
            {
                "x": 0.8712771327612318,
                "y": 0.8870056497175142,
                "p": 0.03747538174162416
            },
            {
                "x": 0.8960121150933872,
                "y": 0.9152542372881356,
                "p": 0.024159463484920374
            },
            {
                "x": 0.9252902574457345,
                "y": 0.9397363465160076,
                "p": 0.013111058792186664
            },
            {
                "x": 0.9530540131246845,
                "y": 0.9623352165725048,
                "p": 0.0055032090714102885
            },
            {
                "x": 0.9823321554770318,
                "y": 0.9849340866290018,
                "p": 0.0012630361043395038
            },
            {
                "x": 1.0,
                "y": 1.0,
                "p": 4.0990852487056285e-06
            }
        ],
        "Detractor": [
            {
                "x": 0.0,
                "y": 0.0,
                "p": 1.9345432130112648
            },
            {
                "x": 0.02106149957877001,
                "y": 0.028985507246376812,
                "p": 0.25630866433705013
            },
            {
                "x": 0.04591406908171862,
                "y": 0.057971014492753624,
                "p": 0.1914698283664648
            },
            {
                "x": 0.06318449873631002,
                "y": 0.09420289855072464,
                "p": 0.15416161880982612
            },
            {
                "x": 0.08508845829823083,
                "y": 0.12318840579710146,
                "p": 0.13539460996966612
            },
            {
                "x": 0.10783487784330244,
                "y": 0.15217391304347827,
                "p": 0.11473434413236021
            },
            {
                "x": 0.13184498736310024,
                "y": 0.18115942028985507,
                "p": 0.10045686289141631
            },
            {
                "x": 0.15374894692502106,
                "y": 0.21014492753623187,
                "p": 0.09246615716751538
            },
            {
                "x": 0.19165964616680708,
                "y": 0.2318840579710145,
                "p": 0.07945548264723916
            },
            {
                "x": 0.20935130581297387,
                "y": 0.26811594202898553,
                "p": 0.07381549644714447
            },
            {
                "x": 0.2325189553496209,
                "y": 0.2971014492753623,
                "p": 0.06833602968213912
            },
            {
                "x": 0.2540016849199663,
                "y": 0.32608695652173914,
                "p": 0.06438052409163973
            },
            {
                "x": 0.2830665543386689,
                "y": 0.34782608695652173,
                "p": 0.05940948423787878
            },
            {
                "x": 0.3087615838247683,
                "y": 0.37681159420289856,
                "p": 0.05507519861655953
            },
            {
                "x": 0.32982308340353833,
                "y": 0.4057971014492754,
                "p": 0.05219534152969259
            },
            {
                "x": 0.35341196293176075,
                "y": 0.43478260869565216,
                "p": 0.048036421076645484
            },
            {
                "x": 0.36941870261162596,
                "y": 0.4782608695652174,
                "p": 0.045972264056840344
            },
            {
                "x": 0.4077506318449874,
                "y": 0.4927536231884058,
                "p": 0.042037442499174335
            },
            {
                "x": 0.46040438079191237,
                "y": 0.5072463768115942,
                "p": 0.036981181113439975
            },
            {
                "x": 0.4743049705139006,
                "y": 0.5434782608695652,
                "p": 0.03587720896888521
            },
            {
                "x": 0.502106149957877,
                "y": 0.572463768115942,
                "p": 0.03352820069427975
            },
            {
                "x": 0.5172704296545914,
                "y": 0.6159420289855072,
                "p": 0.03184567906646996
            },
            {
                "x": 0.546335299073294,
                "y": 0.6376811594202898,
                "p": 0.02960012511219693
            },
            {
                "x": 0.5623420387531592,
                "y": 0.6739130434782609,
                "p": 0.027773850927004958
            },
            {
                "x": 0.5968828980623421,
                "y": 0.6956521739130435,
                "p": 0.02528885689394325
            },
            {
                "x": 0.6394271272114574,
                "y": 0.717391304347826,
                "p": 0.022131408860867216
            },
            {
                "x": 0.6710193765796124,
                "y": 0.7391304347826086,
                "p": 0.019974093718943712
            },
            {
                "x": 0.6849199663016007,
                "y": 0.7753623188405797,
                "p": 0.019225953437380323
            },
            {
                "x": 0.714827295703454,
                "y": 0.7971014492753623,
                "p": 0.017184661328714348
            },
            {
                "x": 0.7384161752316765,
                "y": 0.8260869565217391,
                "p": 0.015819775440208437
            },
            {
                "x": 0.7674810446503791,
                "y": 0.8478260869565217,
                "p": 0.013706573939351322
            },
            {
                "x": 0.8066554338668913,
                "y": 0.8623188405797102,
                "p": 0.010914445222328888
            },
            {
                "x": 0.8399326032013479,
                "y": 0.8913043478260869,
                "p": 0.008661004084679525
            },
            {
                "x": 0.8748946925021062,
                "y": 0.9130434782608695,
                "p": 0.005987194463699804
            },
            {
                "x": 0.9115417017691659,
                "y": 0.9347826086956522,
                "p": 0.003654304191289584
            },
            {
                "x": 0.9439764111204718,
                "y": 0.9565217391304348,
                "p": 0.0023143258756904263
            },
            {
                "x": 0.972620050547599,
                "y": 0.9782608695652174,
                "p": 0.0013407382802709878
            },
            {
                "x": 1.0,
                "y": 1.0,
                "p": 6.638970257440592e-05
            }
        ]
    },
    "oneVsAllCalibrationCurves": {
        "Promoter": [
            {
                "y": 0,
                "x": 0,
                "n": 0
            },
            {
                "y": 0.7,
                "x": 0.06043097841771602,
                "n": 10.0
            },
            {
                "y": 0.5454545454545454,
                "x": 0.13837968417579707,
                "n": 11.0
            },
            {
                "y": 0.5833333333333334,
                "x": 0.2588378966327608,
                "n": 36.0
            },
            {
                "y": 0.6724137931034483,
                "x": 0.3567849359568016,
                "n": 58.0
            },
            {
                "y": 0.7521367521367521,
                "x": 0.45786719598811354,
                "n": 117.0
            },
            {
                "y": 0.6970954356846473,
                "x": 0.5532581104172489,
                "n": 241.0
            },
            {
                "y": 0.6788732394366197,
                "x": 0.6538283038121393,
                "n": 355.0
            },
            {
                "y": 0.7262103505843072,
                "x": 0.7541870026678341,
                "n": 599.0
            },
            {
                "y": 0.7904468412942989,
                "x": 0.8480275156528353,
                "n": 649.0
            },
            {
                "y": 0.7454128440366973,
                "x": 0.9466670981416043,
                "n": 436.0
            },
            {
                "y": 1,
                "x": 1,
                "n": 0
            }
        ],
        "Passive": [
            {
                "y": 0,
                "x": 0,
                "n": 0
            },
            {
                "y": 0.18792866941015088,
                "x": 0.044238876964975,
                "n": 729.0
            },
            {
                "y": 0.2016925246826516,
                "x": 0.15006543508857673,
                "n": 709.0
            },
            {
                "y": 0.2237354085603113,
                "x": 0.2433009830742918,
                "n": 514.0
            },
            {
                "y": 0.24398625429553264,
                "x": 0.34614431047125915,
                "n": 291.0
            },
            {
                "y": 0.18571428571428572,
                "x": 0.43991014681211404,
                "n": 140.0
            },
            {
                "y": 0.27692307692307694,
                "x": 0.5429446894572372,
                "n": 65.0
            },
            {
                "y": 0.3333333333333333,
                "x": 0.6485135575483536,
                "n": 39.0
            },
            {
                "y": 0.2777777777777778,
                "x": 0.7418822650580249,
                "n": 18.0
            },
            {
                "y": 0.6666666666666666,
                "x": 0.8482292225871019,
                "n": 3.0
            },
            {
                "y": 0.25,
                "x": 0.9309309301844486,
                "n": 4.0
            },
            {
                "y": 1,
                "x": 1,
                "n": 0
            }
        ],
        "Detractor": [
            {
                "y": 0,
                "x": 0,
                "n": 0
            },
            {
                "y": 0.05207373271889401,
                "x": 0.03326160627776628,
                "n": 2170.0
            },
            {
                "y": 0.07563025210084033,
                "x": 0.1372925377721769,
                "n": 238.0
            },
            {
                "y": 0.07575757575757576,
                "x": 0.2386056577216747,
                "n": 66.0
            },
            {
                "y": 0.11764705882352941,
                "x": 0.3491410141553948,
                "n": 17.0
            },
            {
                "y": 0.0,
                "x": 0.4340671340850276,
                "n": 5.0
            },
            {
                "y": 0.0,
                "x": 0.5616084754753766,
                "n": 7.0
            },
            {
                "y": 0.0,
                "x": 0.671057419778564,
                "n": 3.0
            },
            {
                "y": 0.0,
                "x": 0.7217843479433813,
                "n": 2.0
            },
            {
                "y": 0.0,
                "x": 0.9132461907407932,
                "n": 4.0
            },
            {
                "y": 1,
                "x": 1,
                "n": 0
            }
        ]
    },
    "oneVsAllCalibrationLoss": {
        "Promoter": 0.10379053972038285,
        "Passive": 0.10267966207579633,
        "Detractor": 0.0331977029196799
    },
    "densityData": {
        "Promoter": {
            "correct": [
                0.011651244169358992,
                0.016719443667417722,
                0.022624701630691434,
                0.02892398060955552,
                0.03501976677786831,
                0.04028550556291759,
                0.044215155445829095,
                0.046541856698356726,
                0.0472806825279962,
                0.04668360293105046,
                0.04513374319974419,
                0.043030002390452064,
                0.04071100347759796,
                0.03844320254235826,
                0.03646601581360652,
                0.03506166367046654,
                0.03460741535768014,
                0.03557455160628476,
                0.038458871312335566,
                0.043656205550745,
                0.051323960710455495,
                0.061284434445769594,
                0.07301798716862326,
                0.08576344930490794,
                0.09870084144307771,
                0.11115682670726496,
                0.12276304069960722,
                0.13351613353277575,
                0.14372625061889865,
                0.1538802495029359,
                0.16447192827225773,
                0.17585725980451297,
                0.18817989775847185,
                0.2013875558661721,
                0.2153311991187252,
                0.22991405117332456,
                0.24524231114301562,
                0.2617270552928824,
                0.28009660834374595,
                0.3012988885595031,
                0.3263022190931091,
                0.35583751345265086,
                0.39015563223231847,
                0.42888615589651397,
                0.47106399815371386,
                0.5153365708454175,
                0.5602935376599996,
                0.6048040957933889,
                0.6482327768860694,
                0.690446909819978,
                0.7316151984056767,
                0.7718931561848142,
                0.8111534336152336,
                0.848912434257777,
                0.8845223191934438,
                0.9175706274092329,
                0.9483175420436122,
                0.9779618638383996,
                1.0085858055533172,
                1.042761209844082,
                1.0829448149908085,
                1.1308830869835755,
                1.1872498520531602,
                1.2516531931920631,
                1.3230053890478521,
                1.4001039999958786,
                1.482181103644277,
                1.5691851610590997,
                1.6616737221000697,
                1.7603705613776015,
                1.8655917639268296,
                1.9767885479444847,
                2.0923655804735204,
                2.2097708764629744,
                2.3257253667684794,
                2.4364493380724963,
                2.5378435727998854,
                2.6257038049331007,
                2.69608089278475,
                2.7458077088622046,
                2.7730599662971356,
                2.777718652638153,
                2.7613383037058896,
                2.7266854126008,
                2.67700032113171,
                2.6152463281022573,
                2.54358946556272,
                2.463227440508603,
                2.374532121718733,
                2.277362064536477,
                2.171378011021843,
                2.0562469315680145,
                1.931710253191949,
                1.7975756588841074,
                1.6537390075714764,
                1.5003397539480972,
                1.3380964283721222,
                1.1687664081569527,
                0.9955585533692529,
                0.8232596939934036
            ],
            "incorrect": [
                0.021886347339822854,
                0.026033895231729824,
                0.030385000599956174,
                0.03489371939902588,
                0.039538396905966944,
                0.0443202007233353,
                0.0492537119691501,
                0.05435258841399199,
                0.05961579600340718,
                0.06502077375000985,
                0.0705284261649751,
                0.0761010633732878,
                0.08172930637889071,
                0.0874592774465015,
                0.09340904572798811,
                0.09976468439119289,
                0.10675157793420914,
                0.11458446602458146,
                0.12340762781749161,
                0.13324178233212888,
                0.1439546100940224,
                0.15526672660365934,
                0.16679568917039053,
                0.17812983602278412,
                0.18891464777049624,
                0.19892967930909639,
                0.20813551014840354,
                0.21667752304332438,
                0.2248448919276218,
                0.2329958875557019,
                0.24147084944662417,
                0.2505186518164393,
                0.26025934085210306,
                0.2706951909491144,
                0.28176751315066245,
                0.2934417677929823,
                0.3057938911980391,
                0.31906981420948244,
                0.33369856522357705,
                0.35025434164780544,
                0.3693792137646204,
                0.3916898846750884,
                0.41769513890630144,
                0.44774461786862535,
                0.48201725653711164,
                0.5205441998596413,
                0.563251364007443,
                0.6100039923131808,
                0.660639453632506,
                0.7149823543291103,
                0.7728438741097098,
                0.8340118870868555,
                0.8982386698948593,
                0.9652298325448325,
                1.0346340326010641,
                1.1060307653240418,
                1.1789147383924672,
                1.2526798886047095,
                1.326611934015273,
                1.399902241353511,
                1.471694608032658,
                1.541168830830478,
                1.6076519325058807,
                1.6707337573047871,
                1.7303540381760416,
                1.7868280247101787,
                1.8407893454994049,
                1.893049607474278,
                1.9443980888677332,
                1.9953839014999484,
                2.0461306850873586,
                2.0962275730775075,
                2.1447218565411887,
                2.1902142500364272,
                2.231034269019594,
                2.2654573594721117,
                2.2919206233573544,
                2.3092001368178647,
                2.31652654730905,
                2.3136315328260832,
                2.3007305513883143,
                2.278453887450249,
                2.247738357204072,
                2.2096892752550263,
                2.165420868921382,
                2.115886500091414,
                2.0617177466812637,
                2.0030998289182924,
                1.9397143181205958,
                1.8707739779438293,
                1.795158326615166,
                1.711636176501252,
                1.619140165416047,
                1.5170450943700846,
                1.4054004264460782,
                1.2850768157164343,
                1.1578028844792356,
                1.0260866254078527,
                0.8930321402685613,
                0.762075524182769
            ],
            "correctMedian": 0.7857144429926329,
            "incorrectMedian": 0.7533819659641673
        },
        "Passive": {
            "correct": [
                1.3938874738166176,
                1.5789994501081843,
                1.7493941146849454,
                1.9002694307699566,
                2.0291516572303916,
                2.1359265912134298,
                2.2224850562198735,
                2.292087111580363,
                2.348591722201,
                2.3957034595463735,
                2.4363623296181873,
                2.4723590728174645,
                2.5042081202779447,
                2.5312630921738752,
                2.552021862320234,
                2.5645442208664733,
                2.566897221803607,
                2.557550677274823,
                2.5356642181492837,
                2.501232359004825,
                2.4550798835436725,
                2.3987232807760184,
                2.334133370042473,
                2.2634483951018605,
                2.188693429046342,
                2.1115579204764625,
                2.0332672089620485,
                1.9545585269415717,
                1.8757447400021035,
                1.7968293860428008,
                1.7176316254961075,
                1.6378903966117486,
                1.5573371877155375,
                1.4757461306191864,
                1.392979466309866,
                1.3090423665938615,
                1.2241471930465193,
                1.138771883892744,
                1.0536888701997997,
                0.9699442817003127,
                0.8887807791904356,
                0.8115148819858371,
                0.7393934217164381,
                0.6734583278088045,
                0.6144435381063355,
                0.5627161446348509,
                0.5182618682970545,
                0.48070759397865764,
                0.44937261024478214,
                0.4233431866502086,
                0.40156782216998216,
                0.38296917670647324,
                0.3665626200484394,
                0.35156337951133765,
                0.33745944269201444,
                0.3240300258480496,
                0.3113007127787667,
                0.299443352382966,
                0.28864556233458366,
                0.2789849245510507,
                0.27034267278811075,
                0.26238069726971885,
                0.25458756420403056,
                0.24637971011909718,
                0.23722889921912071,
                0.22678062796864298,
                0.2149318842823348,
                0.2018490362945878,
                0.18792377792652964,
                0.1736819017876952,
                0.15967134806706385,
                0.14635931682069656,
                0.1340627206080831,
                0.12292419271589655,
                0.11293154334625521,
                0.10396672785006919,
                0.09586459648478356,
                0.08846306333636832,
                0.08163334055719942,
                0.07528815246877021,
                0.06937361846700475,
                0.06385418399306612,
                0.05869908422532012,
                0.053874861018511536,
                0.049343969145672455,
                0.045066727030286254,
                0.041003659326683074,
                0.03711695856638116,
                0.03337177082866079,
                0.02973884409021888,
                0.026199293525716746,
                0.022750478828878356,
                0.01941049085910899,
                0.01621852888458044,
                0.013229732256836971,
                0.010505168746972843,
                0.008099607576540258,
                0.0060505340069693225,
                0.004371318044095275,
                0.0030499089725584097
            ],
            "incorrect": [
                1.7139398764270684,
                1.9939184785414,
                2.222741906617183,
                2.3936571061614886,
                2.511004731769537,
                2.586280745657806,
                2.6333764267607958,
                2.6649910694780345,
                2.6908813613640175,
                2.717455998525777,
                2.7478961800706463,
                2.78234021476236,
                2.818162194705997,
                2.850585791910454,
                2.8737465409494063,
                2.882026092492112,
                2.871245201268092,
                2.8392731047784054,
                2.785845395891643,
                2.7117942438136833,
                2.6182489632092203,
                2.506395793469197,
                2.3780071450213915,
                2.2363792901414117,
                2.0869541417951436,
                1.937025363200004,
                1.7944662607380946,
                1.6659896515618353,
                1.5556817165133776,
                1.464349335305037,
                1.3897955289351782,
                1.3277844091824456,
                1.2733165126701174,
                1.2218552694688074,
                1.1702176513158944,
                1.1169337688950183,
                1.0620238219953302,
                1.0063350480759155,
                0.9507448669074291,
                0.8955705144586277,
                0.8404051726871961,
                0.7843949619298024,
                0.7267853757994017,
                0.6674742095059043,
                0.6073296729300517,
                0.5481420745730458,
                0.4922256402459624,
                0.44181667401544467,
                0.3984791775457764,
                0.3627113634903149,
                0.3338630321186913,
                0.31036504558888156,
                0.29018062171167075,
                0.2713395034942471,
                0.2524130382119407,
                0.2328178523167498,
                0.21288212098157333,
                0.19366182115498223,
                0.17655206389683098,
                0.16279625218030733,
                0.15303827082317506,
                0.1470660014575228,
                0.1438411141344711,
                0.14180949763810452,
                0.13937811037750855,
                0.13537831818668272,
                0.129346169577516,
                0.12153221129086747,
                0.11266747416080732,
                0.10360479142219944,
                0.09498725894635057,
                0.0870625953154471,
                0.07968741736163582,
                0.07248543410387424,
                0.06506974740210972,
                0.05722933142354996,
                0.04901306113390708,
                0.04070191309039992,
                0.03270947483445918,
                0.0254674145297337,
                0.01933524358367247,
                0.014544962376342601,
                0.011175352828999565,
                0.009153238337990454,
                0.008285872330161233,
                0.008323465869317702,
                0.009032319145811204,
                0.010242537715401534,
                0.011839097060437885,
                0.013696587039478432,
                0.015599504802815613,
                0.01721082966616519,
                0.01813009551197392,
                0.01802622543855439,
                0.016776861493843078,
                0.01453431841694894,
                0.01167889959436496,
                0.008684887697648982,
                0.005968835708692562,
                0.0037880917161160163
            ],
            "correctMedian": 0.1944605342176941,
            "incorrectMedian": 0.16908602246198493
        },
        "Detractor": {
            "correct": [
                5.899019188624038,
                7.5440193393460016,
                8.689559324571256,
                9.118193456204475,
                8.828778764028817,
                7.997791880333066,
                6.874182577825223,
                5.682509617795766,
                4.5758044631608294,
                3.6334379722075107,
                2.88044452045909,
                2.3102222715396956,
                1.9011190131860276,
                1.623260794410745,
                1.4392127350415833,
                1.3065033150479308,
                1.1859987989411727,
                1.0529927186308081,
                0.9049796731017052,
                0.760528550765019,
                0.6466283336773163,
                0.5798211674009245,
                0.554055523314051,
                0.5446857910964066,
                0.5248371791952623,
                0.4814482078161386,
                0.4208434326612902,
                0.36162022780251746,
                0.31974010594191904,
                0.2960018104439268,
                0.2759940639990636,
                0.24297591220019518,
                0.19190443545741823,
                0.13208105457961167,
                0.07810452891610904,
                0.03942596199080389,
                0.016939727992342907,
                0.006187198885637026,
                0.0019199918782276655,
                0.0005060724706552466,
                0.00011328814006503757,
                2.1537311420663953e-05,
                3.47714163607482e-06,
                4.7672810127447806e-07,
                5.55050372139695e-08,
                5.487872319995764e-09,
                4.6076825668547064e-10,
                3.285225058993659e-11,
                1.989064003257245e-12,
                1.0226579632607619e-13,
                4.4648506681165416e-15,
                1.6552940020587232e-16,
                5.211127681649707e-18,
                1.393071093281843e-19,
                3.162251426233141e-21,
                6.095334764951158e-23,
                9.97638560316333e-25,
                1.3864997617288094e-26,
                1.6361897116730446e-28,
                1.6394990007823267e-30,
                1.39491786170942e-32,
                1.0077259147754917e-34,
                6.181428695082829e-37,
                3.2194692805809075e-39,
                1.4237215067338218e-41,
                5.345736127797605e-44,
                1.7042295896709488e-46,
                4.612997595087374e-49,
                1.0601549988916661e-51,
                2.0686309696440582e-54,
                3.427052462913908e-57,
                4.8203565272659424e-60,
                5.756452210884098e-63,
                5.836395219311393e-66,
                5.023949913959039e-69,
                3.671584776743764e-72,
                2.2780663428109134e-75,
                1.1999984470554771e-78,
                5.366529709293328e-82,
                2.0375206823019262e-85,
                6.567548867415432e-89,
                1.79719265233038e-92,
                4.175161655632189e-96,
                8.234489340640735e-100,
                1.3787394739302072e-103,
                1.9597804750021342e-107,
                2.3648843591998132e-111,
                2.422631244333456e-115,
                2.1068681972121756e-119,
                1.5554564798206928e-123,
                9.748699124638757e-128,
                5.1868262966345714e-132,
                2.3427231581384316e-136,
                8.982609630421306e-141,
                2.923778675742521e-145,
                8.078766572983435e-150,
                1.8949705698767162e-154,
                3.7732452096003777e-159,
                6.377949908036885e-164,
                9.151643942938227e-169
            ],
            "incorrect": [
                7.811540981272733,
                10.40007454060835,
                11.520848212253638,
                11.07538542821186,
                9.634600177592333,
                7.865728837862318,
                6.201377659107911,
                4.817907354675121,
                3.735404382065739,
                2.9071290395743565,
                2.272727912908506,
                1.7926658751906266,
                1.4467002339892454,
                1.2021833690030586,
                1.009541419395365,
                0.8361580185502973,
                0.6868550681625345,
                0.5823841989418655,
                0.5249572781633765,
                0.49041218477428017,
                0.44984651763971273,
                0.39422101637686824,
                0.33795329620095466,
                0.2988897167652623,
                0.27531702489649595,
                0.24781033419719953,
                0.20631428556677847,
                0.16351216226083742,
                0.13410935490238352,
                0.11519311888356598,
                0.09586675906900397,
                0.07449781455272016,
                0.058462805381682366,
                0.05365540933008054,
                0.059511152375368345,
                0.0703292677089936,
                0.07817020582578296,
                0.07722340702972477,
                0.06783606781275076,
                0.05582141120970724,
                0.04716653278545431,
                0.04278524477945493,
                0.03872802775664395,
                0.03189870022734005,
                0.02371891780392946,
                0.017445501158008702,
                0.013990423084123352,
                0.011884018357112792,
                0.0105370813084467,
                0.011313994191942449,
                0.01463999132639322,
                0.018049553050255136,
                0.01887312927035887,
                0.0181546892238024,
                0.020000473561748375,
                0.026454606888987434,
                0.034346541750598335,
                0.038172169233648294,
                0.03519982863298723,
                0.027094644721910675,
                0.017827032738179895,
                0.01115350376492085,
                0.009045225956906251,
                0.010870701620227763,
                0.014099533274257697,
                0.016541668626863494,
                0.01793967192737716,
                0.019408375764951153,
                0.021341146203612625,
                0.021992374904575555,
                0.019539250261247757,
                0.01533202491652859,
                0.012398625673602554,
                0.011160794699117568,
                0.009510387277883317,
                0.006480355583945419,
                0.003289159190052977,
                0.0012171661645670935,
                0.00032647593832220076,
                6.337424703134324e-05,
                8.906973641172947e-06,
                1.0535927938477336e-06,
                2.1442384980079048e-06,
                2.0931084294248705e-05,
                0.00015298492771998173,
                0.0008120153788158919,
                0.0031318517005429623,
                0.008792706535170891,
                0.018044350139514685,
                0.02733572975634472,
                0.03124901342882654,
                0.02813884128211137,
                0.021247758419209013,
                0.014105225834631191,
                0.008119639706360702,
                0.003814910744238167,
                0.001381240546664855,
                0.00037237797581906885,
                7.352572487077899e-05,
                1.0555579742600087e-05
            ],
            "correctMedian": 0.04180209250723799,
            "incorrectMedian": 0.03360172744017491
        }
    },
    "globalMetrics": {
        "testWeight": 2512,
        "targetAvg": [
            0.7336783439490446,
            0.21138535031847133,
            0.05493630573248408
        ],
        "targetStd": [
            0.4421224343484121,
            0.40837234543159034,
            0.22790126018133605
        ],
        "predictionAvg": [
            0.7428453894567367,
            0.20152244454814322,
            0.055632165995120046
        ],
        "predictionStd": [
            0.17180381353251575,
            0.15578998563017432,
            0.07844911013719574
        ]
    }
}