{
  "state": "DONE",
  "preSearchDescription": {
    "gridLength": 1,
    "searchStrategy": "RANDOM",
    "importantParams": []
  },
  "postSearchDescription": {
    "importantParams": [
      {
        "name": "layer_sizes",
        "val": "[10]"
      },
      {
        "name": "activation",
        "val": "relu"
      },
      {
        "name": "alpha",
        "val": "0.001"
      },
      {
        "name": "solver",
        "val": "adam"
      }
    ]
  },
  "resumed": false,
  "timeOrderingEnabled": false,
  "sampleWeightsEnabled": false,
  "modelId": "m1",
  "progress": {
    "top_level_todo": [],
    "stack": [],
    "top_level_done": [
      {
        "name": "Loading train set",
        "time": 125
      },
      {
        "name": "Loading test set",
        "time": 54
      },
      {
        "name": "Collecting statistics",
        "time": 71
      },
      {
        "name": "Preprocessing train set",
        "time": 118
      },
      {
        "name": "Preprocessing test set",
        "time": 62
      },
      {
        "name": "Fitting model",
        "time": 1022243
      },
      {
        "name": "Saving model",
        "time": 104
      },
      {
        "name": "Scoring model",
        "time": 349
      }
    ]
  },
  "startTime": 1642671605278,
  "endTime": 1642672629097,
  "preprocessingTime": 432,
  "trainingTime": 1023387,
  "hyperparamsSearchTime": 0
}