{
  "starred": false,
  "clusterMetas": {},
  "customMeta": {
    "kv": {}
  },
  "tags": [],
  "activeClassifierThreshold": 0.0,
  "description": "",
  "name": "Artificial Neural Network (s4)",
  "labels": [
    {
      "key": "trainDataset:dataset-name",
      "value": "main_dataset"
    },
    {
      "key": "testDataset:dataset-name",
      "value": "main_dataset"
    },
    {
      "key": "evaluationDataset:dataset-name",
      "value": "main_dataset"
    },
    {
      "key": "model:algorithm",
      "value": "NEURAL_NETWORK"
    },
    {
      "key": "model:name",
      "value": "Artificial Neural Network (s4)"
    },
    {
      "key": "model:date",
      "value": "2022-01-20T09:57:09.097+0000"
    },
    {
      "key": "evaluation:date",
      "value": "2022-01-20T09:57:09.097+0000"
    }
  ]
}