{
  "discussions": [
    {
      "id": "tMeUKZkS",
      "objectId": "9YDe7i3",
      "objectType": "ANALYSIS",
      "topic": "Bonjour",
      "lastReplyTime": 1642632313178,
      "users": {
        "guillaume.arp@gmail.com": {
          "login": "guillaume.arp@gmail.com",
          "lastReplyTime": 1642632313178,
          "lastReadTime": 1642632313291
        }
      },
      "closedOn": 0,
      "closedBy": "",
      "replies": [
        {
          "id": "IVLJgyxO",
          "text": "Test de discussion",
          "author": "guillaume.arp@gmail.com",
          "time": 1642632313178,
          "editedOn": 0
        }
      ]
    }
  ]
}