__aggregated__	TrivialIdentity	7.6574562072753904	0.9699608618926739	0.09373667935976675	0.09297490403713281	38.798434781369245	2.767210907624388	0.0424829779609923	0.04248297790620686	0.15643075799999906	"{""model_name"": ""TrivialIdentity"", ""frequency"": ""D"", ""prediction_length"": 30, ""use_external_features"": false, ""timeseries_number"": 3, ""timeseries_average_length"": 92, ""model_parameters"": {""activated"": true}}"	2022-01-20T19:07:20.884054Z
__aggregated__	SeasonalNaive	7.04767116970486	0.9154811670249132	0.08303366171558073	0.08084573153839984	36.619247904460586	2.654745029132715	0.04119617570323315	0.04119617499102238	0.14131521999999563	"{""model_name"": ""SeasonalNaive"", ""frequency"": ""D"", ""prediction_length"": 30, ""use_external_features"": false, ""timeseries_number"": 3, ""timeseries_average_length"": 92, ""model_parameters"": {""activated"": true}, ""season_length"": 7}"	2022-01-20T19:07:20.884054Z
__aggregated__	FeedForward	5.97107170952691	0.8559120371532227	0.08347860098367806	0.07700554639246444	11.868970871129724	2.4435776454876383	0.03816454208657065	0.030914026905830186	24.370942814000017	"{""model_name"": ""FeedForward"", ""frequency"": ""D"", ""prediction_length"": 30, ""use_external_features"": false, ""timeseries_number"": 3, ""timeseries_average_length"": 92, ""model_parameters"": {""activated"": true, ""kwargs"": {""num_hidden_dimensions"": ""[40, 40]""}}, ""epoch"": 10, ""batch_size"": 32, ""num_batches_per_epoch"": 50, ""mxnet.context"": ""cpu(0)""}"	2022-01-20T19:07:20.884054Z
% detractor	TrivialIdentity	2.783844757080078	1.0264475420012191	0.2096139814431974	0.20796160506622546	41.05790084427786					"{""model_name"": ""TrivialIdentity"", ""frequency"": ""D"", ""prediction_length"": 30, ""use_external_features"": false, ""timeseries_number"": 3, ""timeseries_average_length"": 92, ""model_parameters"": {""activated"": true}}"	2022-01-20T19:07:20.884054Z
% detractor	SeasonalNaive	1.5179931640625	0.8413144667236323	0.1762442605786298	0.1714653409648447	33.65257950471619					"{""model_name"": ""SeasonalNaive"", ""frequency"": ""D"", ""prediction_length"": 30, ""use_external_features"": false, ""timeseries_number"": 3, ""timeseries_average_length"": 92, ""model_parameters"": {""activated"": true}, ""season_length"": 7}"	2022-01-20T19:07:20.884054Z
% detractor	FeedForward	1.5323481241861978	0.8277822910937245	0.18463940746608426	0.16536318911493667	10.922445883547034					"{""model_name"": ""FeedForward"", ""frequency"": ""D"", ""prediction_length"": 30, ""use_external_features"": false, ""timeseries_number"": 3, ""timeseries_average_length"": 92, ""model_parameters"": {""activated"": true, ""kwargs"": {""num_hidden_dimensions"": ""[40, 40]""}}, ""epoch"": 10, ""batch_size"": 32, ""num_batches_per_epoch"": 50, ""mxnet.context"": ""cpu(0)""}"	2022-01-20T19:07:20.884054Z
% promoter	TrivialIdentity	6.191325378417969	0.9426356635830979	0.028426525737533948	0.028234377778787834	37.70542561250465					"{""model_name"": ""TrivialIdentity"", ""frequency"": ""D"", ""prediction_length"": 30, ""use_external_features"": false, ""timeseries_number"": 3, ""timeseries_average_length"": 92, ""model_parameters"": {""activated"": true}}"	2022-01-20T19:07:20.884054Z
% promoter	SeasonalNaive	7.317958577473958	0.9746620128772198	0.029696381213935637	0.02905535762446344	38.98647865345026					"{""model_name"": ""SeasonalNaive"", ""frequency"": ""D"", ""prediction_length"": 30, ""use_external_features"": false, ""timeseries_number"": 3, ""timeseries_average_length"": 92, ""model_parameters"": {""activated"": true}, ""season_length"": 7}"	2022-01-20T19:07:20.884054Z
% promoter	FeedForward	7.122438049316406	0.8830312338960598	0.026576862268826235	0.026647177748517135	15.123693533792936					"{""model_name"": ""FeedForward"", ""frequency"": ""D"", ""prediction_length"": 30, ""use_external_features"": false, ""timeseries_number"": 3, ""timeseries_average_length"": 92, ""model_parameters"": {""activated"": true, ""kwargs"": {""num_hidden_dimensions"": ""[40, 40]""}}, ""epoch"": 10, ""batch_size"": 32, ""num_batches_per_epoch"": 50, ""mxnet.context"": ""cpu(0)""}"	2022-01-20T19:07:20.884054Z
NPS	TrivialIdentity	13.997198486328125	0.9407993800937048	0.043169530898568856	0.042728729266385095	37.63197788732523					"{""model_name"": ""TrivialIdentity"", ""frequency"": ""D"", ""prediction_length"": 30, ""use_external_features"": false, ""timeseries_number"": 3, ""timeseries_average_length"": 92, ""model_parameters"": {""activated"": true}}"	2022-01-20T19:07:20.884054Z
NPS	SeasonalNaive	12.307061767578125	0.9304670214738876	0.04316034335417674	0.04201649602589139	37.218685555215316					"{""model_name"": ""SeasonalNaive"", ""frequency"": ""D"", ""prediction_length"": 30, ""use_external_features"": false, ""timeseries_number"": 3, ""timeseries_average_length"": 92, ""model_parameters"": {""activated"": true}, ""season_length"": 7}"	2022-01-20T19:07:20.884054Z
NPS	FeedForward	9.258428955078125	0.8569225864698837	0.039219533216123675	0.03900627231393956	9.5607731960492					"{""model_name"": ""FeedForward"", ""frequency"": ""D"", ""prediction_length"": 30, ""use_external_features"": false, ""timeseries_number"": 3, ""timeseries_average_length"": 92, ""model_parameters"": {""activated"": true, ""kwargs"": {""num_hidden_dimensions"": ""[40, 40]""}}, ""epoch"": 10, ""batch_size"": 32, ""num_batches_per_epoch"": 50, ""mxnet.context"": ""cpu(0)""}"	2022-01-20T19:07:20.884054Z
