{
    "resolved": {
        "algorithm": "LIGHTGBM_CLASSIFICATION",
        "skipExpensiveReports": false,
        "lightgbm": {
            "boosting_type": "gbdt",
            "num_leaves": 242,
            "max_depth": -1,
            "learning_rate": 0.29498492534883913,
            "n_estimators": 15,
            "subsample_for_bin": 200000,
            "objective": null,
            "min_split_gain": 0.9150254046173107,
            "min_child_weight": 0.04918686346291431,
            "min_child_samples": 3,
            "subsample": 0.75,
            "subsample_freq": 2,
            "colsample_bytree": 0.6107256674465726,
            "reg_alpha": 0.1430428482327608,
            "reg_lambda": 0.9492866548689445,
            "random_state": 1337,
            "n_jobs": 4,
            "importance_type": "split",
            "early_stopping": false,
            "early_stopping_rounds": null
        }
    },
    "other": {}
}