{
    "startedAt": 1642672789362,
    "gridSize": 24,
    "nThreads": 4,
    "nSplits": 1,
    "metric": "ACCURACY",
    "timeout": null,
    "gridPoints": [
        {
            "finishedAt": 1642672790357,
            "score": 0.40654205607476634,
            "testScoreGibMean": 0.40654205607476634,
            "testScoreMean": 0.40654205607476634,
            "testScoreStd": 0.0,
            "trainScoreMean": 0.41385642737896494,
            "trainScoreStd": 0.0,
            "time": 970,
            "fitTimeMean": 949.0,
            "fitTimeStd": 0.0,
            "scoreTimeMean": 21.0,
            "scoreTimeStd": 0.0,
            "parameters": {
                "boosting_type": "gbdt",
                "colsample_bytree": 0.8949476063032396,
                "learning_rate": 0.10267128035896109,
                "min_child_samples": 92,
                "min_child_weight": 0.41668783563142703,
                "min_split_gain": 0.5842581281103214,
                "n_estimators": 7,
                "num_leaves": 92,
                "reg_alpha": 0.18780840542641564,
                "reg_lambda": 0.2881671478120357,
                "subsample": 0.75,
                "subsample_freq": 2
            }
        },
        {
            "finishedAt": 1642672790446,
            "score": 0.4379172229639519,
            "testScoreGibMean": 0.4379172229639519,
            "testScoreMean": 0.4379172229639519,
            "testScoreStd": 0.0,
            "trainScoreMean": 0.44340567612687815,
            "trainScoreStd": 0.0,
            "time": 1063,
            "fitTimeMean": 1043.0,
            "fitTimeStd": 0.0,
            "scoreTimeMean": 20.0,
            "scoreTimeStd": 0.0,
            "parameters": {
                "boosting_type": "gbdt",
                "colsample_bytree": 0.6352409524202889,
                "learning_rate": 0.25372641427544584,
                "min_child_samples": 28,
                "min_child_weight": 0.3868887935657251,
                "min_split_gain": 0.6285011795397116,
                "n_estimators": 5,
                "num_leaves": 380,
                "reg_alpha": 0.15994863542336868,
                "reg_lambda": 0.8626475467499967,
                "subsample": 0.75,
                "subsample_freq": 2
            }
        },
        {
            "finishedAt": 1642672790735,
            "score": 0.3925233644859813,
            "testScoreGibMean": 0.3925233644859813,
            "testScoreMean": 0.3925233644859813,
            "testScoreStd": 0.0,
            "trainScoreMean": 0.4237061769616027,
            "trainScoreStd": 0.0,
            "time": 1340,
            "fitTimeMean": 1261.0,
            "fitTimeStd": 0.0,
            "scoreTimeMean": 79.0,
            "scoreTimeStd": 0.0,
            "parameters": {
                "boosting_type": "gbdt",
                "colsample_bytree": 0.8351094290801171,
                "learning_rate": 0.34982413068600626,
                "min_child_samples": 77,
                "min_child_weight": 0.1417132394368064,
                "min_split_gain": 0.8201808869778754,
                "n_estimators": 13,
                "num_leaves": 38,
                "reg_alpha": 0.18525094507204487,
                "reg_lambda": 0.9573592236712607,
                "subsample": 0.75,
                "subsample_freq": 2
            }
        },
        {
            "finishedAt": 1642672791246,
            "score": 0.3931909212283044,
            "testScoreGibMean": 0.3931909212283044,
            "testScoreMean": 0.3931909212283044,
            "testScoreStd": 0.0,
            "trainScoreMean": 0.41385642737896494,
            "trainScoreStd": 0.0,
            "time": 823,
            "fitTimeMean": 807.0,
            "fitTimeStd": 0.0,
            "scoreTimeMean": 16.0,
            "scoreTimeStd": 0.0,
            "parameters": {
                "boosting_type": "gbdt",
                "colsample_bytree": 0.7127073325722584,
                "learning_rate": 0.3520035195807186,
                "min_child_samples": 79,
                "min_child_weight": 0.6932944472489927,
                "min_split_gain": 0.8376903141415869,
                "n_estimators": 6,
                "num_leaves": 323,
                "reg_alpha": 0.6650964778876121,
                "reg_lambda": 0.4577125841873495,
                "subsample": 0.75,
                "subsample_freq": 2
            }
        },
        {
            "finishedAt": 1642672791942,
            "score": 0.41388518024032045,
            "testScoreGibMean": 0.41388518024032045,
            "testScoreMean": 0.41388518024032045,
            "testScoreStd": 0.0,
            "trainScoreMean": 0.4310517529215359,
            "trainScoreStd": 0.0,
            "time": 1195,
            "fitTimeMean": 1084.0,
            "fitTimeStd": 0.0,
            "scoreTimeMean": 111.0,
            "scoreTimeStd": 0.0,
            "parameters": {
                "boosting_type": "gbdt",
                "colsample_bytree": 0.8745288544743056,
                "learning_rate": 0.3694725975775619,
                "min_child_samples": 72,
                "min_child_weight": 0.8381132470025997,
                "min_split_gain": 0.7349740509295771,
                "n_estimators": 14,
                "num_leaves": 128,
                "reg_alpha": 0.3037163398343702,
                "reg_lambda": 0.6095260451658263,
                "subsample": 0.75,
                "subsample_freq": 2
            }
        },
        {
            "finishedAt": 1642672792038,
            "score": 0.4432576769025367,
            "testScoreGibMean": 0.4432576769025367,
            "testScoreMean": 0.4432576769025367,
            "testScoreStd": 0.0,
            "trainScoreMean": 0.4896494156928214,
            "trainScoreStd": 0.0,
            "time": 2658,
            "fitTimeMean": 2561.0,
            "fitTimeStd": 0.0,
            "scoreTimeMean": 97.0,
            "scoreTimeStd": 0.0,
            "parameters": {
                "boosting_type": "gbdt",
                "colsample_bytree": 0.6310123375077908,
                "learning_rate": 0.1793419860772328,
                "min_child_samples": 40,
                "min_child_weight": 0.5435375953678605,
                "min_split_gain": 0.033971386559311534,
                "n_estimators": 15,
                "num_leaves": 104,
                "reg_alpha": 0.5921130348886767,
                "reg_lambda": 0.3350268377072012,
                "subsample": 0.75,
                "subsample_freq": 2
            }
        },
        {
            "finishedAt": 1642672792044,
            "score": 0.4098798397863818,
            "testScoreGibMean": 0.4098798397863818,
            "testScoreMean": 0.4098798397863818,
            "testScoreStd": 0.0,
            "trainScoreMean": 0.4358931552587646,
            "trainScoreStd": 0.0,
            "time": 1591,
            "fitTimeMean": 1472.0,
            "fitTimeStd": 0.0,
            "scoreTimeMean": 119.0,
            "scoreTimeStd": 0.0,
            "parameters": {
                "boosting_type": "gbdt",
                "colsample_bytree": 0.7079423866228542,
                "learning_rate": 0.41553488855518195,
                "min_child_samples": 78,
                "min_child_weight": 0.003898129138541196,
                "min_split_gain": 0.3692290622594858,
                "n_estimators": 15,
                "num_leaves": 69,
                "reg_alpha": 0.5260894484164497,
                "reg_lambda": 0.678162693775239,
                "subsample": 0.75,
                "subsample_freq": 2
            }
        },
        {
            "finishedAt": 1642672792431,
            "score": 0.4272363150867824,
            "testScoreGibMean": 0.4272363150867824,
            "testScoreMean": 0.4272363150867824,
            "testScoreStd": 0.0,
            "trainScoreMean": 0.43455759599332217,
            "trainScoreStd": 5.551115123125783e-17,
            "time": 1110,
            "fitTimeMean": 1024.0,
            "fitTimeStd": 0.0,
            "scoreTimeMean": 86.0,
            "scoreTimeStd": 0.0,
            "parameters": {
                "boosting_type": "gbdt",
                "colsample_bytree": 0.6384047529602773,
                "learning_rate": 0.5416881482730863,
                "min_child_samples": 49,
                "min_child_weight": 0.3415950356815954,
                "min_split_gain": 0.7228576179347334,
                "n_estimators": 15,
                "num_leaves": 154,
                "reg_alpha": 0.7599531776449456,
                "reg_lambda": 0.6714027862126307,
                "subsample": 0.75,
                "subsample_freq": 2
            }
        },
        {
            "finishedAt": 1642672792830,
            "score": 0.39118825100133514,
            "testScoreGibMean": 0.39118825100133514,
            "testScoreMean": 0.39118825100133514,
            "testScoreStd": 0.0,
            "trainScoreMean": 0.41402337228714525,
            "trainScoreStd": 0.0,
            "time": 805,
            "fitTimeMean": 724.0,
            "fitTimeStd": 0.0,
            "scoreTimeMean": 81.0,
            "scoreTimeStd": 0.0,
            "parameters": {
                "boosting_type": "gbdt",
                "colsample_bytree": 0.595222762848161,
                "learning_rate": 0.4332323262849085,
                "min_child_samples": 92,
                "min_child_weight": 0.667661596223379,
                "min_split_gain": 0.5547126822961741,
                "n_estimators": 6,
                "num_leaves": 20,
                "reg_alpha": 0.700298420049446,
                "reg_lambda": 0.26545033832019393,
                "subsample": 0.75,
                "subsample_freq": 2
            }
        },
        {
            "finishedAt": 1642672793125,
            "score": 0.40520694259012013,
            "testScoreGibMean": 0.40520694259012013,
            "testScoreMean": 0.40520694259012013,
            "testScoreStd": 0.0,
            "trainScoreMean": 0.42020033388981637,
            "trainScoreStd": 0.0,
            "time": 1085,
            "fitTimeMean": 1006.0,
            "fitTimeStd": 0.0,
            "scoreTimeMean": 79.0,
            "scoreTimeStd": 0.0,
            "parameters": {
                "boosting_type": "gbdt",
                "colsample_bytree": 0.7594793251929153,
                "learning_rate": 0.18873399244085057,
                "min_child_samples": 62,
                "min_child_weight": 0.6723118423049789,
                "min_split_gain": 0.8851871400469946,
                "n_estimators": 6,
                "num_leaves": 266,
                "reg_alpha": 0.4137199873026304,
                "reg_lambda": 0.058114534564487785,
                "subsample": 0.75,
                "subsample_freq": 2
            }
        },
        {
            "finishedAt": 1642672794119,
            "score": 0.43124165554072097,
            "testScoreGibMean": 0.43124165554072097,
            "testScoreMean": 0.43124165554072097,
            "testScoreStd": 0.0,
            "trainScoreMean": 0.4659432387312187,
            "trainScoreStd": 0.0,
            "time": 1994,
            "fitTimeMean": 1898.0,
            "fitTimeStd": 0.0,
            "scoreTimeMean": 96.0,
            "scoreTimeStd": 0.0,
            "parameters": {
                "boosting_type": "gbdt",
                "colsample_bytree": 0.8455800725203906,
                "learning_rate": 0.10610008429606824,
                "min_child_samples": 12,
                "min_child_weight": 0.7131746126577959,
                "min_split_gain": 0.8972476309568498,
                "n_estimators": 13,
                "num_leaves": 37,
                "reg_alpha": 0.903927199330352,
                "reg_lambda": 0.63354860594173,
                "subsample": 0.75,
                "subsample_freq": 2
            }
        },
        {
            "finishedAt": 1642672794643,
            "score": 0.44192256341789055,
            "testScoreGibMean": 0.44192256341789055,
            "testScoreMean": 0.44192256341789055,
            "testScoreStd": 0.0,
            "trainScoreMean": 0.5055091819699499,
            "trainScoreStd": 0.0,
            "time": 1808,
            "fitTimeMean": 1707.0,
            "fitTimeStd": 0.0,
            "scoreTimeMean": 101.0,
            "scoreTimeStd": 0.0,
            "parameters": {
                "boosting_type": "gbdt",
                "colsample_bytree": 0.9954456221711241,
                "learning_rate": 0.497419542541366,
                "min_child_samples": 82,
                "min_child_weight": 0.6839694524022608,
                "min_split_gain": 0.027689715150536642,
                "n_estimators": 13,
                "num_leaves": 165,
                "reg_alpha": 0.7364419961241299,
                "reg_lambda": 0.9342098037151884,
                "subsample": 0.75,
                "subsample_freq": 2
            }
        },
        {
            "finishedAt": 1642672794732,
            "score": 0.4425901201602136,
            "testScoreGibMean": 0.4425901201602136,
            "testScoreMean": 0.4425901201602136,
            "testScoreStd": 0.0,
            "trainScoreMean": 0.47946577629382303,
            "trainScoreStd": 0.0,
            "time": 2292,
            "fitTimeMean": 2182.0,
            "fitTimeStd": 0.0,
            "scoreTimeMean": 110.0,
            "scoreTimeStd": 0.0,
            "parameters": {
                "boosting_type": "gbdt",
                "colsample_bytree": 0.766414731812736,
                "learning_rate": 0.2187553825409436,
                "min_child_samples": 50,
                "min_child_weight": 0.529308423041334,
                "min_split_gain": 0.14754085807019113,
                "n_estimators": 15,
                "num_leaves": 98,
                "reg_alpha": 0.3012482481431866,
                "reg_lambda": 0.37797877486134757,
                "subsample": 0.75,
                "subsample_freq": 2
            }
        },
        {
            "finishedAt": 1642672795058,
            "score": 0.4392523364485981,
            "testScoreGibMean": 0.4392523364485981,
            "testScoreMean": 0.4392523364485981,
            "testScoreStd": 0.0,
            "trainScoreMean": 0.48213689482470784,
            "trainScoreStd": 0.0,
            "time": 1925,
            "fitTimeMean": 1895.0,
            "fitTimeStd": 0.0,
            "scoreTimeMean": 30.0,
            "scoreTimeStd": 0.0,
            "parameters": {
                "boosting_type": "gbdt",
                "colsample_bytree": 0.8068019527173328,
                "learning_rate": 0.3037391154768321,
                "min_child_samples": 8,
                "min_child_weight": 0.013852804301969331,
                "min_split_gain": 0.6303148291660114,
                "n_estimators": 7,
                "num_leaves": 170,
                "reg_alpha": 0.7503401167613029,
                "reg_lambda": 0.22234662888213597,
                "subsample": 0.75,
                "subsample_freq": 2
            }
        },
        {
            "finishedAt": 1642672795541,
            "score": 0.40253671562082777,
            "testScoreGibMean": 0.40253671562082777,
            "testScoreMean": 0.40253671562082777,
            "testScoreStd": 0.0,
            "trainScoreMean": 0.4126878130217028,
            "trainScoreStd": 0.0,
            "time": 893,
            "fitTimeMean": 872.0,
            "fitTimeStd": 0.0,
            "scoreTimeMean": 21.0,
            "scoreTimeStd": 0.0,
            "parameters": {
                "boosting_type": "gbdt",
                "colsample_bytree": 0.8628255511068278,
                "learning_rate": 0.24618027256990874,
                "min_child_samples": 92,
                "min_child_weight": 0.33771037809916954,
                "min_split_gain": 0.8462136572690205,
                "n_estimators": 6,
                "num_leaves": 57,
                "reg_alpha": 0.5813986303244026,
                "reg_lambda": 0.1861074404972819,
                "subsample": 0.75,
                "subsample_freq": 2
            }
        },
        {
            "finishedAt": 1642672796232,
            "score": 0.40186915887850466,
            "testScoreGibMean": 0.40186915887850466,
            "testScoreMean": 0.40186915887850466,
            "testScoreStd": 0.0,
            "trainScoreMean": 0.4262103505843072,
            "trainScoreStd": 0.0,
            "time": 1109,
            "fitTimeMean": 1015.0,
            "fitTimeStd": 0.0,
            "scoreTimeMean": 94.0,
            "scoreTimeStd": 0.0,
            "parameters": {
                "boosting_type": "gbdt",
                "colsample_bytree": 0.9023501603423856,
                "learning_rate": 0.5257371661761103,
                "min_child_samples": 78,
                "min_child_weight": 0.5659025403295507,
                "min_split_gain": 0.7944970919232228,
                "n_estimators": 15,
                "num_leaves": 107,
                "reg_alpha": 0.3538981143103366,
                "reg_lambda": 0.8872988393225,
                "subsample": 0.75,
                "subsample_freq": 2
            }
        },
        {
            "finishedAt": 1642672796420,
            "score": 0.40720961281708945,
            "testScoreGibMean": 0.40720961281708945,
            "testScoreMean": 0.40720961281708945,
            "testScoreStd": 0.0,
            "trainScoreMean": 0.4332220367278798,
            "trainScoreStd": 0.0,
            "time": 873,
            "fitTimeMean": 790.0,
            "fitTimeStd": 0.0,
            "scoreTimeMean": 83.0,
            "scoreTimeStd": 0.0,
            "parameters": {
                "boosting_type": "gbdt",
                "colsample_bytree": 0.8000488718771905,
                "learning_rate": 0.49343686611734205,
                "min_child_samples": 32,
                "min_child_weight": 0.19890140955981764,
                "min_split_gain": 0.8300263664174055,
                "n_estimators": 6,
                "num_leaves": 345,
                "reg_alpha": 0.5943665389420951,
                "reg_lambda": 0.8331808533321858,
                "subsample": 0.75,
                "subsample_freq": 2
            }
        },
        {
            "finishedAt": 1642672796844,
            "score": 0.4539385847797063,
            "testScoreGibMean": 0.4539385847797063,
            "testScoreMean": 0.4539385847797063,
            "testScoreStd": 0.0,
            "trainScoreMean": 0.48480801335559265,
            "trainScoreStd": 0.0,
            "time": 2110,
            "fitTimeMean": 2027.0,
            "fitTimeStd": 0.0,
            "scoreTimeMean": 83.0,
            "scoreTimeStd": 0.0,
            "parameters": {
                "boosting_type": "gbdt",
                "colsample_bytree": 0.5934641024693588,
                "learning_rate": 0.2692768113070123,
                "min_child_samples": 66,
                "min_child_weight": 0.2741295757693996,
                "min_split_gain": 0.06928800089962439,
                "n_estimators": 15,
                "num_leaves": 249,
                "reg_alpha": 0.3467971359200923,
                "reg_lambda": 0.32805428660525804,
                "subsample": 0.75,
                "subsample_freq": 2
            }
        },
        {
            "finishedAt": 1642672797322,
            "score": 0.4652870493991989,
            "testScoreGibMean": 0.4652870493991989,
            "testScoreMean": 0.4652870493991989,
            "testScoreStd": 0.0,
            "trainScoreMean": 0.5400667779632721,
            "trainScoreStd": 0.0,
            "time": 3199,
            "fitTimeMean": 3015.0,
            "fitTimeStd": 0.0,
            "scoreTimeMean": 184.0,
            "scoreTimeStd": 0.0,
            "parameters": {
                "boosting_type": "gbdt",
                "colsample_bytree": 0.6107256674465726,
                "learning_rate": 0.29498492534883913,
                "min_child_samples": 3,
                "min_child_weight": 0.04918686346291431,
                "min_split_gain": 0.9150254046173107,
                "n_estimators": 15,
                "num_leaves": 242,
                "reg_alpha": 0.1430428482327608,
                "reg_lambda": 0.9492866548689445,
                "subsample": 0.75,
                "subsample_freq": 2
            }
        },
        {
            "finishedAt": 1642672797328,
            "score": 0.43057409879839786,
            "testScoreGibMean": 0.43057409879839786,
            "testScoreMean": 0.43057409879839786,
            "testScoreStd": 0.0,
            "trainScoreMean": 0.4392320534223706,
            "trainScoreStd": 0.0,
            "time": 1084,
            "fitTimeMean": 985.0,
            "fitTimeStd": 0.0,
            "scoreTimeMean": 99.0,
            "scoreTimeStd": 0.0,
            "parameters": {
                "boosting_type": "gbdt",
                "colsample_bytree": 0.5467607292345203,
                "learning_rate": 0.44842869126672547,
                "min_child_samples": 61,
                "min_child_weight": 0.5506560072282601,
                "min_split_gain": 0.9057503615740888,
                "n_estimators": 14,
                "num_leaves": 154,
                "reg_alpha": 0.2624024528483213,
                "reg_lambda": 0.7191567925622773,
                "subsample": 0.75,
                "subsample_freq": 2
            }
        },
        {
            "finishedAt": 1642672797725,
            "score": 0.3925233644859813,
            "testScoreGibMean": 0.3925233644859813,
            "testScoreMean": 0.3925233644859813,
            "testScoreStd": 0.0,
            "trainScoreMean": 0.40968280467445745,
            "trainScoreStd": 0.0,
            "time": 879,
            "fitTimeMean": 805.0,
            "fitTimeStd": 0.0,
            "scoreTimeMean": 74.0,
            "scoreTimeStd": 0.0,
            "parameters": {
                "boosting_type": "gbdt",
                "colsample_bytree": 0.7498685529912683,
                "learning_rate": 0.4275360742343617,
                "min_child_samples": 59,
                "min_child_weight": 0.14081677114249147,
                "min_split_gain": 0.5112130608881936,
                "n_estimators": 5,
                "num_leaves": 43,
                "reg_alpha": 0.9082882581540949,
                "reg_lambda": 0.6005236842599005,
                "subsample": 0.75,
                "subsample_freq": 2
            }
        },
        {
            "finishedAt": 1642672797728,
            "score": 0.40053404539385845,
            "testScoreGibMean": 0.40053404539385845,
            "testScoreMean": 0.40053404539385845,
            "testScoreStd": 0.0,
            "trainScoreMean": 0.4315525876460768,
            "trainScoreStd": 0.0,
            "time": 1305,
            "fitTimeMean": 1214.0,
            "fitTimeStd": 0.0,
            "scoreTimeMean": 91.0,
            "scoreTimeStd": 0.0,
            "parameters": {
                "boosting_type": "gbdt",
                "colsample_bytree": 0.7425732453726674,
                "learning_rate": 0.24044241859654217,
                "min_child_samples": 86,
                "min_child_weight": 0.20585343066724607,
                "min_split_gain": 0.6400390792018065,
                "n_estimators": 15,
                "num_leaves": 75,
                "reg_alpha": 0.4425383058157052,
                "reg_lambda": 0.34594567321838143,
                "subsample": 0.75,
                "subsample_freq": 2
            }
        },
        {
            "finishedAt": 1642672797844,
            "score": 0.4045393858477971,
            "testScoreGibMean": 0.4045393858477971,
            "testScoreMean": 0.4045393858477971,
            "testScoreStd": 0.0,
            "trainScoreMean": 0.4123539232053423,
            "trainScoreStd": 5.551115123125783e-17,
            "time": 513,
            "fitTimeMean": 503.0,
            "fitTimeStd": 0.0,
            "scoreTimeMean": 10.0,
            "scoreTimeStd": 0.0,
            "parameters": {
                "boosting_type": "gbdt",
                "colsample_bytree": 0.7365412435615102,
                "learning_rate": 0.44440826194465444,
                "min_child_samples": 93,
                "min_child_weight": 0.7021272306924701,
                "min_split_gain": 0.6291896895232066,
                "n_estimators": 5,
                "num_leaves": 247,
                "reg_alpha": 0.5290150439332159,
                "reg_lambda": 0.7830427916910186,
                "subsample": 0.75,
                "subsample_freq": 2
            }
        },
        {
            "finishedAt": 1642672798130,
            "score": 0.40587449933244324,
            "testScoreGibMean": 0.40587449933244324,
            "testScoreMean": 0.40587449933244324,
            "testScoreStd": 0.0,
            "trainScoreMean": 0.4267111853088481,
            "trainScoreStd": 0.0,
            "time": 790,
            "fitTimeMean": 779.0,
            "fitTimeStd": 0.0,
            "scoreTimeMean": 11.0,
            "scoreTimeStd": 0.0,
            "parameters": {
                "boosting_type": "gbdt",
                "colsample_bytree": 0.851538932851199,
                "learning_rate": 0.19830943469006954,
                "min_child_samples": 69,
                "min_child_weight": 0.29923868146564925,
                "min_split_gain": 0.625852826299868,
                "n_estimators": 14,
                "num_leaves": 236,
                "reg_alpha": 0.7151044553551421,
                "reg_lambda": 0.9599112777543806,
                "subsample": 0.75,
                "subsample_freq": 2
            }
        }
    ]
}