[
    {
        "test_score_gib": 0.40654205607476634,
        "train_score": 0.41385642737896494,
        "test_score": 0.40654205607476634,
        "num_samples": 1498,
        "fit_time": 949,
        "score_time": 21,
        "time": 970,
        "parameters": {
            "boosting_type": "gbdt",
            "colsample_bytree": 0.8949476063032396,
            "learning_rate": 0.10267128035896109,
            "min_child_samples": 92,
            "min_child_weight": 0.41668783563142703,
            "min_split_gain": 0.5842581281103214,
            "n_estimators": 58,
            "num_leaves": 92,
            "reg_alpha": 0.18780840542641564,
            "reg_lambda": 0.2881671478120357,
            "subsample": 0.75,
            "subsample_freq": 2
        },
        "done_at": 1642672790357,
        "split_id": 0,
        "best_iteration_": 6
    },
    {
        "test_score_gib": 0.4379172229639519,
        "train_score": 0.44340567612687815,
        "test_score": 0.4379172229639519,
        "num_samples": 1498,
        "fit_time": 1043,
        "score_time": 20,
        "time": 1063,
        "parameters": {
            "boosting_type": "gbdt",
            "colsample_bytree": 0.6352409524202889,
            "learning_rate": 0.25372641427544584,
            "min_child_samples": 28,
            "min_child_weight": 0.3868887935657251,
            "min_split_gain": 0.6285011795397116,
            "n_estimators": 155,
            "num_leaves": 380,
            "reg_alpha": 0.15994863542336868,
            "reg_lambda": 0.8626475467499967,
            "subsample": 0.75,
            "subsample_freq": 2
        },
        "done_at": 1642672790446,
        "split_id": 0,
        "best_iteration_": 4
    },
    {
        "test_score_gib": 0.3925233644859813,
        "train_score": 0.4237061769616027,
        "test_score": 0.3925233644859813,
        "num_samples": 1498,
        "fit_time": 1261,
        "score_time": 79,
        "time": 1340,
        "parameters": {
            "boosting_type": "gbdt",
            "colsample_bytree": 0.8351094290801171,
            "learning_rate": 0.34982413068600626,
            "min_child_samples": 77,
            "min_child_weight": 0.1417132394368064,
            "min_split_gain": 0.8201808869778754,
            "n_estimators": 70,
            "num_leaves": 38,
            "reg_alpha": 0.18525094507204487,
            "reg_lambda": 0.9573592236712607,
            "subsample": 0.75,
            "subsample_freq": 2
        },
        "done_at": 1642672790735,
        "split_id": 0,
        "best_iteration_": 12
    },
    {
        "test_score_gib": 0.3931909212283044,
        "train_score": 0.41385642737896494,
        "test_score": 0.3931909212283044,
        "num_samples": 1498,
        "fit_time": 807,
        "score_time": 16,
        "time": 823,
        "parameters": {
            "boosting_type": "gbdt",
            "colsample_bytree": 0.7127073325722584,
            "learning_rate": 0.3520035195807186,
            "min_child_samples": 79,
            "min_child_weight": 0.6932944472489927,
            "min_split_gain": 0.8376903141415869,
            "n_estimators": 186,
            "num_leaves": 323,
            "reg_alpha": 0.6650964778876121,
            "reg_lambda": 0.4577125841873495,
            "subsample": 0.75,
            "subsample_freq": 2
        },
        "done_at": 1642672791246,
        "split_id": 0,
        "best_iteration_": 5
    },
    {
        "test_score_gib": 0.41388518024032045,
        "train_score": 0.4310517529215359,
        "test_score": 0.41388518024032045,
        "num_samples": 1498,
        "fit_time": 1084,
        "score_time": 111,
        "time": 1195,
        "parameters": {
            "boosting_type": "gbdt",
            "colsample_bytree": 0.8745288544743056,
            "learning_rate": 0.3694725975775619,
            "min_child_samples": 72,
            "min_child_weight": 0.8381132470025997,
            "min_split_gain": 0.7349740509295771,
            "n_estimators": 88,
            "num_leaves": 128,
            "reg_alpha": 0.3037163398343702,
            "reg_lambda": 0.6095260451658263,
            "subsample": 0.75,
            "subsample_freq": 2
        },
        "done_at": 1642672791942,
        "split_id": 0,
        "best_iteration_": 13
    },
    {
        "test_score_gib": 0.4432576769025367,
        "train_score": 0.4896494156928214,
        "test_score": 0.4432576769025367,
        "num_samples": 1498,
        "fit_time": 2561,
        "score_time": 97,
        "time": 2658,
        "parameters": {
            "boosting_type": "gbdt",
            "colsample_bytree": 0.6310123375077908,
            "learning_rate": 0.1793419860772328,
            "min_child_samples": 40,
            "min_child_weight": 0.5435375953678605,
            "min_split_gain": 0.033971386559311534,
            "n_estimators": 132,
            "num_leaves": 104,
            "reg_alpha": 0.5921130348886767,
            "reg_lambda": 0.3350268377072012,
            "subsample": 0.75,
            "subsample_freq": 2
        },
        "done_at": 1642672792038,
        "split_id": 0,
        "best_iteration_": 14
    },
    {
        "test_score_gib": 0.4098798397863818,
        "train_score": 0.4358931552587646,
        "test_score": 0.4098798397863818,
        "num_samples": 1498,
        "fit_time": 1472,
        "score_time": 119,
        "time": 1591,
        "parameters": {
            "boosting_type": "gbdt",
            "colsample_bytree": 0.7079423866228542,
            "learning_rate": 0.41553488855518195,
            "min_child_samples": 78,
            "min_child_weight": 0.003898129138541196,
            "min_split_gain": 0.3692290622594858,
            "n_estimators": 50,
            "num_leaves": 69,
            "reg_alpha": 0.5260894484164497,
            "reg_lambda": 0.678162693775239,
            "subsample": 0.75,
            "subsample_freq": 2
        },
        "done_at": 1642672792044,
        "split_id": 0,
        "best_iteration_": 14
    },
    {
        "test_score_gib": 0.4272363150867824,
        "train_score": 0.4345575959933222,
        "test_score": 0.4272363150867824,
        "num_samples": 1498,
        "fit_time": 1024,
        "score_time": 86,
        "time": 1110,
        "parameters": {
            "boosting_type": "gbdt",
            "colsample_bytree": 0.6384047529602773,
            "learning_rate": 0.5416881482730863,
            "min_child_samples": 49,
            "min_child_weight": 0.3415950356815954,
            "min_split_gain": 0.7228576179347334,
            "n_estimators": 133,
            "num_leaves": 154,
            "reg_alpha": 0.7599531776449456,
            "reg_lambda": 0.6714027862126307,
            "subsample": 0.75,
            "subsample_freq": 2
        },
        "done_at": 1642672792431,
        "split_id": 0,
        "best_iteration_": 14
    },
    {
        "test_score_gib": 0.39118825100133514,
        "train_score": 0.41402337228714525,
        "test_score": 0.39118825100133514,
        "num_samples": 1498,
        "fit_time": 724,
        "score_time": 81,
        "time": 805,
        "parameters": {
            "boosting_type": "gbdt",
            "colsample_bytree": 0.595222762848161,
            "learning_rate": 0.4332323262849085,
            "min_child_samples": 92,
            "min_child_weight": 0.667661596223379,
            "min_split_gain": 0.5547126822961741,
            "n_estimators": 193,
            "num_leaves": 20,
            "reg_alpha": 0.700298420049446,
            "reg_lambda": 0.26545033832019393,
            "subsample": 0.75,
            "subsample_freq": 2
        },
        "done_at": 1642672792830,
        "split_id": 0,
        "best_iteration_": 5
    },
    {
        "test_score_gib": 0.40520694259012013,
        "train_score": 0.42020033388981637,
        "test_score": 0.40520694259012013,
        "num_samples": 1498,
        "fit_time": 1006,
        "score_time": 79,
        "time": 1085,
        "parameters": {
            "boosting_type": "gbdt",
            "colsample_bytree": 0.7594793251929153,
            "learning_rate": 0.18873399244085057,
            "min_child_samples": 62,
            "min_child_weight": 0.6723118423049789,
            "min_split_gain": 0.8851871400469946,
            "n_estimators": 83,
            "num_leaves": 266,
            "reg_alpha": 0.4137199873026304,
            "reg_lambda": 0.058114534564487785,
            "subsample": 0.75,
            "subsample_freq": 2
        },
        "done_at": 1642672793125,
        "split_id": 0,
        "best_iteration_": 5
    },
    {
        "test_score_gib": 0.43124165554072097,
        "train_score": 0.4659432387312187,
        "test_score": 0.43124165554072097,
        "num_samples": 1498,
        "fit_time": 1898,
        "score_time": 96,
        "time": 1994,
        "parameters": {
            "boosting_type": "gbdt",
            "colsample_bytree": 0.8455800725203906,
            "learning_rate": 0.10610008429606824,
            "min_child_samples": 12,
            "min_child_weight": 0.7131746126577959,
            "min_split_gain": 0.8972476309568498,
            "n_estimators": 198,
            "num_leaves": 37,
            "reg_alpha": 0.903927199330352,
            "reg_lambda": 0.63354860594173,
            "subsample": 0.75,
            "subsample_freq": 2
        },
        "done_at": 1642672794119,
        "split_id": 0,
        "best_iteration_": 12
    },
    {
        "test_score_gib": 0.44192256341789055,
        "train_score": 0.5055091819699499,
        "test_score": 0.44192256341789055,
        "num_samples": 1498,
        "fit_time": 1707,
        "score_time": 101,
        "time": 1808,
        "parameters": {
            "boosting_type": "gbdt",
            "colsample_bytree": 0.9954456221711241,
            "learning_rate": 0.497419542541366,
            "min_child_samples": 82,
            "min_child_weight": 0.6839694524022608,
            "min_split_gain": 0.027689715150536642,
            "n_estimators": 84,
            "num_leaves": 165,
            "reg_alpha": 0.7364419961241299,
            "reg_lambda": 0.9342098037151884,
            "subsample": 0.75,
            "subsample_freq": 2
        },
        "done_at": 1642672794643,
        "split_id": 0,
        "best_iteration_": 12
    },
    {
        "test_score_gib": 0.4425901201602136,
        "train_score": 0.47946577629382303,
        "test_score": 0.4425901201602136,
        "num_samples": 1498,
        "fit_time": 2182,
        "score_time": 110,
        "time": 2292,
        "parameters": {
            "boosting_type": "gbdt",
            "colsample_bytree": 0.766414731812736,
            "learning_rate": 0.2187553825409436,
            "min_child_samples": 50,
            "min_child_weight": 0.529308423041334,
            "min_split_gain": 0.14754085807019113,
            "n_estimators": 62,
            "num_leaves": 98,
            "reg_alpha": 0.3012482481431866,
            "reg_lambda": 0.37797877486134757,
            "subsample": 0.75,
            "subsample_freq": 2
        },
        "done_at": 1642672794732,
        "split_id": 0,
        "best_iteration_": 14
    },
    {
        "test_score_gib": 0.4392523364485981,
        "train_score": 0.48213689482470784,
        "test_score": 0.4392523364485981,
        "num_samples": 1498,
        "fit_time": 1895,
        "score_time": 30,
        "time": 1925,
        "parameters": {
            "boosting_type": "gbdt",
            "colsample_bytree": 0.8068019527173328,
            "learning_rate": 0.3037391154768321,
            "min_child_samples": 8,
            "min_child_weight": 0.013852804301969331,
            "min_split_gain": 0.6303148291660114,
            "n_estimators": 158,
            "num_leaves": 170,
            "reg_alpha": 0.7503401167613029,
            "reg_lambda": 0.22234662888213597,
            "subsample": 0.75,
            "subsample_freq": 2
        },
        "done_at": 1642672795058,
        "split_id": 0,
        "best_iteration_": 6
    },
    {
        "test_score_gib": 0.40253671562082777,
        "train_score": 0.4126878130217028,
        "test_score": 0.40253671562082777,
        "num_samples": 1498,
        "fit_time": 872,
        "score_time": 21,
        "time": 893,
        "parameters": {
            "boosting_type": "gbdt",
            "colsample_bytree": 0.8628255511068278,
            "learning_rate": 0.24618027256990874,
            "min_child_samples": 92,
            "min_child_weight": 0.33771037809916954,
            "min_split_gain": 0.8462136572690205,
            "n_estimators": 181,
            "num_leaves": 57,
            "reg_alpha": 0.5813986303244026,
            "reg_lambda": 0.1861074404972819,
            "subsample": 0.75,
            "subsample_freq": 2
        },
        "done_at": 1642672795541,
        "split_id": 0,
        "best_iteration_": 5
    },
    {
        "test_score_gib": 0.40186915887850466,
        "train_score": 0.4262103505843072,
        "test_score": 0.40186915887850466,
        "num_samples": 1498,
        "fit_time": 1015,
        "score_time": 94,
        "time": 1109,
        "parameters": {
            "boosting_type": "gbdt",
            "colsample_bytree": 0.9023501603423856,
            "learning_rate": 0.5257371661761103,
            "min_child_samples": 78,
            "min_child_weight": 0.5659025403295507,
            "min_split_gain": 0.7944970919232228,
            "n_estimators": 161,
            "num_leaves": 107,
            "reg_alpha": 0.3538981143103366,
            "reg_lambda": 0.8872988393225,
            "subsample": 0.75,
            "subsample_freq": 2
        },
        "done_at": 1642672796232,
        "split_id": 0,
        "best_iteration_": 14
    },
    {
        "test_score_gib": 0.40720961281708945,
        "train_score": 0.4332220367278798,
        "test_score": 0.40720961281708945,
        "num_samples": 1498,
        "fit_time": 790,
        "score_time": 83,
        "time": 873,
        "parameters": {
            "boosting_type": "gbdt",
            "colsample_bytree": 0.8000488718771905,
            "learning_rate": 0.49343686611734205,
            "min_child_samples": 32,
            "min_child_weight": 0.19890140955981764,
            "min_split_gain": 0.8300263664174055,
            "n_estimators": 109,
            "num_leaves": 345,
            "reg_alpha": 0.5943665389420951,
            "reg_lambda": 0.8331808533321858,
            "subsample": 0.75,
            "subsample_freq": 2
        },
        "done_at": 1642672796420,
        "split_id": 0,
        "best_iteration_": 5
    },
    {
        "test_score_gib": 0.4539385847797063,
        "train_score": 0.48480801335559265,
        "test_score": 0.4539385847797063,
        "num_samples": 1498,
        "fit_time": 2027,
        "score_time": 83,
        "time": 2110,
        "parameters": {
            "boosting_type": "gbdt",
            "colsample_bytree": 0.5934641024693588,
            "learning_rate": 0.2692768113070123,
            "min_child_samples": 66,
            "min_child_weight": 0.2741295757693996,
            "min_split_gain": 0.06928800089962439,
            "n_estimators": 77,
            "num_leaves": 249,
            "reg_alpha": 0.3467971359200923,
            "reg_lambda": 0.32805428660525804,
            "subsample": 0.75,
            "subsample_freq": 2
        },
        "done_at": 1642672796844,
        "split_id": 0,
        "best_iteration_": 14
    },
    {
        "test_score_gib": 0.4652870493991989,
        "train_score": 0.5400667779632721,
        "test_score": 0.4652870493991989,
        "num_samples": 1498,
        "fit_time": 3015,
        "score_time": 184,
        "time": 3199,
        "parameters": {
            "boosting_type": "gbdt",
            "colsample_bytree": 0.6107256674465726,
            "learning_rate": 0.29498492534883913,
            "min_child_samples": 3,
            "min_child_weight": 0.04918686346291431,
            "min_split_gain": 0.9150254046173107,
            "n_estimators": 63,
            "num_leaves": 242,
            "reg_alpha": 0.1430428482327608,
            "reg_lambda": 0.9492866548689445,
            "subsample": 0.75,
            "subsample_freq": 2
        },
        "done_at": 1642672797322,
        "split_id": 0,
        "best_iteration_": 14
    },
    {
        "test_score_gib": 0.43057409879839786,
        "train_score": 0.4392320534223706,
        "test_score": 0.43057409879839786,
        "num_samples": 1498,
        "fit_time": 985,
        "score_time": 99,
        "time": 1084,
        "parameters": {
            "boosting_type": "gbdt",
            "colsample_bytree": 0.5467607292345203,
            "learning_rate": 0.44842869126672547,
            "min_child_samples": 61,
            "min_child_weight": 0.5506560072282601,
            "min_split_gain": 0.9057503615740888,
            "n_estimators": 187,
            "num_leaves": 154,
            "reg_alpha": 0.2624024528483213,
            "reg_lambda": 0.7191567925622773,
            "subsample": 0.75,
            "subsample_freq": 2
        },
        "done_at": 1642672797328,
        "split_id": 0,
        "best_iteration_": 13
    },
    {
        "test_score_gib": 0.3925233644859813,
        "train_score": 0.40968280467445745,
        "test_score": 0.3925233644859813,
        "num_samples": 1498,
        "fit_time": 805,
        "score_time": 74,
        "time": 879,
        "parameters": {
            "boosting_type": "gbdt",
            "colsample_bytree": 0.7498685529912683,
            "learning_rate": 0.4275360742343617,
            "min_child_samples": 59,
            "min_child_weight": 0.14081677114249147,
            "min_split_gain": 0.5112130608881936,
            "n_estimators": 64,
            "num_leaves": 43,
            "reg_alpha": 0.9082882581540949,
            "reg_lambda": 0.6005236842599005,
            "subsample": 0.75,
            "subsample_freq": 2
        },
        "done_at": 1642672797725,
        "split_id": 0,
        "best_iteration_": 4
    },
    {
        "test_score_gib": 0.40053404539385845,
        "train_score": 0.4315525876460768,
        "test_score": 0.40053404539385845,
        "num_samples": 1498,
        "fit_time": 1214,
        "score_time": 91,
        "time": 1305,
        "parameters": {
            "boosting_type": "gbdt",
            "colsample_bytree": 0.7425732453726674,
            "learning_rate": 0.24044241859654217,
            "min_child_samples": 86,
            "min_child_weight": 0.20585343066724607,
            "min_split_gain": 0.6400390792018065,
            "n_estimators": 91,
            "num_leaves": 75,
            "reg_alpha": 0.4425383058157052,
            "reg_lambda": 0.34594567321838143,
            "subsample": 0.75,
            "subsample_freq": 2
        },
        "done_at": 1642672797728,
        "split_id": 0,
        "best_iteration_": 14
    },
    {
        "test_score_gib": 0.4045393858477971,
        "train_score": 0.41235392320534225,
        "test_score": 0.4045393858477971,
        "num_samples": 1498,
        "fit_time": 503,
        "score_time": 10,
        "time": 513,
        "parameters": {
            "boosting_type": "gbdt",
            "colsample_bytree": 0.7365412435615102,
            "learning_rate": 0.44440826194465444,
            "min_child_samples": 93,
            "min_child_weight": 0.7021272306924701,
            "min_split_gain": 0.6291896895232066,
            "n_estimators": 107,
            "num_leaves": 247,
            "reg_alpha": 0.5290150439332159,
            "reg_lambda": 0.7830427916910186,
            "subsample": 0.75,
            "subsample_freq": 2
        },
        "done_at": 1642672797844,
        "split_id": 0,
        "best_iteration_": 4
    },
    {
        "test_score_gib": 0.40587449933244324,
        "train_score": 0.4267111853088481,
        "test_score": 0.40587449933244324,
        "num_samples": 1498,
        "fit_time": 779,
        "score_time": 11,
        "time": 790,
        "parameters": {
            "boosting_type": "gbdt",
            "colsample_bytree": 0.851538932851199,
            "learning_rate": 0.19830943469006954,
            "min_child_samples": 69,
            "min_child_weight": 0.29923868146564925,
            "min_split_gain": 0.625852826299868,
            "n_estimators": 55,
            "num_leaves": 236,
            "reg_alpha": 0.7151044553551421,
            "reg_lambda": 0.9599112777543806,
            "subsample": 0.75,
            "subsample_freq": 2
        },
        "done_at": 1642672798130,
        "split_id": 0,
        "best_iteration_": 13
    }
]