{
    "modelInputNRows": 7488,
    "modelInputNCols": 324,
    "modelInputIsSparse": false,
    "modelInputMemory": 19408896,
    "usedGridSearch": true,
    "gridSize": 24,
    "gridBestScore": 0.4652870493991989,
    "gridCells": [
        {
            "params": {
                "boosting_type": "gbdt",
                "colsample_bytree": 0.6310123375077908,
                "learning_rate": 0.1793419860772328,
                "min_child_samples": 40,
                "min_child_weight": 0.5435375953678605,
                "min_split_gain": 0.033971386559311534,
                "n_estimators": 15,
                "num_leaves": 104,
                "reg_alpha": 0.5921130348886767,
                "reg_lambda": 0.3350268377072012,
                "subsample": 0.75,
                "subsample_freq": 2
            },
            "score": 0.4432576769025367,
            "scoreStd": 0.0,
            "fitTime": 2.561,
            "fitTimeStd": 0.0,
            "scoreTime": 0.097,
            "scoreTimeStd": 0.0
        },
        {
            "params": {
                "boosting_type": "gbdt",
                "colsample_bytree": 0.6352409524202889,
                "learning_rate": 0.25372641427544584,
                "min_child_samples": 28,
                "min_child_weight": 0.3868887935657251,
                "min_split_gain": 0.6285011795397116,
                "n_estimators": 5,
                "num_leaves": 380,
                "reg_alpha": 0.15994863542336868,
                "reg_lambda": 0.8626475467499967,
                "subsample": 0.75,
                "subsample_freq": 2
            },
            "score": 0.4379172229639519,
            "scoreStd": 0.0,
            "fitTime": 1.043,
            "fitTimeStd": 0.0,
            "scoreTime": 0.02,
            "scoreTimeStd": 0.0
        },
        {
            "params": {
                "boosting_type": "gbdt",
                "colsample_bytree": 0.8949476063032396,
                "learning_rate": 0.10267128035896109,
                "min_child_samples": 92,
                "min_child_weight": 0.41668783563142703,
                "min_split_gain": 0.5842581281103214,
                "n_estimators": 7,
                "num_leaves": 92,
                "reg_alpha": 0.18780840542641564,
                "reg_lambda": 0.2881671478120357,
                "subsample": 0.75,
                "subsample_freq": 2
            },
            "score": 0.40654205607476634,
            "scoreStd": 0.0,
            "fitTime": 0.949,
            "fitTimeStd": 0.0,
            "scoreTime": 0.021,
            "scoreTimeStd": 0.0
        },
        {
            "params": {
                "boosting_type": "gbdt",
                "colsample_bytree": 0.8351094290801171,
                "learning_rate": 0.34982413068600626,
                "min_child_samples": 77,
                "min_child_weight": 0.1417132394368064,
                "min_split_gain": 0.8201808869778754,
                "n_estimators": 13,
                "num_leaves": 38,
                "reg_alpha": 0.18525094507204487,
                "reg_lambda": 0.9573592236712607,
                "subsample": 0.75,
                "subsample_freq": 2
            },
            "score": 0.3925233644859813,
            "scoreStd": 0.0,
            "fitTime": 1.261,
            "fitTimeStd": 0.0,
            "scoreTime": 0.079,
            "scoreTimeStd": 0.0
        },
        {
            "params": {
                "boosting_type": "gbdt",
                "colsample_bytree": 0.7127073325722584,
                "learning_rate": 0.3520035195807186,
                "min_child_samples": 79,
                "min_child_weight": 0.6932944472489927,
                "min_split_gain": 0.8376903141415869,
                "n_estimators": 6,
                "num_leaves": 323,
                "reg_alpha": 0.6650964778876121,
                "reg_lambda": 0.4577125841873495,
                "subsample": 0.75,
                "subsample_freq": 2
            },
            "score": 0.3931909212283044,
            "scoreStd": 0.0,
            "fitTime": 0.807,
            "fitTimeStd": 0.0,
            "scoreTime": 0.016,
            "scoreTimeStd": 0.0
        },
        {
            "params": {
                "boosting_type": "gbdt",
                "colsample_bytree": 0.7079423866228542,
                "learning_rate": 0.41553488855518195,
                "min_child_samples": 78,
                "min_child_weight": 0.003898129138541196,
                "min_split_gain": 0.3692290622594858,
                "n_estimators": 15,
                "num_leaves": 69,
                "reg_alpha": 0.5260894484164497,
                "reg_lambda": 0.678162693775239,
                "subsample": 0.75,
                "subsample_freq": 2
            },
            "score": 0.4098798397863818,
            "scoreStd": 0.0,
            "fitTime": 1.472,
            "fitTimeStd": 0.0,
            "scoreTime": 0.119,
            "scoreTimeStd": 0.0
        },
        {
            "params": {
                "boosting_type": "gbdt",
                "colsample_bytree": 0.8745288544743056,
                "learning_rate": 0.3694725975775619,
                "min_child_samples": 72,
                "min_child_weight": 0.8381132470025997,
                "min_split_gain": 0.7349740509295771,
                "n_estimators": 14,
                "num_leaves": 128,
                "reg_alpha": 0.3037163398343702,
                "reg_lambda": 0.6095260451658263,
                "subsample": 0.75,
                "subsample_freq": 2
            },
            "score": 0.41388518024032045,
            "scoreStd": 0.0,
            "fitTime": 1.084,
            "fitTimeStd": 0.0,
            "scoreTime": 0.111,
            "scoreTimeStd": 0.0
        },
        {
            "params": {
                "boosting_type": "gbdt",
                "colsample_bytree": 0.6384047529602773,
                "learning_rate": 0.5416881482730863,
                "min_child_samples": 49,
                "min_child_weight": 0.3415950356815954,
                "min_split_gain": 0.7228576179347334,
                "n_estimators": 15,
                "num_leaves": 154,
                "reg_alpha": 0.7599531776449456,
                "reg_lambda": 0.6714027862126307,
                "subsample": 0.75,
                "subsample_freq": 2
            },
            "score": 0.4272363150867824,
            "scoreStd": 0.0,
            "fitTime": 1.024,
            "fitTimeStd": 0.0,
            "scoreTime": 0.086,
            "scoreTimeStd": 0.0
        },
        {
            "params": {
                "boosting_type": "gbdt",
                "colsample_bytree": 0.595222762848161,
                "learning_rate": 0.4332323262849085,
                "min_child_samples": 92,
                "min_child_weight": 0.667661596223379,
                "min_split_gain": 0.5547126822961741,
                "n_estimators": 6,
                "num_leaves": 20,
                "reg_alpha": 0.700298420049446,
                "reg_lambda": 0.26545033832019393,
                "subsample": 0.75,
                "subsample_freq": 2
            },
            "score": 0.39118825100133514,
            "scoreStd": 0.0,
            "fitTime": 0.724,
            "fitTimeStd": 0.0,
            "scoreTime": 0.081,
            "scoreTimeStd": 0.0
        },
        {
            "params": {
                "boosting_type": "gbdt",
                "colsample_bytree": 0.7594793251929153,
                "learning_rate": 0.18873399244085057,
                "min_child_samples": 62,
                "min_child_weight": 0.6723118423049789,
                "min_split_gain": 0.8851871400469946,
                "n_estimators": 6,
                "num_leaves": 266,
                "reg_alpha": 0.4137199873026304,
                "reg_lambda": 0.058114534564487785,
                "subsample": 0.75,
                "subsample_freq": 2
            },
            "score": 0.40520694259012013,
            "scoreStd": 0.0,
            "fitTime": 1.006,
            "fitTimeStd": 0.0,
            "scoreTime": 0.079,
            "scoreTimeStd": 0.0
        },
        {
            "params": {
                "boosting_type": "gbdt",
                "colsample_bytree": 0.8455800725203906,
                "learning_rate": 0.10610008429606824,
                "min_child_samples": 12,
                "min_child_weight": 0.7131746126577959,
                "min_split_gain": 0.8972476309568498,
                "n_estimators": 13,
                "num_leaves": 37,
                "reg_alpha": 0.903927199330352,
                "reg_lambda": 0.63354860594173,
                "subsample": 0.75,
                "subsample_freq": 2
            },
            "score": 0.43124165554072097,
            "scoreStd": 0.0,
            "fitTime": 1.898,
            "fitTimeStd": 0.0,
            "scoreTime": 0.096,
            "scoreTimeStd": 0.0
        },
        {
            "params": {
                "boosting_type": "gbdt",
                "colsample_bytree": 0.766414731812736,
                "learning_rate": 0.2187553825409436,
                "min_child_samples": 50,
                "min_child_weight": 0.529308423041334,
                "min_split_gain": 0.14754085807019113,
                "n_estimators": 15,
                "num_leaves": 98,
                "reg_alpha": 0.3012482481431866,
                "reg_lambda": 0.37797877486134757,
                "subsample": 0.75,
                "subsample_freq": 2
            },
            "score": 0.4425901201602136,
            "scoreStd": 0.0,
            "fitTime": 2.182,
            "fitTimeStd": 0.0,
            "scoreTime": 0.11,
            "scoreTimeStd": 0.0
        },
        {
            "params": {
                "boosting_type": "gbdt",
                "colsample_bytree": 0.9954456221711241,
                "learning_rate": 0.497419542541366,
                "min_child_samples": 82,
                "min_child_weight": 0.6839694524022608,
                "min_split_gain": 0.027689715150536642,
                "n_estimators": 13,
                "num_leaves": 165,
                "reg_alpha": 0.7364419961241299,
                "reg_lambda": 0.9342098037151884,
                "subsample": 0.75,
                "subsample_freq": 2
            },
            "score": 0.44192256341789055,
            "scoreStd": 0.0,
            "fitTime": 1.707,
            "fitTimeStd": 0.0,
            "scoreTime": 0.101,
            "scoreTimeStd": 0.0
        },
        {
            "params": {
                "boosting_type": "gbdt",
                "colsample_bytree": 0.8068019527173328,
                "learning_rate": 0.3037391154768321,
                "min_child_samples": 8,
                "min_child_weight": 0.013852804301969331,
                "min_split_gain": 0.6303148291660114,
                "n_estimators": 7,
                "num_leaves": 170,
                "reg_alpha": 0.7503401167613029,
                "reg_lambda": 0.22234662888213597,
                "subsample": 0.75,
                "subsample_freq": 2
            },
            "score": 0.4392523364485981,
            "scoreStd": 0.0,
            "fitTime": 1.895,
            "fitTimeStd": 0.0,
            "scoreTime": 0.03,
            "scoreTimeStd": 0.0
        },
        {
            "params": {
                "boosting_type": "gbdt",
                "colsample_bytree": 0.6107256674465726,
                "learning_rate": 0.29498492534883913,
                "min_child_samples": 3,
                "min_child_weight": 0.04918686346291431,
                "min_split_gain": 0.9150254046173107,
                "n_estimators": 15,
                "num_leaves": 242,
                "reg_alpha": 0.1430428482327608,
                "reg_lambda": 0.9492866548689445,
                "subsample": 0.75,
                "subsample_freq": 2
            },
            "score": 0.4652870493991989,
            "scoreStd": 0.0,
            "fitTime": 3.015,
            "fitTimeStd": 0.0,
            "scoreTime": 0.184,
            "scoreTimeStd": 0.0
        },
        {
            "params": {
                "boosting_type": "gbdt",
                "colsample_bytree": 0.8628255511068278,
                "learning_rate": 0.24618027256990874,
                "min_child_samples": 92,
                "min_child_weight": 0.33771037809916954,
                "min_split_gain": 0.8462136572690205,
                "n_estimators": 6,
                "num_leaves": 57,
                "reg_alpha": 0.5813986303244026,
                "reg_lambda": 0.1861074404972819,
                "subsample": 0.75,
                "subsample_freq": 2
            },
            "score": 0.40253671562082777,
            "scoreStd": 0.0,
            "fitTime": 0.872,
            "fitTimeStd": 0.0,
            "scoreTime": 0.021,
            "scoreTimeStd": 0.0
        },
        {
            "params": {
                "boosting_type": "gbdt",
                "colsample_bytree": 0.5934641024693588,
                "learning_rate": 0.2692768113070123,
                "min_child_samples": 66,
                "min_child_weight": 0.2741295757693996,
                "min_split_gain": 0.06928800089962439,
                "n_estimators": 15,
                "num_leaves": 249,
                "reg_alpha": 0.3467971359200923,
                "reg_lambda": 0.32805428660525804,
                "subsample": 0.75,
                "subsample_freq": 2
            },
            "score": 0.4539385847797063,
            "scoreStd": 0.0,
            "fitTime": 2.027,
            "fitTimeStd": 0.0,
            "scoreTime": 0.083,
            "scoreTimeStd": 0.0
        },
        {
            "params": {
                "boosting_type": "gbdt",
                "colsample_bytree": 0.9023501603423856,
                "learning_rate": 0.5257371661761103,
                "min_child_samples": 78,
                "min_child_weight": 0.5659025403295507,
                "min_split_gain": 0.7944970919232228,
                "n_estimators": 15,
                "num_leaves": 107,
                "reg_alpha": 0.3538981143103366,
                "reg_lambda": 0.8872988393225,
                "subsample": 0.75,
                "subsample_freq": 2
            },
            "score": 0.40186915887850466,
            "scoreStd": 0.0,
            "fitTime": 1.015,
            "fitTimeStd": 0.0,
            "scoreTime": 0.094,
            "scoreTimeStd": 0.0
        },
        {
            "params": {
                "boosting_type": "gbdt",
                "colsample_bytree": 0.8000488718771905,
                "learning_rate": 0.49343686611734205,
                "min_child_samples": 32,
                "min_child_weight": 0.19890140955981764,
                "min_split_gain": 0.8300263664174055,
                "n_estimators": 6,
                "num_leaves": 345,
                "reg_alpha": 0.5943665389420951,
                "reg_lambda": 0.8331808533321858,
                "subsample": 0.75,
                "subsample_freq": 2
            },
            "score": 0.40720961281708945,
            "scoreStd": 0.0,
            "fitTime": 0.79,
            "fitTimeStd": 0.0,
            "scoreTime": 0.083,
            "scoreTimeStd": 0.0
        },
        {
            "params": {
                "boosting_type": "gbdt",
                "colsample_bytree": 0.5467607292345203,
                "learning_rate": 0.44842869126672547,
                "min_child_samples": 61,
                "min_child_weight": 0.5506560072282601,
                "min_split_gain": 0.9057503615740888,
                "n_estimators": 14,
                "num_leaves": 154,
                "reg_alpha": 0.2624024528483213,
                "reg_lambda": 0.7191567925622773,
                "subsample": 0.75,
                "subsample_freq": 2
            },
            "score": 0.43057409879839786,
            "scoreStd": 0.0,
            "fitTime": 0.985,
            "fitTimeStd": 0.0,
            "scoreTime": 0.099,
            "scoreTimeStd": 0.0
        },
        {
            "params": {
                "boosting_type": "gbdt",
                "colsample_bytree": 0.7425732453726674,
                "learning_rate": 0.24044241859654217,
                "min_child_samples": 86,
                "min_child_weight": 0.20585343066724607,
                "min_split_gain": 0.6400390792018065,
                "n_estimators": 15,
                "num_leaves": 75,
                "reg_alpha": 0.4425383058157052,
                "reg_lambda": 0.34594567321838143,
                "subsample": 0.75,
                "subsample_freq": 2
            },
            "score": 0.40053404539385845,
            "scoreStd": 0.0,
            "fitTime": 1.214,
            "fitTimeStd": 0.0,
            "scoreTime": 0.091,
            "scoreTimeStd": 0.0
        },
        {
            "params": {
                "boosting_type": "gbdt",
                "colsample_bytree": 0.7498685529912683,
                "learning_rate": 0.4275360742343617,
                "min_child_samples": 59,
                "min_child_weight": 0.14081677114249147,
                "min_split_gain": 0.5112130608881936,
                "n_estimators": 5,
                "num_leaves": 43,
                "reg_alpha": 0.9082882581540949,
                "reg_lambda": 0.6005236842599005,
                "subsample": 0.75,
                "subsample_freq": 2
            },
            "score": 0.3925233644859813,
            "scoreStd": 0.0,
            "fitTime": 0.805,
            "fitTimeStd": 0.0,
            "scoreTime": 0.074,
            "scoreTimeStd": 0.0
        },
        {
            "params": {
                "boosting_type": "gbdt",
                "colsample_bytree": 0.7365412435615102,
                "learning_rate": 0.44440826194465444,
                "min_child_samples": 93,
                "min_child_weight": 0.7021272306924701,
                "min_split_gain": 0.6291896895232066,
                "n_estimators": 5,
                "num_leaves": 247,
                "reg_alpha": 0.5290150439332159,
                "reg_lambda": 0.7830427916910186,
                "subsample": 0.75,
                "subsample_freq": 2
            },
            "score": 0.4045393858477971,
            "scoreStd": 0.0,
            "fitTime": 0.503,
            "fitTimeStd": 0.0,
            "scoreTime": 0.01,
            "scoreTimeStd": 0.0
        },
        {
            "params": {
                "boosting_type": "gbdt",
                "colsample_bytree": 0.851538932851199,
                "learning_rate": 0.19830943469006954,
                "min_child_samples": 69,
                "min_child_weight": 0.29923868146564925,
                "min_split_gain": 0.625852826299868,
                "n_estimators": 14,
                "num_leaves": 236,
                "reg_alpha": 0.7151044553551421,
                "reg_lambda": 0.9599112777543806,
                "subsample": 0.75,
                "subsample_freq": 2
            },
            "score": 0.40587449933244324,
            "scoreStd": 0.0,
            "fitTime": 0.779,
            "fitTimeStd": 0.0,
            "scoreTime": 0.011,
            "scoreTimeStd": 0.0
        }
    ],
    "rawImportance": {
        "variables": [
            "nb_articles",
            "position",
            "dummy:country:FR",
            "dummy:country:GB",
            "dummy:country:IT",
            "dummy:country:ES",
            "dummy:country:DE",
            "dummy:shipping_fees:0",
            "dummy:shipping_fees:5,9",
            "dummy:shipping_fees:4,9",
            "dummy:shipping_fees:10,5",
            "dummy:shipping_fees:6,9",
            "dummy:shipping_fees:4,95",
            "dummy:shipping_fees:2,99",
            "dummy:shipping_fees:4,99",
            "dummy:shipping_fees:3,95",
            "dummy:shipping_fees:5,95",
            "dummy:shipping_fees:9,9",
            "dummy:shipping_fees:6",
            "dummy:shipping_fees:7,9",
            "dummy:shipping_fees:8,9",
            "dummy:shipping_fees:5",
            "dummy:shipping_fees:9,99",
            "dummy:shipping_fees:5,5",
            "dummy:shipping_fees:7",
            "dummy:shipping_fees:9",
            "dummy:shipping_fees:4",
            "dummy:shipping_fees:5,99",
            "dummy:shipping_fees:6,5",
            "dummy:shipping_fees:3,9",
            "dummy:shipping_fees:3,5",
            "dummy:shipping_fees:2,95",
            "dummy:shipping_fees:23,9",
            "dummy:shipping_fees:3,99",
            "dummy:shipping_fees:10",
            "dummy:shipping_fees:7,5",
            "dummy:shipping_fees:8",
            "dummy:shipping_fees:6,99",
            "dummy:shipping_fees:13,99",
            "dummy:shipping_fees:8,5",
            "dummy:shipping_fees:19,9",
            "dummy:shipping_fees:7,99",
            "dummy:shipping_fees:1,99",
            "dummy:shipping_fees:12",
            "dummy:shipping_fees:11",
            "dummy:shipping_fees:8,95",
            "dummy:shipping_fees:4,5",
            "dummy:shipping_fees:10,99",
            "dummy:shipping_fees:8,49",
            "dummy:shipping_fees:13,9",
            "dummy:shipping_fees:5,89",
            "dummy:shipping_fees:4,85",
            "dummy:shipping_fees:21,9",
            "dummy:shipping_fees:15",
            "dummy:shipping_fees:11,9",
            "dummy:shipping_fees:20",
            "dummy:shipping_fees:8,99",
            "dummy:shipping_fees:12,9",
            "dummy:shipping_fees:4,75",
            "dummy:shipping_fees:5,49",
            "dummy:shipping_fees:5,6",
            "dummy:shipping_fees:14,9",
            "dummy:shipping_fees:12,5",
            "dummy:shipping_fees:15,95",
            "dummy:shipping_fees:12,95",
            "dummy:shipping_fees:6,3",
            "dummy:shipping_fees:7,95",
            "dummy:shipping_fees:3,03",
            "dummy:shipping_fees:30",
            "dummy:shipping_fees:4,2",
            "dummy:shipping_fees:6,7",
            "dummy:shipping_fees:19,99",
            "dummy:shipping_fees:14,95",
            "dummy:shipping_fees:5,35",
            "dummy:shipping_fees:6,49",
            "dummy:shipping_fees:7,7",
            "dummy:shipping_fees:49",
            "dummy:shipping_fees:14",
            "dummy:shipping_fees:10,95",
            "dummy:shipping_fees:8,34",
            "dummy:shipping_fees:16,5",
            "dummy:shipping_fees:11,99",
            "dummy:shipping_fees:6,61",
            "dummy:shipping_fees:14,5",
            "dummy:shipping_fees:4,8",
            "dummy:shipping_fees:11,5",
            "dummy:shipping_fees:8,7",
            "dummy:shipping_fees:2,2",
            "dummy:shipping_fees:6,4",
            "dummy:shipping_fees:3,94",
            "dummy:shipping_fees:__Others__",
            "dummy:browser:Chrome",
            "dummy:browser:Chrome Mobile",
            "dummy:browser:Edge",
            "dummy:browser:Firefox",
            "dummy:browser:Mobile Safari",
            "dummy:browser:Safari",
            "dummy:browser:Samsung Internet",
            "dummy:browser:Google",
            "dummy:browser:Chrome Mobile iOS",
            "dummy:browser:Facebook",
            "dummy:browser:Opera",
            "dummy:browser:Chrome Mobile WebView",
            "dummy:browser:Firefox Mobile",
            "dummy:browser:Amazon Silk",
            "dummy:browser:Other",
            "dummy:browser:Firefox iOS",
            "dummy:browser:Instagram",
            "dummy:csat_presales:FALSE",
            "dummy:csat_presales:good",
            "dummy:csat_presales:neutral",
            "dummy:operating_system:Windows",
            "dummy:operating_system:Android",
            "dummy:operating_system:iOS",
            "dummy:operating_system:Mac OS",
            "dummy:operating_system:Linux",
            "dummy:operating_system:Chrome OS",
            "dummy:operating_system:Other",
            "dummy:day:lundi",
            "dummy:day:dimanche",
            "dummy:day:mardi",
            "dummy:day:mercredi",
            "dummy:day:jeudi",
            "dummy:day:samedi",
            "dummy:day:vendredi",
            "dummy:payment_method:visa",
            "dummy:payment_method:paypal",
            "dummy:payment_method:mastercard",
            "dummy:payment_method:oney3x",
            "dummy:payment_method:transfer",
            "dummy:payment_method:payment-intent",
            "dummy:payment_method:sofort",
            "dummy:payment_method:cb",
            "dummy:first_order:false",
            "dummy:first_order:true",
            "dummy:has_manodvisor_contact:false",
            "dummy:has_manodvisor_contact:true",
            "dummy:has_presales_contact:false",
            "dummy:has_presales_contact:true",
            "dummy:bv_transaction:59,99",
            "dummy:bv_transaction:39,99",
            "dummy:bv_transaction:89,99",
            "dummy:bv_transaction:49,99",
            "dummy:bv_transaction:79,99",
            "dummy:bv_transaction:39,9",
            "dummy:bv_transaction:69,99",
            "dummy:bv_transaction:29,99",
            "dummy:bv_transaction:24,99",
            "dummy:bv_transaction:99,99",
            "dummy:bv_transaction:119,99",
            "dummy:bv_transaction:34,99",
            "dummy:bv_transaction:44,99",
            "dummy:bv_transaction:27,99",
            "dummy:bv_transaction:14,99",
            "dummy:bv_transaction:54,99",
            "dummy:bv_transaction:23,99",
            "dummy:bv_transaction:139,99",
            "dummy:bv_transaction:42,99",
            "dummy:bv_transaction:64,99",
            "dummy:bv_transaction:31,99",
            "dummy:bv_transaction:17,99",
            "dummy:bv_transaction:49,9",
            "dummy:bv_transaction:21,99",
            "dummy:bv_transaction:55,99",
            "dummy:bv_transaction:37,99",
            "dummy:bv_transaction:43,99",
            "dummy:bv_transaction:199,99",
            "dummy:bv_transaction:28,99",
            "dummy:bv_transaction:109,99",
            "dummy:bv_transaction:46,99",
            "dummy:bv_transaction:149,99",
            "dummy:bv_transaction:36,99",
            "dummy:bv_transaction:30,99",
            "dummy:bv_transaction:34,9",
            "dummy:bv_transaction:16,99",
            "dummy:bv_transaction:33,99",
            "dummy:bv_transaction:25,99",
            "dummy:bv_transaction:15,99",
            "dummy:bv_transaction:69,9",
            "dummy:bv_transaction:45,99",
            "dummy:bv_transaction:99,9",
            "dummy:bv_transaction:74,99",
            "dummy:bv_transaction:129,99",
            "dummy:bv_transaction:29,9",
            "dummy:bv_transaction:86,99",
            "dummy:bv_transaction:179,99",
            "dummy:bv_transaction:159",
            "dummy:bv_transaction:19,8",
            "dummy:bv_transaction:129,9",
            "dummy:bv_transaction:109,9",
            "dummy:bv_transaction:89,95",
            "dummy:bv_transaction:84,99",
            "dummy:bv_transaction:65,99",
            "dummy:bv_transaction:52,99",
            "dummy:bv_transaction:69,95",
            "dummy:bv_transaction:94,9",
            "dummy:bv_transaction:62,99",
            "dummy:bv_transaction:145,99",
            "dummy:bv_transaction:119,9",
            "dummy:bv_transaction:98,99",
            "dummy:bv_transaction:37,95",
            "dummy:bv_transaction:58,99",
            "dummy:bv_transaction:56,99",
            "dummy:bv_transaction:68,99",
            "dummy:bv_transaction:134,99",
            "dummy:bv_transaction:72,99",
            "dummy:bv_transaction:32,9",
            "dummy:bv_transaction:32,99",
            "dummy:bv_transaction:60,99",
            "dummy:bv_transaction:53,99",
            "dummy:bv_transaction:59,9",
            "dummy:bv_transaction:20,99",
            "dummy:bv_transaction:57,99",
            "dummy:bv_transaction:189,99",
            "dummy:bv_transaction:79,9",
            "dummy:bv_transaction:117,99",
            "dummy:bv_transaction:48,99",
            "dummy:bv_transaction:12,99",
            "dummy:bv_transaction:94,99",
            "dummy:bv_transaction:144,9",
            "dummy:bv_transaction:__Others__",
            "dummy:last_paid_channel:SHOPBOT",
            "dummy:last_paid_channel:DIRECT_ACCESS",
            "dummy:last_paid_channel:SEM",
            "dummy:last_paid_channel:SEO-SEARCH",
            "dummy:last_paid_channel:SEO-BRAND",
            "dummy:last_paid_channel:RETARGETING",
            "dummy:last_paid_channel:EMAIL",
            "dummy:last_paid_channel:AFFILIATION",
            "dummy:last_paid_channel:DISPLAY",
            "dummy:last_paid_channel:VIRAL-BRAND",
            "dummy:last_paid_channel:N/A",
            "dummy:is_mf:false",
            "dummy:is_mf:true",
            "dummy:family:Jardin piscine",
            "dummy:family:Outillage",
            "dummy:family:Mobilier d'int\u00e9rieur",
            "dummy:family:Quincaillerie",
            "dummy:family:Salle de bain, WC",
            "dummy:family:Luminaire",
            "dummy:family:Plomberie chauffage",
            "dummy:family:Electricit\u00e9",
            "dummy:family:Animalerie",
            "dummy:family:Rev\u00eatement sol et mur",
            "dummy:family:Cuisine",
            "dummy:family:Construction mat\u00e9riaux",
            "dummy:device:desktop",
            "dummy:device:phone",
            "dummy:device:tablet"
        ],
        "importances": [
            0.0819341840161182,
            0.016118200134318333,
            0.010073875083948958,
            0.008730691739422432,
            0.010745466756212223,
            0.006044325050369375,
            0.014775016789791807,
            0.007387508394895903,
            0.0033579583613163196,
            0.004029550033579583,
            0.009402283411685695,
            0.009402283411685695,
            0.005372733378106112,
            0.004029550033579583,
            0.004029550033579583,
            0.0047011417058428475,
            0.0020147750167897917,
            0.005372733378106112,
            0.006715916722632639,
            0.002686366689053056,
            0.001343183344526528,
            0.001343183344526528,
            0.006044325050369375,
            0.001343183344526528,
            0.000671591672263264,
            0.005372733378106112,
            0.0033579583613163196,
            0.0033579583613163196,
            0.000671591672263264,
            0.001343183344526528,
            0.006044325050369375,
            0.0033579583613163196,
            0.0033579583613163196,
            0.0047011417058428475,
            0.0033579583613163196,
            0.002686366689053056,
            0.010073875083948958,
            0.002686366689053056,
            0.000671591672263264,
            0.0033579583613163196,
            0.002686366689053056,
            0.000671591672263264,
            0.000671591672263264,
            0.001343183344526528,
            0.0020147750167897917,
            0.0033579583613163196,
            0.0020147750167897917,
            0.001343183344526528,
            0.002686366689053056,
            0.012760241773002015,
            0.000671591672263264,
            0.001343183344526528,
            0.002686366689053056,
            0.0020147750167897917,
            0.001343183344526528,
            0.0020147750167897917,
            0.006044325050369375,
            0.0020147750167897917,
            0.000671591672263264,
            0.001343183344526528,
            0.005372733378106112,
            0.002686366689053056,
            0.008059100067159167,
            0.0020147750167897917,
            0.0033579583613163196,
            0.001343183344526528,
            0.002686366689053056,
            0.001343183344526528,
            0.0033579583613163196,
            0.0020147750167897917,
            0.0020147750167897917,
            0.001343183344526528,
            0.002686366689053056,
            0.0047011417058428475,
            0.0047011417058428475,
            0.002686366689053056,
            0.0020147750167897917,
            0.002686366689053056,
            0.002686366689053056,
            0.0020147750167897917,
            0.000671591672263264,
            0.0033579583613163196,
            0.000671591672263264,
            0.000671591672263264,
            0.0020147750167897917,
            0.002686366689053056,
            0.002686366689053056,
            0.000671591672263264,
            0.0047011417058428475,
            0.000671591672263264,
            0.0033579583613163196,
            0.0047011417058428475,
            0.006715916722632639,
            0.002686366689053056,
            0.002686366689053056,
            0.006044325050369375,
            0.000671591672263264,
            0.005372733378106112,
            0.007387508394895903,
            0.000671591672263264,
            0.004029550033579583,
            0.0020147750167897917,
            0.001343183344526528,
            0.005372733378106112,
            0.001343183344526528,
            0.001343183344526528,
            0.0020147750167897917,
            0.0047011417058428475,
            0.000671591672263264,
            0.0033579583613163196,
            0.0033579583613163196,
            0.006044325050369375,
            0.002686366689053056,
            0.004029550033579583,
            0.0033579583613163196,
            0.005372733378106112,
            0.000671591672263264,
            0.0020147750167897917,
            0.005372733378106112,
            0.009402283411685695,
            0.0020147750167897917,
            0.005372733378106112,
            0.007387508394895903,
            0.004029550033579583,
            0.008059100067159167,
            0.01208865010073875,
            0.008730691739422432,
            0.004029550033579583,
            0.008059100067159167,
            0.001343183344526528,
            0.006044325050369375,
            0.000671591672263264,
            0.000671591672263264,
            0.014103425117528543,
            0.002686366689053056,
            0.000671591672263264,
            0.000671591672263264,
            0.01208865010073875,
            0.0047011417058428475,
            0.006044325050369375,
            0.001343183344526528,
            0.002686366689053056,
            0.004029550033579583,
            0.0020147750167897917,
            0.0033579583613163196,
            0.004029550033579583,
            0.001343183344526528,
            0.0020147750167897917,
            0.001343183344526528,
            0.004029550033579583,
            0.002686366689053056,
            0.002686366689053056,
            0.000671591672263264,
            0.002686366689053056,
            0.0020147750167897917,
            0.001343183344526528,
            0.0047011417058428475,
            0.005372733378106112,
            0.002686366689053056,
            0.010745466756212223,
            0.0020147750167897917,
            0.006044325050369375,
            0.000671591672263264,
            0.0020147750167897917,
            0.008730691739422432,
            0.001343183344526528,
            0.000671591672263264,
            0.0033579583613163196,
            0.002686366689053056,
            0.0020147750167897917,
            0.005372733378106112,
            0.000671591672263264,
            0.0033579583613163196,
            0.001343183344526528,
            0.004029550033579583,
            0.009402283411685695,
            0.006044325050369375,
            0.002686366689053056,
            0.002686366689053056,
            0.000671591672263264,
            0.0033579583613163196,
            0.0020147750167897917,
            0.0033579583613163196,
            0.004029550033579583,
            0.002686366689053056,
            0.0047011417058428475,
            0.005372733378106112,
            0.000671591672263264,
            0.002686366689053056,
            0.0020147750167897917,
            0.002686366689053056,
            0.002686366689053056,
            0.0033579583613163196,
            0.000671591672263264,
            0.0020147750167897917,
            0.000671591672263264,
            0.0033579583613163196,
            0.000671591672263264,
            0.0020147750167897917,
            0.001343183344526528,
            0.000671591672263264,
            0.0020147750167897917,
            0.001343183344526528,
            0.001343183344526528,
            0.006044325050369375,
            0.000671591672263264,
            0.005372733378106112,
            0.001343183344526528,
            0.005372733378106112,
            0.002686366689053056,
            0.002686366689053056,
            0.002686366689053056,
            0.0020147750167897917,
            0.000671591672263264,
            0.000671591672263264,
            0.001343183344526528,
            0.001343183344526528,
            0.001343183344526528,
            0.000671591672263264,
            0.002686366689053056,
            0.006715916722632639,
            0.002686366689053056,
            0.0047011417058428475,
            0.006715916722632639,
            0.004029550033579583,
            0.010073875083948958,
            0.001343183344526528,
            0.0033579583613163196,
            0.008730691739422432,
            0.0033579583613163196,
            0.001343183344526528,
            0.004029550033579583,
            0.008730691739422432,
            0.0033579583613163196,
            0.006715916722632639,
            0.0020147750167897917,
            0.010745466756212223,
            0.006044325050369375,
            0.004029550033579583,
            0.0047011417058428475,
            0.006715916722632639,
            0.005372733378106112,
            0.0033579583613163196,
            0.004029550033579583,
            0.0033579583613163196,
            0.005372733378106112,
            0.002686366689053056,
            0.006044325050369375,
            0.010073875083948958
        ]
    },
    "probaAware": true
}