{
    "metrics": {
        "mrocAUC": 0.566189142637795,
        "mcalibrationLoss": 0.241482867272424,
        "precision": 0.366648798011473,
        "recall": 0.3875845850460707,
        "f1": 0.33715810204733226,
        "accuracy": 0.445859872611465,
        "hammingLoss": 0.554140127388535,
        "logLoss": 1.0228949585787332
    },
    "processed_feature_names": [
        "nb_articles",
        "position",
        "dummy:country:FR",
        "dummy:country:GB",
        "dummy:country:IT",
        "dummy:country:ES",
        "dummy:country:DE",
        "dummy:country:N/A",
        "dummy:country:__Others__",
        "dummy:shipping_fees:0",
        "dummy:shipping_fees:5,9",
        "dummy:shipping_fees:4,9",
        "dummy:shipping_fees:10,5",
        "dummy:shipping_fees:6,9",
        "dummy:shipping_fees:4,95",
        "dummy:shipping_fees:2,99",
        "dummy:shipping_fees:4,99",
        "dummy:shipping_fees:3,95",
        "dummy:shipping_fees:5,95",
        "dummy:shipping_fees:9,9",
        "dummy:shipping_fees:6",
        "dummy:shipping_fees:7,9",
        "dummy:shipping_fees:8,9",
        "dummy:shipping_fees:5",
        "dummy:shipping_fees:9,99",
        "dummy:shipping_fees:5,5",
        "dummy:shipping_fees:7",
        "dummy:shipping_fees:9",
        "dummy:shipping_fees:4",
        "dummy:shipping_fees:5,99",
        "dummy:shipping_fees:6,5",
        "dummy:shipping_fees:3,9",
        "dummy:shipping_fees:3,5",
        "dummy:shipping_fees:2,95",
        "dummy:shipping_fees:23,9",
        "dummy:shipping_fees:3,99",
        "dummy:shipping_fees:10",
        "dummy:shipping_fees:7,5",
        "dummy:shipping_fees:8",
        "dummy:shipping_fees:10,9",
        "dummy:shipping_fees:6,99",
        "dummy:shipping_fees:13,99",
        "dummy:shipping_fees:8,5",
        "dummy:shipping_fees:6,95",
        "dummy:shipping_fees:19,9",
        "dummy:shipping_fees:7,99",
        "dummy:shipping_fees:1,99",
        "dummy:shipping_fees:12",
        "dummy:shipping_fees:11",
        "dummy:shipping_fees:8,95",
        "dummy:shipping_fees:4,5",
        "dummy:shipping_fees:10,99",
        "dummy:shipping_fees:8,49",
        "dummy:shipping_fees:13,9",
        "dummy:shipping_fees:5,89",
        "dummy:shipping_fees:4,85",
        "dummy:shipping_fees:21,9",
        "dummy:shipping_fees:15",
        "dummy:shipping_fees:11,9",
        "dummy:shipping_fees:20",
        "dummy:shipping_fees:8,99",
        "dummy:shipping_fees:12,9",
        "dummy:shipping_fees:4,75",
        "dummy:shipping_fees:5,49",
        "dummy:shipping_fees:13,5",
        "dummy:shipping_fees:5,6",
        "dummy:shipping_fees:14,9",
        "dummy:shipping_fees:12,5",
        "dummy:shipping_fees:15,95",
        "dummy:shipping_fees:12,95",
        "dummy:shipping_fees:6,3",
        "dummy:shipping_fees:7,95",
        "dummy:shipping_fees:3,03",
        "dummy:shipping_fees:15,8",
        "dummy:shipping_fees:30",
        "dummy:shipping_fees:9,84",
        "dummy:shipping_fees:4,2",
        "dummy:shipping_fees:7,8",
        "dummy:shipping_fees:6,7",
        "dummy:shipping_fees:24,99",
        "dummy:shipping_fees:19,99",
        "dummy:shipping_fees:14,95",
        "dummy:shipping_fees:5,35",
        "dummy:shipping_fees:6,49",
        "dummy:shipping_fees:7,7",
        "dummy:shipping_fees:25,9",
        "dummy:shipping_fees:5,7",
        "dummy:shipping_fees:18,9",
        "dummy:shipping_fees:49",
        "dummy:shipping_fees:14",
        "dummy:shipping_fees:4,59",
        "dummy:shipping_fees:10,95",
        "dummy:shipping_fees:8,34",
        "dummy:shipping_fees:16,5",
        "dummy:shipping_fees:2,5",
        "dummy:shipping_fees:6,6",
        "dummy:shipping_fees:11,99",
        "dummy:shipping_fees:6,61",
        "dummy:shipping_fees:5,79",
        "dummy:shipping_fees:12,8",
        "dummy:shipping_fees:14,5",
        "dummy:shipping_fees:4,8",
        "dummy:shipping_fees:11,5",
        "dummy:shipping_fees:8,7",
        "dummy:shipping_fees:15,9",
        "dummy:shipping_fees:59",
        "dummy:shipping_fees:2,2",
        "dummy:shipping_fees:9,5",
        "dummy:shipping_fees:6,4",
        "dummy:shipping_fees:3,94",
        "dummy:shipping_fees:N/A",
        "dummy:shipping_fees:__Others__",
        "dummy:browser:Chrome",
        "dummy:browser:Chrome Mobile",
        "dummy:browser:Edge",
        "dummy:browser:Firefox",
        "dummy:browser:Mobile Safari",
        "dummy:browser:Safari",
        "dummy:browser:Samsung Internet",
        "dummy:browser:Google",
        "dummy:browser:Chrome Mobile iOS",
        "dummy:browser:Facebook",
        "dummy:browser:Opera",
        "dummy:browser:Chrome Mobile WebView",
        "dummy:browser:Firefox Mobile",
        "dummy:browser:MiuiBrowser",
        "dummy:browser:Amazon Silk",
        "dummy:browser:Other",
        "dummy:browser:Firefox iOS",
        "dummy:browser:Instagram",
        "dummy:browser:Edge Mobile",
        "dummy:browser:Mobile Safari UI/WKWebView",
        "dummy:browser:Opera Mobile",
        "dummy:browser:Waterfox",
        "dummy:browser:N/A",
        "dummy:browser:__Others__",
        "dummy:csat_presales:FALSE",
        "dummy:csat_presales:good",
        "dummy:csat_presales:neutral",
        "dummy:csat_presales:bad",
        "dummy:csat_presales:N/A",
        "dummy:csat_presales:__Others__",
        "dummy:operating_system:Windows",
        "dummy:operating_system:Android",
        "dummy:operating_system:iOS",
        "dummy:operating_system:Mac OS",
        "dummy:operating_system:Linux",
        "dummy:operating_system:Chrome OS",
        "dummy:operating_system:Other",
        "dummy:operating_system:N/A",
        "dummy:operating_system:__Others__",
        "dummy:day:lundi",
        "dummy:day:dimanche",
        "dummy:day:mardi",
        "dummy:day:mercredi",
        "dummy:day:jeudi",
        "dummy:day:samedi",
        "dummy:day:vendredi",
        "dummy:day:N/A",
        "dummy:day:__Others__",
        "dummy:payment_method:visa",
        "dummy:payment_method:paypal",
        "dummy:payment_method:mastercard",
        "dummy:payment_method:oney3x",
        "dummy:payment_method:transfer",
        "dummy:payment_method:payment-intent",
        "dummy:payment_method:sofort",
        "dummy:payment_method:cb",
        "dummy:payment_method:N/A",
        "dummy:payment_method:__Others__",
        "dummy:first_order:false",
        "dummy:first_order:true",
        "dummy:first_order:N/A",
        "dummy:first_order:__Others__",
        "dummy:has_manodvisor_contact:false",
        "dummy:has_manodvisor_contact:true",
        "dummy:has_manodvisor_contact:N/A",
        "dummy:has_manodvisor_contact:__Others__",
        "dummy:has_presales_contact:false",
        "dummy:has_presales_contact:true",
        "dummy:has_presales_contact:N/A",
        "dummy:has_presales_contact:__Others__",
        "dummy:bv_transaction:59,99",
        "dummy:bv_transaction:39,99",
        "dummy:bv_transaction:89,99",
        "dummy:bv_transaction:49,99",
        "dummy:bv_transaction:79,99",
        "dummy:bv_transaction:39,9",
        "dummy:bv_transaction:69,99",
        "dummy:bv_transaction:29,99",
        "dummy:bv_transaction:19,99",
        "dummy:bv_transaction:24,99",
        "dummy:bv_transaction:99,99",
        "dummy:bv_transaction:119,99",
        "dummy:bv_transaction:34,99",
        "dummy:bv_transaction:44,99",
        "dummy:bv_transaction:27,99",
        "dummy:bv_transaction:14,99",
        "dummy:bv_transaction:54,99",
        "dummy:bv_transaction:89,9",
        "dummy:bv_transaction:23,99",
        "dummy:bv_transaction:139,99",
        "dummy:bv_transaction:42,99",
        "dummy:bv_transaction:64,99",
        "dummy:bv_transaction:31,99",
        "dummy:bv_transaction:17,99",
        "dummy:bv_transaction:49,9",
        "dummy:bv_transaction:21,99",
        "dummy:bv_transaction:55,99",
        "dummy:bv_transaction:37,99",
        "dummy:bv_transaction:43,99",
        "dummy:bv_transaction:199,99",
        "dummy:bv_transaction:28,99",
        "dummy:bv_transaction:109,99",
        "dummy:bv_transaction:18,99",
        "dummy:bv_transaction:46,99",
        "dummy:bv_transaction:149,99",
        "dummy:bv_transaction:22,99",
        "dummy:bv_transaction:75,99",
        "dummy:bv_transaction:36,99",
        "dummy:bv_transaction:30,99",
        "dummy:bv_transaction:34,9",
        "dummy:bv_transaction:35,99",
        "dummy:bv_transaction:16,99",
        "dummy:bv_transaction:33,99",
        "dummy:bv_transaction:25,99",
        "dummy:bv_transaction:15,99",
        "dummy:bv_transaction:69,9",
        "dummy:bv_transaction:45,99",
        "dummy:bv_transaction:99,9",
        "dummy:bv_transaction:74,99",
        "dummy:bv_transaction:129,99",
        "dummy:bv_transaction:29,95",
        "dummy:bv_transaction:29,9",
        "dummy:bv_transaction:67,99",
        "dummy:bv_transaction:103,99",
        "dummy:bv_transaction:59,95",
        "dummy:bv_transaction:86,99",
        "dummy:bv_transaction:179,99",
        "dummy:bv_transaction:159",
        "dummy:bv_transaction:19,8",
        "dummy:bv_transaction:129,9",
        "dummy:bv_transaction:109,9",
        "dummy:bv_transaction:89,95",
        "dummy:bv_transaction:84,99",
        "dummy:bv_transaction:65,99",
        "dummy:bv_transaction:61,99",
        "dummy:bv_transaction:52,99",
        "dummy:bv_transaction:69,95",
        "dummy:bv_transaction:94,9",
        "dummy:bv_transaction:62,99",
        "dummy:bv_transaction:114,99",
        "dummy:bv_transaction:145,99",
        "dummy:bv_transaction:119,9",
        "dummy:bv_transaction:38,99",
        "dummy:bv_transaction:33,9",
        "dummy:bv_transaction:98,99",
        "dummy:bv_transaction:37,95",
        "dummy:bv_transaction:22,95",
        "dummy:bv_transaction:58,99",
        "dummy:bv_transaction:56,99",
        "dummy:bv_transaction:68,99",
        "dummy:bv_transaction:134,99",
        "dummy:bv_transaction:72,99",
        "dummy:bv_transaction:32,9",
        "dummy:bv_transaction:32,99",
        "dummy:bv_transaction:60,99",
        "dummy:bv_transaction:53,99",
        "dummy:bv_transaction:59,9",
        "dummy:bv_transaction:20,99",
        "dummy:bv_transaction:57,99",
        "dummy:bv_transaction:189,99",
        "dummy:bv_transaction:79,9",
        "dummy:bv_transaction:117,99",
        "dummy:bv_transaction:35,98",
        "dummy:bv_transaction:159,99",
        "dummy:bv_transaction:48,99",
        "dummy:bv_transaction:12,99",
        "dummy:bv_transaction:124,99",
        "dummy:bv_transaction:94,99",
        "dummy:bv_transaction:149,9",
        "dummy:bv_transaction:144,9",
        "dummy:bv_transaction:199",
        "dummy:bv_transaction:N/A",
        "dummy:bv_transaction:__Others__",
        "dummy:last_paid_channel:SHOPBOT",
        "dummy:last_paid_channel:DIRECT_ACCESS",
        "dummy:last_paid_channel:SEM",
        "dummy:last_paid_channel:SEO-SEARCH",
        "dummy:last_paid_channel:SEO-BRAND",
        "dummy:last_paid_channel:RETARGETING",
        "dummy:last_paid_channel:EMAIL",
        "dummy:last_paid_channel:AFFILIATION",
        "dummy:last_paid_channel:DISPLAY",
        "dummy:last_paid_channel:VIRAL-BRAND",
        "dummy:last_paid_channel:DISPLAY-BRAND",
        "dummy:last_paid_channel:N/A",
        "dummy:last_paid_channel:__Others__",
        "dummy:is_mf:false",
        "dummy:is_mf:true",
        "dummy:is_mf:N/A",
        "dummy:is_mf:__Others__",
        "dummy:month:ao\u00fbt",
        "dummy:month:N/A",
        "dummy:month:__Others__",
        "dummy:family:Jardin piscine",
        "dummy:family:Outillage",
        "dummy:family:Mobilier d'int\u00e9rieur",
        "dummy:family:Quincaillerie",
        "dummy:family:Salle de bain, WC",
        "dummy:family:Luminaire",
        "dummy:family:Plomberie chauffage",
        "dummy:family:Electricit\u00e9",
        "dummy:family:Animalerie",
        "dummy:family:Rev\u00eatement sol et mur",
        "dummy:family:Cuisine",
        "dummy:family:Construction mat\u00e9riaux",
        "dummy:family:N/A",
        "dummy:family:__Others__",
        "dummy:device:desktop",
        "dummy:device:phone",
        "dummy:device:tablet",
        "dummy:device:N/A",
        "dummy:device:__Others__"
    ],
    "classes": [
        "Promoter",
        "Passive",
        "Detractor"
    ],
    "confusion": {
        "totalRows": 2512,
        "perActual": {
            "Promoter": {
                "actualClassCount": 1843.0,
                "perPredicted": {
                    "Promoter": 862,
                    "Passive": 644,
                    "Detractor": 337
                }
            },
            "Passive": {
                "actualClassCount": 531.0,
                "perPredicted": {
                    "Promoter": 197,
                    "Passive": 219,
                    "Detractor": 115
                }
            },
            "Detractor": {
                "actualClassCount": 138.0,
                "perPredicted": {
                    "Promoter": 43,
                    "Passive": 56,
                    "Detractor": 39
                }
            }
        }
    },
    "oneVsAllRocAUC": {
        "Promoter": 0.5744367043075768,
        "Passive": 0.534002876669224,
        "Detractor": 0.5778726053990696
    },
    "oneVsAllRocCurves": {
        "Promoter": [
            {
                "x": 0.0,
                "y": 0.0,
                "p": 1.7256369477373692
            },
            {
                "x": 0.02092675635276532,
                "y": 0.02930005425935974,
                "p": 0.5874809959907482
            },
            {
                "x": 0.03587443946188341,
                "y": 0.06565382528486163,
                "p": 0.5389437412072257
            },
            {
                "x": 0.052316890881913304,
                "y": 0.09929462832338579,
                "p": 0.5149274676287372
            },
            {
                "x": 0.07324364723467862,
                "y": 0.13022246337493218,
                "p": 0.4986402949734588
            },
            {
                "x": 0.09715994020926756,
                "y": 0.15789473684210525,
                "p": 0.4867758039011792
            },
            {
                "x": 0.11659192825112108,
                "y": 0.19045035268583832,
                "p": 0.47375897222258134
            },
            {
                "x": 0.13901345291479822,
                "y": 0.22300596852957136,
                "p": 0.4600736069746784
            },
            {
                "x": 0.16143497757847533,
                "y": 0.25176342919153555,
                "p": 0.4488958800392548
            },
            {
                "x": 0.18385650224215247,
                "y": 0.2805208898534997,
                "p": 0.439517737670589
            },
            {
                "x": 0.21823617339312407,
                "y": 0.29788388497015733,
                "p": 0.4326072499876518
            },
            {
                "x": 0.2406576980568012,
                "y": 0.3271839392295171,
                "p": 0.4233915366462837
            },
            {
                "x": 0.26905829596412556,
                "y": 0.3494302767227347,
                "p": 0.41587824229262604
            },
            {
                "x": 0.28998505231689087,
                "y": 0.38090070537167664,
                "p": 0.4054411682520918
            },
            {
                "x": 0.31390134529147984,
                "y": 0.41237113402061853,
                "p": 0.39814153060000296
            },
            {
                "x": 0.3393124065769806,
                "y": 0.44709712425393383,
                "p": 0.3904912719616279
            },
            {
                "x": 0.36472346786248133,
                "y": 0.4725990233315247,
                "p": 0.38346913725340825
            },
            {
                "x": 0.39162929745889385,
                "y": 0.4964731416169289,
                "p": 0.37733352920796
            },
            {
                "x": 0.4125560538116592,
                "y": 0.5257731958762887,
                "p": 0.3698654100147529
            },
            {
                "x": 0.43946188340807174,
                "y": 0.5491047205642974,
                "p": 0.3639550865190623
            },
            {
                "x": 0.4648729446935725,
                "y": 0.5751492132392838,
                "p": 0.3566736036678125
            },
            {
                "x": 0.4962630792227205,
                "y": 0.5963103635377103,
                "p": 0.35125468311808117
            },
            {
                "x": 0.5216741405082213,
                "y": 0.6228974498100922,
                "p": 0.34458520126081704
            },
            {
                "x": 0.5500747384155455,
                "y": 0.6462289744981009,
                "p": 0.33900345819234773
            },
            {
                "x": 0.5739910313901345,
                "y": 0.6733586543678785,
                "p": 0.3319450409627778
            },
            {
                "x": 0.6023916292974589,
                "y": 0.6961475854584915,
                "p": 0.3260975682148887
            },
            {
                "x": 0.6307922272047832,
                "y": 0.7205642973412913,
                "p": 0.3202527006838967
            },
            {
                "x": 0.6576980568011959,
                "y": 0.7455236028214867,
                "p": 0.3132849467743935
            },
            {
                "x": 0.6831091180866966,
                "y": 0.7715680954964731,
                "p": 0.3061312344086634
            },
            {
                "x": 0.7144992526158446,
                "y": 0.7916440586001086,
                "p": 0.300368805819394
            },
            {
                "x": 0.7369207772795217,
                "y": 0.8214867064568638,
                "p": 0.29342944433819335
            },
            {
                "x": 0.7683109118086696,
                "y": 0.8442756375474769,
                "p": 0.2850076955348623
            },
            {
                "x": 0.8026905829596412,
                "y": 0.8627238198589257,
                "p": 0.2779142810019414
            },
            {
                "x": 0.8370702541106129,
                "y": 0.8811720021703744,
                "p": 0.27051843384378815
            },
            {
                "x": 0.866965620328849,
                "y": 0.9023331524688009,
                "p": 0.26141418100870895
            },
            {
                "x": 0.890881913303438,
                "y": 0.9300054259359739,
                "p": 0.24691834070786478
            },
            {
                "x": 0.9207772795216741,
                "y": 0.9506239826370049,
                "p": 0.23234189313542863
            },
            {
                "x": 0.9506726457399103,
                "y": 0.9712425393380358,
                "p": 0.20709708633981272
            },
            {
                "x": 0.9790732436472347,
                "y": 0.9945740640260445,
                "p": 0.15158820712156892
            },
            {
                "x": 1.0,
                "y": 1.0,
                "p": 0.026144682351299943
            }
        ],
        "Passive": [
            {
                "x": 0.0,
                "y": 0.0,
                "p": 1.7884454719960556
            },
            {
                "x": 0.01867743563856638,
                "y": 0.032015065913371,
                "p": 0.5608758054932643
            },
            {
                "x": 0.03230691569914185,
                "y": 0.07156308851224105,
                "p": 0.5237239314747388
            },
            {
                "x": 0.057041898031297326,
                "y": 0.09792843691148775,
                "p": 0.4969110449865896
            },
            {
                "x": 0.07420494699646643,
                "y": 0.1318267419962335,
                "p": 0.47640575503004984
            },
            {
                "x": 0.0989399293286219,
                "y": 0.15819209039548024,
                "p": 0.45824426002490876
            },
            {
                "x": 0.12468450277637556,
                "y": 0.18267419962335216,
                "p": 0.44500744089109956
            },
            {
                "x": 0.1474003028773347,
                "y": 0.21092278719397364,
                "p": 0.436022532325094
            },
            {
                "x": 0.16759212518929834,
                "y": 0.24105461393596986,
                "p": 0.42989041393682553
            },
            {
                "x": 0.1928319030792529,
                "y": 0.2674199623352166,
                "p": 0.42338569713504376
            },
            {
                "x": 0.22665320545179202,
                "y": 0.2843691148775895,
                "p": 0.41523860486886954
            },
            {
                "x": 0.25593134780413934,
                "y": 0.3088512241054614,
                "p": 0.4074486418586473
            },
            {
                "x": 0.2801615345784957,
                "y": 0.3352165725047081,
                "p": 0.4022047399891528
            },
            {
                "x": 0.29631499242806664,
                "y": 0.3709981167608286,
                "p": 0.39801634352758547
            },
            {
                "x": 0.32306915699141847,
                "y": 0.3954802259887006,
                "p": 0.39181431992419713
            },
            {
                "x": 0.34729934376577487,
                "y": 0.4218455743879473,
                "p": 0.3864876199250612
            },
            {
                "x": 0.3745583038869258,
                "y": 0.4463276836158192,
                "p": 0.3815657505682456
            },
            {
                "x": 0.4038364462392731,
                "y": 0.4726930320150659,
                "p": 0.3751334248886891
            },
            {
                "x": 0.4356385663806159,
                "y": 0.4934086629001883,
                "p": 0.3701013346792084
            },
            {
                "x": 0.4608783442705704,
                "y": 0.519774011299435,
                "p": 0.36416260901857567
            },
            {
                "x": 0.4906612821807168,
                "y": 0.5404896421845574,
                "p": 0.3586716312984328
            },
            {
                "x": 0.5254921756688541,
                "y": 0.5612052730696798,
                "p": 0.35145769267728355
            },
            {
                "x": 0.5567895002523978,
                "y": 0.5800376647834274,
                "p": 0.3456445778804762
            },
            {
                "x": 0.5764765270065624,
                "y": 0.6120527306967984,
                "p": 0.34134979040198293
            },
            {
                "x": 0.6092882382635033,
                "y": 0.6308851224105462,
                "p": 0.3342953517703724
            },
            {
                "x": 0.6380615850580514,
                "y": 0.6534839924670434,
                "p": 0.32826886244221215
            },
            {
                "x": 0.6673397274103988,
                "y": 0.6760828625235404,
                "p": 0.3200909771202354
            },
            {
                "x": 0.6930843008581524,
                "y": 0.7024482109227872,
                "p": 0.3105480522780718
            },
            {
                "x": 0.7274103987884907,
                "y": 0.7212806026365348,
                "p": 0.30036644359889964
            },
            {
                "x": 0.7571933366986371,
                "y": 0.7419962335216572,
                "p": 0.2908313859451746
            },
            {
                "x": 0.7804139323573952,
                "y": 0.7702448210922788,
                "p": 0.28516587113779956
            },
            {
                "x": 0.8031297324583544,
                "y": 0.7984934086629002,
                "p": 0.2759004538262111
            },
            {
                "x": 0.8263503281171126,
                "y": 0.8267419962335216,
                "p": 0.2667362757073294
            },
            {
                "x": 0.8515901060070671,
                "y": 0.8531073446327684,
                "p": 0.25471098599995884
            },
            {
                "x": 0.8763250883392226,
                "y": 0.879472693032015,
                "p": 0.24191903556503558
            },
            {
                "x": 0.9000504795557799,
                "y": 0.9058380414312618,
                "p": 0.22656620093740953
            },
            {
                "x": 0.9323573952549218,
                "y": 0.9246704331450094,
                "p": 0.21086450020025688
            },
            {
                "x": 0.9525492175668854,
                "y": 0.9548022598870056,
                "p": 0.1868378295051587
            },
            {
                "x": 0.97778899545684,
                "y": 0.9811676082862524,
                "p": 0.14670353742142386
            },
            {
                "x": 1.0,
                "y": 1.0,
                "p": 0.02934589076146648
            }
        ],
        "Detractor": [
            {
                "x": 0.0,
                "y": 0.0,
                "p": 1.9445094268872336
            },
            {
                "x": 0.0,
                "y": 0.057971014492753624,
                "p": 0.8496140521780862
            },
            {
                "x": 0.02611625947767481,
                "y": 0.08695652173913043,
                "p": 0.5615164455334745
            },
            {
                "x": 0.040859309182813816,
                "y": 0.12318840579710146,
                "p": 0.5069984074846625
            },
            {
                "x": 0.08087615838247683,
                "y": 0.15217391304347827,
                "p": 0.44973710484083096
            },
            {
                "x": 0.10278011794439765,
                "y": 0.18115942028985507,
                "p": 0.42654757361483303
            },
            {
                "x": 0.13226621735467564,
                "y": 0.21014492753623187,
                "p": 0.3996564539264328
            },
            {
                "x": 0.14532434709351305,
                "y": 0.2536231884057971,
                "p": 0.38847779015944306
            },
            {
                "x": 0.17691659646166807,
                "y": 0.2753623188405797,
                "p": 0.3717841457628199
            },
            {
                "x": 0.21398483572030327,
                "y": 0.2898550724637681,
                "p": 0.35153964798868015
            },
            {
                "x": 0.2417860151642797,
                "y": 0.3188405797101449,
                "p": 0.33446992927368346
            },
            {
                "x": 0.2716933445661331,
                "y": 0.34057971014492755,
                "p": 0.3225179403637095
            },
            {
                "x": 0.3028643639427127,
                "y": 0.3695652173913043,
                "p": 0.312098595380605
            },
            {
                "x": 0.3192923336141533,
                "y": 0.4057971014492754,
                "p": 0.3067819441619927
            },
            {
                "x": 0.32771693344566133,
                "y": 0.4492753623188406,
                "p": 0.3031829966921889
            },
            {
                "x": 0.36689132266217356,
                "y": 0.463768115942029,
                "p": 0.2922596656114652
            },
            {
                "x": 0.38163437236731257,
                "y": 0.5,
                "p": 0.28856137084147154
            },
            {
                "x": 0.405223251895535,
                "y": 0.5289855072463768,
                "p": 0.2798896603537458
            },
            {
                "x": 0.42839090143218195,
                "y": 0.5579710144927537,
                "p": 0.270526438218816
            },
            {
                "x": 0.46166807076663857,
                "y": 0.5797101449275363,
                "p": 0.26002906443169926
            },
            {
                "x": 0.5,
                "y": 0.5942028985507246,
                "p": 0.24868288097978092
            },
            {
                "x": 0.5374894692502106,
                "y": 0.6159420289855072,
                "p": 0.23761516254518583
            },
            {
                "x": 0.5627632687447346,
                "y": 0.644927536231884,
                "p": 0.2302100813600225
            },
            {
                "x": 0.5825610783487785,
                "y": 0.6811594202898551,
                "p": 0.2259053450623879
            },
            {
                "x": 0.6120471777590565,
                "y": 0.7028985507246377,
                "p": 0.2178211243162508
            },
            {
                "x": 0.6436394271272114,
                "y": 0.7246376811594203,
                "p": 0.21051213914955003
            },
            {
                "x": 0.6739679865206403,
                "y": 0.7463768115942029,
                "p": 0.20342975978437408
            },
            {
                "x": 0.6912384161752316,
                "y": 0.782608695652174,
                "p": 0.1986927971708281
            },
            {
                "x": 0.7291491154170177,
                "y": 0.7971014492753623,
                "p": 0.18761388565147644
            },
            {
                "x": 0.7548441449031171,
                "y": 0.8333333333333334,
                "p": 0.17864848174307632
            },
            {
                "x": 0.7855939342881213,
                "y": 0.855072463768116,
                "p": 0.16881516935579136
            },
            {
                "x": 0.814658803706824,
                "y": 0.8768115942028986,
                "p": 0.15878155366258825
            },
            {
                "x": 0.8479359730412805,
                "y": 0.8985507246376812,
                "p": 0.14695359013612838
            },
            {
                "x": 0.8887952822240943,
                "y": 0.9130434782608695,
                "p": 0.12905128336243468
            },
            {
                "x": 0.9157540016849199,
                "y": 0.9420289855072463,
                "p": 0.11595554120392196
            },
            {
                "x": 0.9540859309182814,
                "y": 0.9637681159420289,
                "p": 0.09556324610114807
            },
            {
                "x": 0.9991575400168492,
                "y": 0.9927536231884058,
                "p": 0.04745446236365681
            },
            {
                "x": 1.0,
                "y": 1.0,
                "p": 0.043056754945167384
            }
        ]
    },
    "oneVsAllCalibrationCurves": {
        "Promoter": [
            {
                "y": 0,
                "x": 0,
                "n": 0
            },
            {
                "y": 0.09090909090909091,
                "x": 0.06234792437772271,
                "n": 11.0
            },
            {
                "y": 0.6666666666666666,
                "x": 0.17355495526752665,
                "n": 63.0
            },
            {
                "y": 0.6774193548387096,
                "x": 0.264291971012701,
                "n": 496.0
            },
            {
                "y": 0.7268145161290323,
                "x": 0.34992385177355767,
                "n": 992.0
            },
            {
                "y": 0.7616191904047976,
                "x": 0.4456412464410219,
                "n": 667.0
            },
            {
                "y": 0.8382978723404255,
                "x": 0.5377807587035307,
                "n": 235.0
            },
            {
                "y": 0.8048780487804879,
                "x": 0.6344248145554974,
                "n": 41.0
            },
            {
                "y": 0.7142857142857143,
                "x": 0.7160910878622453,
                "n": 7.0
            },
            {
                "y": 1,
                "x": 1,
                "n": 0
            }
        ],
        "Passive": [
            {
                "y": 0,
                "x": 0,
                "n": 0
            },
            {
                "y": 0.058823529411764705,
                "x": 0.05886262018096765,
                "n": 17.0
            },
            {
                "y": 0.24806201550387597,
                "x": 0.1619694912601365,
                "n": 129.0
            },
            {
                "y": 0.21189591078066913,
                "x": 0.2584002829121377,
                "n": 538.0
            },
            {
                "y": 0.18267419962335216,
                "x": 0.35391867084299244,
                "n": 1062.0
            },
            {
                "y": 0.22585924713584288,
                "x": 0.4352059701886448,
                "n": 611.0
            },
            {
                "y": 0.3488372093023256,
                "x": 0.5363095849953224,
                "n": 129.0
            },
            {
                "y": 0.2727272727272727,
                "x": 0.6422721065402367,
                "n": 22.0
            },
            {
                "y": 0.25,
                "x": 0.7563939463198246,
                "n": 4.0
            },
            {
                "y": 1,
                "x": 1,
                "n": 0
            }
        ],
        "Detractor": [
            {
                "y": 0,
                "x": 0,
                "n": 0
            },
            {
                "y": 0.03676470588235294,
                "x": 0.07921074153408869,
                "n": 136.0
            },
            {
                "y": 0.040310077519379844,
                "x": 0.15627278444436177,
                "n": 645.0
            },
            {
                "y": 0.052083333333333336,
                "x": 0.24739768623687988,
                "n": 864.0
            },
            {
                "y": 0.06273764258555133,
                "x": 0.34251889470184943,
                "n": 526.0
            },
            {
                "y": 0.045454545454545456,
                "x": 0.44332097504352713,
                "n": 220.0
            },
            {
                "y": 0.109375,
                "x": 0.5428110914747151,
                "n": 64.0
            },
            {
                "y": 0.0,
                "x": 0.6497641767390082,
                "n": 33.0
            },
            {
                "y": 0.2857142857142857,
                "x": 0.7424958551763471,
                "n": 14.0
            },
            {
                "y": 0.6666666666666666,
                "x": 0.8616640329449905,
                "n": 6.0
            },
            {
                "y": 1.0,
                "x": 0.9332041862510009,
                "n": 4.0
            },
            {
                "y": 1,
                "x": 1,
                "n": 0
            }
        ]
    },
    "oneVsAllCalibrationLoss": {
        "Promoter": 0.35770181632766357,
        "Passive": 0.15136860158890525,
        "Detractor": 0.21537818390070312
    },
    "densityData": {
        "Promoter": {
            "correct": [
                1.1766563210376044e-05,
                5.2078763176464914e-05,
                0.00019252282534464485,
                0.0005965557419622279,
                0.0015587358139319018,
                0.003468953743048417,
                0.006682503477039559,
                0.01141556350321798,
                0.01785243253475437,
                0.026441417708347553,
                0.03808460903487205,
                0.054059141039226384,
                0.07593751941992222,
                0.10582408203965227,
                0.14669122842860402,
                0.2021060011825789,
                0.2749253282587165,
                0.3656737460729524,
                0.47224350215205296,
                0.5919612819742766,
                0.7251729933513243,
                0.8778629861617769,
                1.060674963841725,
                1.2836923889149172,
                1.5499770808712046,
                1.8529134672938294,
                2.1792521998662946,
                2.5137167970494896,
                2.840098330856948,
                3.140137519211659,
                3.3956912834351844,
                3.5945452087672836,
                3.7341322062020503,
                3.8204169739863687,
                3.86499270228668,
                3.8816832009418665,
                3.8801238688939703,
                3.858093563882597,
                3.8011654466533358,
                3.6944156059207303,
                3.5377891047806034,
                3.350287088797261,
                3.1583366000420314,
                2.979984358328356,
                2.819431108512374,
                2.672963293413521,
                2.5354601199045903,
                2.4002845469710254,
                2.256710090300424,
                2.0922212908691673,
                1.8999692635611423,
                1.6852050883891632,
                1.4651404615949524,
                1.2611992619380445,
                1.0876474671345697,
                0.9446598103619345,
                0.8219579262889443,
                0.7093293570688962,
                0.6033246304618586,
                0.505461046883911,
                0.4177555643228813,
                0.34149878599461353,
                0.2778492092118948,
                0.22712489261688049,
                0.1877762791522772,
                0.15702613201872156,
                0.13239729155210309,
                0.11241436082994279,
                0.09624464690414782,
                0.08292321081929377,
                0.07083358730779937,
                0.058142176255085685,
                0.044104977040588,
                0.029857135358963335,
                0.017586010786307338,
                0.008866866771106433,
                0.0037891829275949213,
                0.001364219321537457,
                0.00041225549318169615,
                0.00010431365438515226,
                2.2064272736199636e-05,
                3.896688131738865e-06,
                5.740812695210019e-07,
                7.050594798448014e-08,
                7.214720647254867e-09,
                6.148498502671473e-10,
                4.362399524888483e-11,
                2.576132954207753e-12,
                1.265901298386328e-13,
                5.175357780159078e-15,
                1.7600475784128088e-16,
                4.978492930375234e-18,
                1.1711592131576323e-19,
                2.291083755436116e-21,
                3.726844596503784e-23,
                5.040689458100613e-25,
                5.668443599302239e-27,
                5.299598292142065e-29,
                4.119171414685848e-31,
                2.6616394673700415e-33
            ],
            "incorrect": [
                0.049165605215751966,
                0.07262976556155656,
                0.09746556050157444,
                0.1198536625105773,
                0.13662316958096524,
                0.146397253045963,
                0.14971772859186427,
                0.14840701823919045,
                0.1450310918286213,
                0.14290383196915768,
                0.14613042312541,
                0.15891156594094621,
                0.18415938575310656,
                0.22252075251800826,
                0.2729253256497157,
                0.3345810837840405,
                0.4090414306504333,
                0.5008389488560785,
                0.6163485111265375,
                0.7619091763457445,
                0.9426324759680894,
                1.162522783973567,
                1.4251548522597326,
                1.7331376718104685,
                2.084967941337121,
                2.4701317420677062,
                2.866124939039062,
                3.241421480674093,
                3.56468435813818,
                3.81529178975694,
                3.9885206318062014,
                4.092484665858188,
                4.139833644000667,
                4.14020616371689,
                4.097681341341899,
                4.013346196469585,
                3.8900202907264334,
                3.7356487713644495,
                3.5631789823629902,
                3.386661401328806,
                3.2153526604360696,
                3.049332784791894,
                2.8802138998117206,
                2.697568234486825,
                2.4970360835625782,
                2.2839063563614026,
                2.069268907423137,
                1.8621684478910503,
                1.6644800767322265,
                1.4723186289603327,
                1.2818478579399761,
                1.0941348605905674,
                0.9155313007738453,
                0.7542850729165071,
                0.6166010134431774,
                0.5046714711814205,
                0.4169437875769347,
                0.3494713898467862,
                0.2973517877098287,
                0.25597212995972285,
                0.22196557493243388,
                0.19352895724667107,
                0.16986709174511813,
                0.1501924252974359,
                0.13317067553648393,
                0.11730996187538878,
                0.10187195777892272,
                0.08736704287574144,
                0.07506863752142408,
                0.06586051081766844,
                0.05932707477327768,
                0.053823474614208514,
                0.047479900151918684,
                0.03935981523773811,
                0.029921452476272186,
                0.02055026633694632,
                0.012644582406620189,
                0.0069383062847844755,
                0.003386801423020333,
                0.0014686911638841875,
                0.0005653996545321484,
                0.0001931458257877591,
                5.853504311101594e-05,
                1.573564055046709e-05,
                3.7518895432522933e-06,
                7.933852627139656e-07,
                1.4878684812302063e-07,
                2.4744156667886005e-08,
                3.6491498638733255e-09,
                4.77205989475562e-10,
                5.533500507242235e-11,
                5.689301378600371e-12,
                5.186424762916644e-13,
                4.1919181319093626e-14,
                3.0038529356992104e-15,
                1.9083213575053673e-16,
                1.0747745562064726e-17,
                5.366147362877123e-19,
                2.3750557674707188e-20,
                9.318328505312504e-22
            ],
            "correctMedian": 0.37627282042306637,
            "incorrectMedian": 0.35007888027675954
        },
        "Passive": {
            "correct": [
                0.0012381244901585827,
                0.0027857315740908895,
                0.005765912964120458,
                0.01104071557679258,
                0.0196834929190303,
                0.03289505150183465,
                0.05187886660393571,
                0.07768969541253419,
                0.11108242523609534,
                0.1524301393876554,
                0.20181863776577158,
                0.2593717290483477,
                0.3256783780206514,
                0.40199697075104146,
                0.48992988799978165,
                0.5906037159617653,
                0.7038584744253569,
                0.8281238515146544,
                0.9612732713058231,
                1.102007115608291,
                1.2508080598605862,
                1.4096745605919045,
                1.5805579875574123,
                1.763192456236893,
                1.9534198876307316,
                2.143109149875924,
                2.32232750800538,
                2.483413450073823,
                2.6252089188796535,
                2.754872886966661,
                2.8855418428895656,
                3.0305740484889,
                3.1974438734860096,
                3.3844706638638336,
                3.58129030206391,
                3.7714370374075705,
                3.9349108606972267,
                4.050214669074811,
                4.0969112005774,
                4.059443043976621,
                3.931273816140341,
                3.7173700080688037,
                3.433750912963387,
                3.104395025769957,
                2.756724229384299,
                2.416881449740726,
                2.1057747202506087,
                1.836697198454066,
                1.6148603799702075,
                1.438362783683494,
                1.2997186095222326,
                1.1875726048361583,
                1.0889449775090145,
                0.9922318686811966,
                0.8902243214272669,
                0.7817052910476417,
                0.6706564907152696,
                0.5634899210422756,
                0.46589217010343054,
                0.3809251462315418,
                0.3089958757605884,
                0.24904717782163793,
                0.1997708667484574,
                0.16007204865319316,
                0.12886421885051375,
                0.10476611024314107,
                0.08611743010200061,
                0.07128800896572061,
                0.059015571497122984,
                0.04858743630031443,
                0.0398437798561293,
                0.033025980168421884,
                0.028475977990014015,
                0.02625025530193905,
                0.02583124750178438,
                0.02614438197884043,
                0.02592927940002666,
                0.024269596674570685,
                0.02096178782907818,
                0.016510339911643093,
                0.011789875016609275,
                0.007611449108692672,
                0.004436591413115493,
                0.0023333501120654534,
                0.0011069505011687302,
                0.00047362261616204574,
                0.00018275247194046764,
                6.359262676730864e-05,
                1.99552116962112e-05,
                5.646883770964868e-06,
                1.4409960934903874e-06,
                3.3160227092733226e-07,
                6.881333255948875e-08,
                1.2877392349344283e-08,
                2.173118614750967e-09,
                3.307037096326758e-10,
                4.538316863139617e-11,
                5.616304792361309e-12,
                6.26767723945263e-13,
                6.307578716364456e-14
            ],
            "incorrect": [
                0.017131388026934376,
                0.032512275022132484,
                0.05244615298651859,
                0.07337285752911855,
                0.09125569173404784,
                0.10358979130229985,
                0.1102507054803356,
                0.114018752509965,
                0.1213172609166293,
                0.14113538395086667,
                0.18058966522945508,
                0.23986052586471515,
                0.311382641478874,
                0.38459055220109273,
                0.45237406641304023,
                0.5149831069830322,
                0.580888580620455,
                0.6654934867308712,
                0.7861137230573952,
                0.9519079863877452,
                1.154023415983586,
                1.3668303186760502,
                1.5645971886259131,
                1.7412782297453977,
                1.9141909424267785,
                2.1074979374632576,
                2.3312227049178436,
                2.573774258081082,
                2.813602329437945,
                3.041628883355657,
                3.275241024527376,
                3.5461005041813336,
                3.86717612041367,
                4.209904880362309,
                4.515558740387713,
                4.729010998395837,
                4.822797129203313,
                4.797285713075176,
                4.66851056520114,
                4.456647207929533,
                4.177085406050748,
                3.83587455162455,
                3.435011684792282,
                2.98532138597229,
                2.5147442224557346,
                2.0638574127441403,
                1.6726276096861656,
                1.3664017040214986,
                1.1459098701835368,
                0.9869499740367624,
                0.855080623462687,
                0.727720623324657,
                0.6043957243885721,
                0.496821188528659,
                0.4122883402676496,
                0.3474715857965447,
                0.2942466944104349,
                0.24727340707278792,
                0.20587972132256985,
                0.17140625071221877,
                0.1446146071360396,
                0.12492264684335981,
                0.11045786440033989,
                0.09848877053075208,
                0.0865824794110517,
                0.07388531278053015,
                0.06132962916337951,
                0.050524586787377375,
                0.04233499378657667,
                0.036392927782677026,
                0.03176182768261693,
                0.02775208132073695,
                0.02403687023725849,
                0.020420466312599358,
                0.01693464702470784,
                0.014032809795065245,
                0.012222064276647073,
                0.011341669930793717,
                0.010473745226955645,
                0.008776985190375867,
                0.006278533692022573,
                0.003722687334543753,
                0.001806995104440276,
                0.0007144964368411702,
                0.00022968463363665,
                5.998127119019358e-05,
                1.2720907651238676e-05,
                2.1907182305044296e-06,
                3.0633739777885596e-07,
                3.478165810312812e-08,
                3.2065204041665666e-09,
                2.4002135487872767e-10,
                1.458805473070458e-11,
                7.199068447730596e-13,
                2.8846063576881314e-14,
                9.384866771128192e-16,
                2.479139446528119e-17,
                5.317470422983347e-19,
                9.260629121584895e-21,
                1.3095050589182052e-22
            ],
            "correctMedian": 0.3693063110260607,
            "incorrectMedian": 0.3560924511229907
        },
        "Detractor": {
            "correct": [
                0.28776924097198553,
                0.34875030692677866,
                0.4181475672840866,
                0.4961620687083211,
                0.582820014031547,
                0.6779574334509076,
                0.7812109850248313,
                0.8920149772911882,
                1.0096043394637795,
                1.1330230219152895,
                1.2611372026995926,
                1.3926526813996067,
                1.5261359109207153,
                1.6600381938104538,
                1.7927226062848063,
                1.9224931915342272,
                2.0476258987665092,
                2.1664006778353575,
                2.27713412280672,
                2.378212128841745,
                2.4681221870864474,
                2.5454851474548787,
                2.6090864449448996,
                2.657906810665813,
                2.691152291941534,
                2.708282959172932,
                2.7090390321750415,
                2.693462448717271,
                2.6619113144526674,
                2.61506442018221,
                2.5539132490818095,
                2.479739687115448,
                2.394078932545463,
                2.2986686893331774,
                2.195387349912468,
                2.08618522385344,
                1.9730136931653472,
                1.8577573217058092,
                1.742173406952054,
                1.6278423709766159,
                1.5161309838336738,
                1.4081689814608418,
                1.3048384410459488,
                1.2067744836693834,
                1.1143755410691605,
                1.027821483442702,
                0.947098200053835,
                0.8720275565912559,
                0.8023018444865655,
                0.7375217778954033,
                0.677236769858084,
                0.6209857124285662,
                0.5683359489399618,
                0.518917740205298,
                0.47245144957293,
                0.4287650013659,
                0.3877999135327393,
                0.3496052886910292,
                0.3143204163178584,
                0.2821479011592253,
                0.2533202967516023,
                0.22806393129261626,
                0.2065638700485261,
                0.18893374067125132,
                0.17519350123180555,
                0.16525725604410768,
                0.15893205512085762,
                0.1559273934107253,
                0.15587399076899283,
                0.15834949519451894,
                0.16290809262667844,
                0.16911067704997865,
                0.17655225454368279,
                0.18488361540225282,
                0.19382497408082056,
                0.2031701869070999,
                0.2127812283627255,
                0.22257373455979654,
                0.2324954901932496,
                0.24250062218469548,
                0.25252285866735585,
                0.2624514297897687,
                0.272112979864719,
                0.2812622312583531,
                0.2895831463407681,
                0.296701083804584,
                0.30220508933075,
                0.30567816975287393,
                0.30673234516460085,
                0.3050445994272941,
                0.30038965256509287,
                0.29266579071985127,
                0.281910772210228,
                0.26830597719382293,
                0.2521683277787164,
                0.23393089176939522,
                0.21411431332679237,
                0.19329213225351835,
                0.1720535554389573,
                0.15096728856189898
            ],
            "incorrect": [
                0.03228038137052534,
                0.06770149964150521,
                0.12849664769124555,
                0.22235713626240147,
                0.35379099152614835,
                0.5223211539026551,
                0.7221872150062014,
                0.9435468991461131,
                1.1746565946437344,
                1.4045399287851696,
                1.6256235929095204,
                1.8354039498445933,
                2.0361323043331994,
                2.2325139105039704,
                2.428840761337035,
                2.6272414644323856,
                2.8273355752718783,
                3.0259921675490062,
                3.2160567104287283,
                3.384934566974003,
                3.5155753802487357,
                3.5913991425585188,
                3.6034737595605626,
                3.5558003042049138,
                3.465229561170203,
                3.355592907496143,
                3.2485609974675236,
                3.1550948597025017,
                3.071302873318341,
                2.981181437056749,
                2.865720147052928,
                2.714030912179991,
                2.53016734395117,
                2.331332641761127,
                2.138496363450936,
                1.9655322273084903,
                1.8139936377854282,
                1.6763931462531572,
                1.544456739398283,
                1.4156104128503872,
                1.29349752889915,
                1.1837414056772624,
                1.0892949901113687,
                1.0085296654723643,
                0.9361414019815377,
                0.8653201256569113,
                0.7900855060926102,
                0.7074723352796576,
                0.6190259180527447,
                0.5305531317403743,
                0.44966052149628355,
                0.3822191213771887,
                0.32992924424634246,
                0.29043734719217434,
                0.259562950065839,
                0.2337901145925928,
                0.21137735146068323,
                0.19189235436543703,
                0.1752870984671512,
                0.1616296465437093,
                0.15145931613341596,
                0.14577498265315944,
                0.14503445502870024,
                0.14786277888801388,
                0.15088089263563814,
                0.15019788516006957,
                0.14349589413654218,
                0.13104021760195808,
                0.11500681197770768,
                0.0980155510555765,
                0.08211431801460659,
                0.06857412910883001,
                0.057993684938202596,
                0.05028351307240145,
                0.044673816410965135,
                0.04004760669372162,
                0.035502687102683464,
                0.030724133665089064,
                0.02592449237116576,
                0.021509504399290412,
                0.01777882409437059,
                0.014806549570056051,
                0.012456757131080867,
                0.010465614992154667,
                0.008569740142250962,
                0.006641423796972602,
                0.004744502075517384,
                0.003063339760955849,
                0.001764226468137257,
                0.0008988417698562317,
                0.000403098257539549,
                0.00015865153175059378,
                5.4703901488221306e-05,
                1.6507494880306368e-05,
                4.356781174611722e-06,
                1.005341906270154e-06,
                2.0278290030426398e-07,
                3.574888253494178e-08,
                5.507745601894867e-09,
                7.415588561101602e-10
            ],
            "correctMedian": 0.2883407088202636,
            "incorrectMedian": 0.24864980567962913
        }
    },
    "globalMetrics": {
        "testWeight": 2512,
        "targetAvg": [
            0.7336783439490446,
            0.21138535031847133,
            0.05493630573248408
        ],
        "targetStd": [
            0.4421224343484121,
            0.40837234543159034,
            0.22790126018133605
        ],
        "predictionAvg": [
            0.37598658941679164,
            0.3539116464715148,
            0.27010176411169357
        ],
        "predictionStd": [
            0.10060543470418778,
            0.09732865496583512,
            0.12872169630004526
        ]
    }
}