{
  "state": "DONE",
  "preSearchDescription": {
    "gridLength": 24,
    "searchStrategy": "RANDOM",
    "importantParams": [
      {
        "name": "boosting_type",
        "vals": [
          "gbdt"
        ]
      },
      {
        "name": "n_estimators",
        "min": "50",
        "max": "200"
      },
      {
        "name": "num_leaves",
        "min": "20",
        "max": "500"
      },
      {
        "name": "learning_rate",
        "min": "0.1",
        "max": "0.6"
      }
    ]
  },
  "postSearchDescription": {
    "importantParams": [
      {
        "name": "boosting_type",
        "val": "gbdt"
      },
      {
        "name": "n_estimators",
        "val": "15"
      },
      {
        "name": "num_leaves",
        "val": "242"
      },
      {
        "name": "learning_rate",
        "val": "0.29498492534883913"
      }
    ]
  },
  "resumed": false,
  "timeOrderingEnabled": false,
  "sampleWeightsEnabled": false,
  "modelId": "m1",
  "progress": {
    "top_level_todo": [],
    "stack": [],
    "top_level_done": [
      {
        "name": "Loading train set",
        "time": 132
      },
      {
        "name": "Loading test set",
        "time": 53
      },
      {
        "name": "Collecting statistics",
        "time": 95
      },
      {
        "name": "Preprocessing train set",
        "time": 132
      },
      {
        "name": "Preprocessing test set",
        "time": 74
      },
      {
        "name": "Hyperparameter searching",
        "time": 9454
      },
      {
        "name": "Fitting model",
        "time": 390
      },
      {
        "name": "Saving model",
        "time": 89
      },
      {
        "name": "Scoring model",
        "time": 333
      }
    ]
  },
  "startTime": 1642672788801,
  "endTime": 1642672799902,
  "preprocessingTime": 491,
  "trainingTime": 10610,
  "hyperparamsSearchTime": 9454
}