{
  "state": "FAILED",
  "failure": {
    "errorType": "java.io.IOException",
    "message": "Kubernetes job did not start",
    "detailedMessage": "Kubernetes job did not start, caused by: IOException: Error while checking kubernetes logs, no pod available after 1800000 ms",
    "detailedMessageHTML": "\u003cspan\u003e\u003cspan class\u003d\"err-msg\"\u003eKubernetes job did not start\u003c/span\u003e\u003cspan class\u003d\"err-cause\"\u003e\u003cspan class\u003d\"err-type\"\u003e, caused by: IOException:\u003c/span\u003e\u0026nbsp;\u003cspan class\u003d\"err-msg\"\u003eError while checking kubernetes logs, no pod available after 1800000 ms\u003c/span\u003e\u003c/span\u003e\u003c/span\u003e",
    "stackTraceStr": "java.io.IOException: Kubernetes job did not start\n\tat com.dataiku.dip.containers.exec.KubernetesExecUtils$KubernetesJob.start(KubernetesExecUtils.java:1237)\n\tat com.dataiku.dip.analysis.coreservices.AnalysisMLContainerKernel.start(AnalysisMLContainerKernel.java:235)\n\tat com.dataiku.dip.analysis.ml.shared.PRNSTrainThread.run(PRNSTrainThread.java:159)\nCaused by: java.io.IOException: Error while checking kubernetes logs, no pod available after 1800000 ms\n\tat com.dataiku.dip.containers.exec.KubernetesExecUtils.waitForLogStart(KubernetesExecUtils.java:938)\n\tat com.dataiku.dip.containers.exec.KubernetesExecUtils$KubernetesJob.start(KubernetesExecUtils.java:1231)\n\t... 2 more\n",
    "stackTrace": [
      {
        "file": "KubernetesExecUtils.java",
        "line": 1237,
        "function": "com.dataiku.dip.containers.exec.KubernetesExecUtils$KubernetesJob.start"
      },
      {
        "file": "AnalysisMLContainerKernel.java",
        "line": 235,
        "function": "com.dataiku.dip.analysis.coreservices.AnalysisMLContainerKernel.start"
      },
      {
        "file": "PRNSTrainThread.java",
        "line": 159,
        "function": "com.dataiku.dip.analysis.ml.shared.PRNSTrainThread.run"
      },
      {
        "file": "CausedBy",
        "line": 0,
        "function": "Cause: java.io.IOException: Error while checking kubernetes logs, no pod available after 1800000 ms"
      },
      {
        "file": "KubernetesExecUtils.java",
        "line": 938,
        "function": "com.dataiku.dip.containers.exec.KubernetesExecUtils.waitForLogStart"
      },
      {
        "file": "KubernetesExecUtils.java",
        "line": 1231,
        "function": "com.dataiku.dip.containers.exec.KubernetesExecUtils$KubernetesJob.start"
      },
      {
        "file": "AnalysisMLContainerKernel.java",
        "line": 235,
        "function": "com.dataiku.dip.analysis.coreservices.AnalysisMLContainerKernel.start"
      },
      {
        "file": "PRNSTrainThread.java",
        "line": 159,
        "function": "com.dataiku.dip.analysis.ml.shared.PRNSTrainThread.run"
      }
    ]
  },
  "preSearchDescription": {
    "gridLength": 2,
    "searchStrategy": "GRID",
    "importantParams": [
      {
        "name": "trees",
        "vals": [
          "100"
        ]
      },
      {
        "name": "depth",
        "vals": [
          "6",
          "10"
        ]
      },
      {
        "name": "min_samples",
        "vals": [
          "1"
        ]
      }
    ]
  },
  "resumed": false,
  "timeOrderingEnabled": false,
  "sampleWeightsEnabled": false,
  "modelId": "m1",
  "startTime": 0,
  "endTime": 0,
  "preprocessingTime": 0,
  "trainingTime": 0,
  "hyperparamsSearchTime": 0
}