{
  "starred": false,
  "clusterMetas": {},
  "sessionName": "Classification_Test_2",
  "customMeta": {
    "kv": {}
  },
  "tags": [],
  "activeClassifierThreshold": 0.0,
  "description": "",
  "name": "Random forest (Classification_Test_2)",
  "labels": [
    {
      "key": "trainDataset:dataset-name",
      "value": "main_dataset"
    },
    {
      "key": "testDataset:dataset-name",
      "value": "main_dataset"
    },
    {
      "key": "evaluationDataset:dataset-name",
      "value": "main_dataset"
    },
    {
      "key": "model:algorithm",
      "value": "RANDOM_FOREST_CLASSIFICATION"
    },
    {
      "key": "model:name",
      "value": "Random forest (Classification_Test_2)"
    },
    {
      "key": "model:session-name",
      "value": "Classification_Test_2"
    }
  ]
}