{
  "type": "S3",
  "managed": true,
  "formatType": "parquet",
  "checklists": {
    "checklists": []
  },
  "checks": [],
  "customMeta": {
    "kv": {}
  },
  "flowOptions": {
    "virtualizable": true,
    "rebuildBehavior": "NORMAL",
    "crossProjectBuildBehavior": "DEFAULT"
  },
  "readWriteOptions": {
    "preserveOrder": false,
    "writeBuckets": 1,
    "forceSingleOutputFile": false,
    "defaultReadOrdering": {
      "enabled": false,
      "rules": []
    }
  },
  "formatParams": {
    "parquetLowerCaseIdentifiers": false,
    "representsNullFields": false,
    "parquetCompressionMethod": "SNAPPY",
    "parquetFlavor": "HIVE",
    "parquetBlockSizeMB": 128
  },
  "partitioning": {
    "ignoreNonMatchingFile": false,
    "considerMissingRequestedPartitionsAsEmpty": false,
    "dimensions": []
  },
  "versionTag": {
    "versionNumber": 1,
    "lastModifiedBy": {
      "login": "guillaume.arp@gmail.com"
    },
    "lastModifiedOn": 1642617372458
  },
  "creationTag": {
    "versionNumber": 0,
    "lastModifiedBy": {
      "login": "guillaume.arp@gmail.com"
    },
    "lastModifiedOn": 1642617372455
  },
  "tags": [],
  "params": {
    "bucket": "gis-data-eu-west-3",
    "metastoreSynchronizationEnabled": true,
    "metastoreDatabaseName": "default",
    "metastoreTableName": "${projectKey}_dataset_comments",
    "connection": "dataiku-managed-storage",
    "path": "/managed-dss-data/${projectKey}/dataset_comments",
    "notReadyIfEmpty": false,
    "filesSelectionRules": {
      "mode": "ALL",
      "excludeRules": [],
      "includeRules": [],
      "explicitFiles": []
    }
  },
  "schema": {
    "columns": [
      {
        "name": "id",
        "type": "bigint"
      },
      {
        "name": "comment",
        "type": "string"
      },
      {
        "name": "tokens",
        "type": "string",
        "meaning": "Text"
      },
      {
        "name": "original_comment",
        "type": "string"
      },
      {
        "name": "Customer_Effort_Score",
        "type": "bigint"
      },
      {
        "name": "Customer_Effort_Score_copy",
        "type": "string",
        "meaning": "Text"
      },
      {
        "name": "Customer_Effort_Score_category",
        "type": "string"
      },
      {
        "name": "created_at",
        "type": "date"
      },
      {
        "name": "date",
        "type": "string"
      },
      {
        "name": "date_parsed",
        "type": "date"
      },
      {
        "name": "day",
        "type": "string"
      },
      {
        "name": "month",
        "type": "string"
      },
      {
        "name": "is_mf",
        "type": "boolean"
      },
      {
        "name": "device",
        "type": "string"
      },
      {
        "name": "browser",
        "type": "string"
      },
      {
        "name": "operating_system",
        "type": "string"
      },
      {
        "name": "family",
        "type": "string"
      },
      {
        "name": "is_b2b",
        "type": "boolean"
      },
      {
        "name": "reason",
        "type": "string"
      },
      {
        "name": "category",
        "type": "string"
      },
      {
        "name": "country",
        "type": "string"
      },
      {
        "name": "GeoPoint",
        "type": "string"
      },
      {
        "name": "provider",
        "type": "string"
      },
      {
        "name": "first_order",
        "type": "boolean"
      },
      {
        "name": "nb_articles",
        "type": "bigint"
      },
      {
        "name": "csat_presales",
        "type": "string",
        "meaning": "Text"
      },
      {
        "name": "shipping_fees",
        "type": "string"
      },
      {
        "name": "bv_transaction",
        "type": "string"
      },
      {
        "name": "payment_method",
        "type": "string"
      },
      {
        "name": "last_paid_channel",
        "type": "string"
      },
      {
        "name": "has_presales_contact",
        "type": "boolean"
      },
      {
        "name": "has_manodvisor_contact",
        "type": "boolean"
      },
      {
        "name": "shipping_fees_bucket",
        "type": "string",
        "meaning": "Text"
      },
      {
        "name": "bv_transaction_bucket",
        "type": "string"
      },
      {
        "name": "themes",
        "type": "string"
      },
      {
        "name": "Tags_  Delivery Fees",
        "type": "bigint"
      },
      {
        "name": "Tags_  Finding Compatible Products",
        "type": "bigint"
      },
      {
        "name": "Tags_ Returns Info",
        "type": "bigint"
      },
      {
        "name": "Tags_ Lacking Payment Methods",
        "type": "bigint"
      },
      {
        "name": "Tags_  Delivery Options",
        "type": "bigint"
      },
      {
        "name": "Tags_ Signup/Login",
        "type": "bigint"
      },
      {
        "name": "Tags_  Product Info",
        "type": "bigint"
      },
      {
        "name": "Tags_ Using Coupons",
        "type": "bigint"
      },
      {
        "name": "Tags_  Finding Products",
        "type": "bigint"
      },
      {
        "name": "Tags_ Difficulty Paying",
        "type": "bigint"
      },
      {
        "name": "Tags_ Presales Support",
        "type": "bigint"
      }
    ],
    "userModified": true
  },
  "dkuProperties": [],
  "metrics": {
    "probes": [
      {
        "type": "basic",
        "enabled": true,
        "computeOnBuildMode": "PARTITION",
        "meta": {
          "name": "Basic data",
          "level": 0
        },
        "configuration": {}
      },
      {
        "type": "records",
        "enabled": true,
        "computeOnBuildMode": "NO",
        "meta": {
          "name": "Record count",
          "level": 0
        },
        "configuration": {}
      }
    ],
    "engineConfig": {
      "padRunsWithMetrics": false,
      "hive": {
        "active": true,
        "extraConf": []
      },
      "basic": {},
      "dss": {
        "active": true,
        "selection": {
          "useMemTable": false,
          "filter": {
            "distinct": false,
            "enabled": false
          },
          "partitionSelectionMethod": "ALL",
          "latestPartitionsN": 1,
          "ordering": {
            "enabled": false,
            "rules": []
          },
          "samplingMethod": "FULL",
          "maxRecords": -1,
          "targetRatio": 0.02,
          "withinFirstN": -1,
          "maxReadUncompressedBytes": -1
        }
      },
      "sql": {
        "active": true
      },
      "impala": {
        "active": true
      },
      "spark": {
        "active": true,
        "extraConf": []
      },
      "python": {}
    },
    "displayedState": {
      "columns": [],
      "metrics": [
        "basic:COUNT_COLUMNS",
        "basic:COUNT_FILES",
        "basic:SIZE",
        "records:COUNT_RECORDS"
      ]
    }
  },
  "metricsChecks": {
    "runOnBuild": false,
    "checks": [],
    "displayedState": {
      "checks": []
    }
  },
  "customFields": {}
}