{
  "type": "S3",
  "managed": true,
  "formatType": "parquet",
  "checklists": {
    "checklists": []
  },
  "checks": [],
  "customMeta": {
    "kv": {}
  },
  "flowOptions": {
    "virtualizable": true,
    "rebuildBehavior": "NORMAL",
    "crossProjectBuildBehavior": "DEFAULT"
  },
  "readWriteOptions": {
    "preserveOrder": false,
    "writeBuckets": 1,
    "forceSingleOutputFile": false,
    "defaultReadOrdering": {
      "enabled": false,
      "rules": []
    }
  },
  "formatParams": {
    "parquetLowerCaseIdentifiers": false,
    "representsNullFields": false,
    "parquetCompressionMethod": "SNAPPY",
    "parquetFlavor": "HIVE",
    "parquetBlockSizeMB": 128
  },
  "partitioning": {
    "ignoreNonMatchingFile": false,
    "considerMissingRequestedPartitionsAsEmpty": false,
    "dimensions": []
  },
  "versionTag": {
    "versionNumber": 20,
    "lastModifiedBy": {
      "login": "aurore-lemaitre_student2021@wilder.school"
    },
    "lastModifiedOn": 1642694073767
  },
  "creationTag": {
    "versionNumber": 0,
    "lastModifiedBy": {
      "login": "guillaume.arp@gmail.com"
    },
    "lastModifiedOn": 1642617190704
  },
  "tags": [],
  "params": {
    "bucket": "gis-data-eu-west-3",
    "metastoreSynchronizationEnabled": true,
    "metastoreDatabaseName": "default",
    "metastoreTableName": "${projectKey}_main_dataset",
    "connection": "dataiku-managed-storage",
    "path": "/managed-dss-data/${projectKey}/main_dataset",
    "notReadyIfEmpty": false,
    "filesSelectionRules": {
      "mode": "ALL",
      "excludeRules": [],
      "includeRules": [],
      "explicitFiles": []
    }
  },
  "schema": {
    "columns": [
      {
        "name": "id",
        "type": "bigint"
      },
      {
        "name": "comment",
        "type": "string"
      },
      {
        "name": "tokens",
        "type": "string",
        "meaning": "Text"
      },
      {
        "name": "original_comment",
        "type": "string"
      },
      {
        "name": "Customer_Effort_Score",
        "type": "bigint"
      },
      {
        "name": "position",
        "type": "bigint"
      },
      {
        "name": "Customer_Effort_Score_copy",
        "type": "bigint",
        "meaning": "Text"
      },
      {
        "name": "Customer_Effort_Score_category",
        "type": "string"
      },
      {
        "name": "created_at",
        "type": "date"
      },
      {
        "name": "date",
        "type": "string"
      },
      {
        "name": "date_parsed",
        "type": "date"
      },
      {
        "name": "day",
        "type": "string"
      },
      {
        "name": "nb_of_the_day",
        "type": "bigint"
      },
      {
        "name": "month",
        "type": "string"
      },
      {
        "name": "nb_of_the_month",
        "type": "string",
        "meaning": "LongMeaning"
      },
      {
        "name": "is_mf",
        "type": "boolean"
      },
      {
        "name": "device",
        "type": "string"
      },
      {
        "name": "browser",
        "type": "string"
      },
      {
        "name": "operating_system",
        "type": "string"
      },
      {
        "name": "family",
        "type": "string"
      },
      {
        "name": "is_b2b",
        "type": "boolean"
      },
      {
        "name": "reason",
        "type": "string"
      },
      {
        "name": "category",
        "type": "string"
      },
      {
        "name": "country",
        "type": "string"
      },
      {
        "name": "GeoPoint",
        "type": "string"
      },
      {
        "name": "provider",
        "type": "string"
      },
      {
        "name": "first_order",
        "type": "boolean"
      },
      {
        "name": "nb_articles",
        "type": "bigint"
      },
      {
        "name": "csat_presales",
        "type": "string",
        "meaning": "Text"
      },
      {
        "name": "shipping_fees",
        "type": "string"
      },
      {
        "name": "bv_transaction",
        "type": "string"
      },
      {
        "name": "payment_method",
        "type": "string"
      },
      {
        "name": "last_paid_channel",
        "type": "string"
      },
      {
        "name": "has_presales_contact",
        "type": "boolean"
      },
      {
        "name": "has_manodvisor_contact",
        "type": "boolean"
      },
      {
        "name": "shipping_fees_bucket",
        "type": "string",
        "meaning": "Text"
      },
      {
        "name": "bv_transaction_bucket",
        "type": "string",
        "meaning": "Text"
      },
      {
        "name": "themes",
        "type": "string"
      },
      {
        "name": "tags",
        "type": "string"
      },
      {
        "name": "email quality",
        "type": "bigint"
      },
      {
        "name": " guest account",
        "type": "bigint"
      },
      {
        "name": "Tags_ Difficulty Paying",
        "type": "bigint"
      },
      {
        "name": "Tags_ Lacking Payment Methods",
        "type": "bigint"
      },
      {
        "name": "Tags_ Signup/Login",
        "type": "bigint"
      },
      {
        "name": "Tags_  Product Info",
        "type": "bigint"
      },
      {
        "name": "Tags_ Using Coupons",
        "type": "bigint"
      },
      {
        "name": "Tags_  Finding Products",
        "type": "bigint"
      },
      {
        "name": "Tags_ Returns Info",
        "type": "bigint"
      },
      {
        "name": "Tags_ Presales Support",
        "type": "bigint"
      },
      {
        "name": "Tags_  Delivery Fees",
        "type": "bigint"
      },
      {
        "name": "Tags_  Finding Compatible Products",
        "type": "bigint"
      },
      {
        "name": "Tags_  Delivery Options",
        "type": "bigint"
      }
    ],
    "userModified": true
  },
  "dkuProperties": [],
  "metrics": {
    "probes": [
      {
        "type": "basic",
        "enabled": false,
        "computeOnBuildMode": "PARTITION",
        "meta": {
          "name": "Basic data",
          "level": 0
        },
        "configuration": {}
      },
      {
        "type": "records",
        "enabled": false,
        "computeOnBuildMode": "NO",
        "meta": {
          "name": "Record count",
          "level": 0
        },
        "configuration": {}
      },
      {
        "type": "col_stats",
        "enabled": true,
        "computeOnBuildMode": "NO",
        "meta": {
          "name": "Columns statistics",
          "level": 2
        },
        "configuration": {
          "aggregates": [
            {
              "column": "Customer_Effort_Score",
              "aggregated": "MEAN"
            },
            {
              "column": "Customer_Effort_Score_category",
              "aggregated": "COUNT_DISTINCT"
            }
          ]
        }
      },
      {
        "type": "adv_col_stats",
        "enabled": true,
        "computeOnBuildMode": "NO",
        "meta": {
          "name": "Most frequent values",
          "level": 3
        },
        "configuration": {
          "aggregates": [
            {
              "column": "Customer_Effort_Score_category",
              "aggregated": "TOP10_WITH_COUNTS"
            }
          ],
          "numberTopValues": 10
        }
      },
      {
        "type": "percentile_stats",
        "enabled": false,
        "computeOnBuildMode": "NO",
        "meta": {
          "name": "Columns percentiles",
          "level": 4
        },
        "configuration": {
          "aggregates": []
        }
      },
      {
        "type": "verify_col",
        "enabled": false,
        "computeOnBuildMode": "NO",
        "meta": {
          "name": "Data validity",
          "level": 4
        },
        "configuration": {
          "aggregates": []
        }
      },
      {
        "type": "python",
        "enabled": true,
        "computeOnBuildMode": "NO",
        "meta": {
          "name": "Python probe",
          "level": 8
        },
        "configuration": {
          "code": "# Define here a function that returns the metric.\ndef process(dataset, partition_id):\n    df \u003d dataset.get_dataframe()\n    df_per_cust_categ \u003d df.groupby(\u0027Customer_Effort_Score_category\u0027).agg({\u0027id\u0027: \u0027count\u0027})\n    \n    def get_percentage(x):\n        return f\"{round((x / sum(df_per_cust_categ[\u0027id\u0027])) * 100, 2)}%\"\n    \n    df_per_cust_categ[\u0027percentage\u0027] \u003d df_per_cust_categ[\u0027id\u0027].apply(get_percentage)\n    \n    # dataset is a dataiku.Dataset object\n    return {\u0027% of detractors\u0027 : df_per_cust_categ.iloc[0,1], \u0027% of promotors\u0027 : df_per_cust_categ.iloc[2,1]}\n",
          "envSelection": {
            "envMode": "INHERIT"
          }
        }
      }
    ],
    "engineConfig": {
      "padRunsWithMetrics": false,
      "hive": {
        "active": true,
        "extraConf": []
      },
      "basic": {},
      "dss": {
        "active": true,
        "selection": {
          "useMemTable": false,
          "filter": {
            "distinct": false,
            "enabled": false
          },
          "partitionSelectionMethod": "ALL",
          "latestPartitionsN": 1,
          "ordering": {
            "enabled": false,
            "rules": []
          },
          "samplingMethod": "FULL",
          "maxRecords": -1,
          "targetRatio": 0.02,
          "withinFirstN": -1,
          "maxReadUncompressedBytes": -1
        }
      },
      "sql": {
        "active": true
      },
      "impala": {
        "active": true
      },
      "spark": {
        "active": true,
        "extraConf": []
      },
      "python": {}
    },
    "displayedState": {
      "partition": "NP",
      "columns": [],
      "metrics": [
        "col_stats:MEAN:Customer_Effort_Score",
        "col_stats:COUNT:Customer_Effort_Score_category",
        "adv_col_stats:TOP10_WITH_COUNTS:Customer_Effort_Score_category",
        "python:% of detractors:Python probe",
        "python:% of promotors:Python probe"
      ]
    }
  },
  "metricsChecks": {
    "runOnBuild": false,
    "checks": [],
    "displayedState": {
      "partition": "NP",
      "checks": []
    }
  },
  "customFields": {}
}