{
  "type": "S3",
  "managed": true,
  "formatType": "csv",
  "checklists": {
    "checklists": []
  },
  "checks": [],
  "customMeta": {
    "kv": {}
  },
  "flowOptions": {
    "virtualizable": true,
    "rebuildBehavior": "NORMAL",
    "crossProjectBuildBehavior": "DEFAULT"
  },
  "readWriteOptions": {
    "preserveOrder": false,
    "writeBuckets": 1,
    "forceSingleOutputFile": false,
    "defaultReadOrdering": {
      "enabled": false,
      "rules": []
    }
  },
  "formatParams": {
    "style": "unix",
    "charset": "utf8",
    "separator": "\t",
    "quoteChar": "\"",
    "escapeChar": "\\",
    "dateSerializationFormat": "ISO",
    "arrayMapFormat": "json",
    "hiveSeparators": [
      "\u0002",
      "\u0003",
      "\u0004",
      "\u0005",
      "\u0006",
      "\u0007",
      "\b"
    ],
    "skipRowsBeforeHeader": 0,
    "parseHeaderRow": false,
    "skipRowsAfterHeader": 0,
    "probableNumberOfRecords": 0,
    "normalizeBooleans": false,
    "normalizeDoubles": true,
    "readAdditionalColumnsBehavior": "INSERT_IN_DATA_WARNING",
    "readMissingColumnsBehavior": "DISCARD_SILENT",
    "readDataTypeMismatchBehavior": "DISCARD_WARNING",
    "writeDataTypeMismatchBehavior": "DISCARD_WARNING",
    "fileReadFailureBehavior": "FAIL",
    "compress": "gz"
  },
  "partitioning": {
    "ignoreNonMatchingFile": false,
    "considerMissingRequestedPartitionsAsEmpty": false,
    "dimensions": []
  },
  "versionTag": {
    "versionNumber": 8,
    "lastModifiedBy": {
      "login": "alexandra-houssin_student2021@wilder.school"
    },
    "lastModifiedOn": 1642676268578
  },
  "creationTag": {
    "versionNumber": 0,
    "lastModifiedBy": {
      "login": "aurore-lemaitre_student2021@wilder.school"
    },
    "lastModifiedOn": 1642670666635
  },
  "tags": [],
  "params": {
    "bucket": "gis-data-eu-west-3",
    "metastoreSynchronizationEnabled": true,
    "metastoreDatabaseName": "default",
    "metastoreTableName": "${projectKey}_main_dataset_CES_get_dummies",
    "connection": "dataiku-managed-storage",
    "path": "/managed-dss-data/${projectKey}/main_dataset_CES_get_dummies",
    "notReadyIfEmpty": false,
    "filesSelectionRules": {
      "mode": "ALL",
      "excludeRules": [],
      "includeRules": [],
      "explicitFiles": []
    }
  },
  "schema": {
    "columns": [
      {
        "name": "NPS",
        "type": "bigint"
      }
    ],
    "userModified": true
  },
  "dkuProperties": [],
  "metrics": {
    "probes": [
      {
        "type": "basic",
        "enabled": true,
        "computeOnBuildMode": "PARTITION",
        "meta": {
          "name": "Basic data",
          "level": 0
        },
        "configuration": {}
      },
      {
        "type": "records",
        "enabled": true,
        "computeOnBuildMode": "NO",
        "meta": {
          "name": "Record count",
          "level": 0
        },
        "configuration": {}
      },
      {
        "type": "col_stats",
        "enabled": true,
        "computeOnBuildMode": "NO",
        "meta": {
          "name": "Columns statistics",
          "level": 2
        },
        "configuration": {
          "aggregates": [
            {
              "column": "NPS",
              "aggregated": "MIN"
            }
          ]
        }
      },
      {
        "type": "adv_col_stats",
        "enabled": false,
        "computeOnBuildMode": "NO",
        "meta": {
          "name": "Most frequent values",
          "level": 3
        },
        "configuration": {
          "aggregates": [],
          "numberTopValues": 10
        }
      },
      {
        "type": "percentile_stats",
        "enabled": false,
        "computeOnBuildMode": "NO",
        "meta": {
          "name": "Columns percentiles",
          "level": 4
        },
        "configuration": {
          "aggregates": []
        }
      },
      {
        "type": "verify_col",
        "enabled": false,
        "computeOnBuildMode": "NO",
        "meta": {
          "name": "Data validity",
          "level": 4
        },
        "configuration": {
          "aggregates": []
        }
      }
    ],
    "engineConfig": {
      "padRunsWithMetrics": false,
      "hive": {
        "active": true,
        "extraConf": []
      },
      "basic": {},
      "dss": {
        "active": true,
        "selection": {
          "useMemTable": false,
          "filter": {
            "distinct": false,
            "enabled": false
          },
          "partitionSelectionMethod": "ALL",
          "latestPartitionsN": 1,
          "ordering": {
            "enabled": false,
            "rules": []
          },
          "samplingMethod": "FULL",
          "maxRecords": -1,
          "targetRatio": 0.02,
          "withinFirstN": -1,
          "maxReadUncompressedBytes": -1
        }
      },
      "sql": {
        "active": true
      },
      "impala": {
        "active": true
      },
      "spark": {
        "active": true,
        "extraConf": []
      },
      "python": {}
    },
    "displayedState": {
      "partition": "NP",
      "columns": [],
      "metrics": [
        "basic:COUNT_COLUMNS",
        "basic:COUNT_FILES",
        "basic:SIZE",
        "records:COUNT_RECORDS",
        "col_stats:COUNT_DISTINCT:NPS",
        "col_stats:MIN:NPS"
      ]
    }
  },
  "metricsChecks": {
    "runOnBuild": false,
    "checks": [],
    "displayedState": {
      "partition": "NP",
      "checks": []
    }
  },
  "customFields": {}
}