{
  "type": "S3",
  "managed": true,
  "formatType": "parquet",
  "checklists": {
    "checklists": []
  },
  "checks": [],
  "customMeta": {
    "kv": {}
  },
  "flowOptions": {
    "virtualizable": true,
    "rebuildBehavior": "NORMAL",
    "crossProjectBuildBehavior": "DEFAULT"
  },
  "readWriteOptions": {
    "preserveOrder": false,
    "writeBuckets": 1,
    "forceSingleOutputFile": false,
    "defaultReadOrdering": {
      "enabled": false,
      "rules": []
    }
  },
  "formatParams": {
    "parquetLowerCaseIdentifiers": false,
    "representsNullFields": false,
    "parquetCompressionMethod": "SNAPPY",
    "parquetFlavor": "HIVE",
    "parquetBlockSizeMB": 128
  },
  "partitioning": {
    "ignoreNonMatchingFile": false,
    "considerMissingRequestedPartitionsAsEmpty": false,
    "dimensions": []
  },
  "versionTag": {
    "versionNumber": 6,
    "lastModifiedBy": {
      "login": "alexandra-houssin_student2021@wilder.school"
    },
    "lastModifiedOn": 1642705689693
  },
  "creationTag": {
    "versionNumber": 0,
    "lastModifiedBy": {
      "login": "alexandra-houssin_student2021@wilder.school"
    },
    "lastModifiedOn": 1642704378315
  },
  "tags": [],
  "params": {
    "bucket": "gis-data-eu-west-3",
    "metastoreSynchronizationEnabled": true,
    "metastoreDatabaseName": "default",
    "metastoreTableName": "${projectKey}_perf_metrics",
    "connection": "dataiku-managed-storage",
    "path": "/managed-dss-data/${projectKey}/perf_metrics",
    "notReadyIfEmpty": false,
    "filesSelectionRules": {
      "mode": "ALL",
      "excludeRules": [],
      "includeRules": [],
      "explicitFiles": []
    }
  },
  "schema": {
    "columns": [
      {
        "name": "target_column",
        "type": "string",
        "comment": "Aggregated and per-time-series metrics"
      },
      {
        "name": "model",
        "type": "string",
        "comment": "Model name"
      },
      {
        "name": "mse",
        "type": "double",
        "comment": "Mean Squared Error"
      },
      {
        "name": "mase",
        "type": "double",
        "comment": "Mean Absolute Scaled Error"
      },
      {
        "name": "mape",
        "type": "double",
        "comment": "Mean Absolute Percentage Error"
      },
      {
        "name": "smape",
        "type": "double",
        "comment": "Symmetric Mean Absolute Percentage Error"
      },
      {
        "name": "msis",
        "type": "double",
        "comment": "Mean Scaled Interval Score"
      },
      {
        "name": "rmse",
        "type": "double",
        "comment": "Root Mean Square Error"
      },
      {
        "name": "nd",
        "type": "double",
        "comment": "Normalized Deviation"
      },
      {
        "name": "mean_wquantileloss",
        "type": "double",
        "comment": "Mean Weighted Quantile Loss"
      },
      {
        "name": "run_time",
        "type": "double",
        "comment": "Time elapsed during model training and evaluation (in seconds)"
      },
      {
        "name": "model_params",
        "type": "string",
        "comment": "Parameters used for training"
      },
      {
        "name": "training_session",
        "type": "string",
        "comment": "Timestamp of training session"
      }
    ],
    "userModified": false
  },
  "dkuProperties": [],
  "metrics": {
    "probes": [
      {
        "type": "basic",
        "enabled": true,
        "computeOnBuildMode": "PARTITION",
        "meta": {
          "name": "Basic data",
          "level": 0
        },
        "configuration": {}
      },
      {
        "type": "records",
        "enabled": true,
        "computeOnBuildMode": "NO",
        "meta": {
          "name": "Record count",
          "level": 0
        },
        "configuration": {}
      }
    ],
    "engineConfig": {
      "padRunsWithMetrics": false,
      "hive": {
        "active": true,
        "extraConf": []
      },
      "basic": {},
      "dss": {
        "active": true,
        "selection": {
          "useMemTable": false,
          "filter": {
            "distinct": false,
            "enabled": false
          },
          "partitionSelectionMethod": "ALL",
          "latestPartitionsN": 1,
          "ordering": {
            "enabled": false,
            "rules": []
          },
          "samplingMethod": "FULL",
          "maxRecords": -1,
          "targetRatio": 0.02,
          "withinFirstN": -1,
          "maxReadUncompressedBytes": -1
        }
      },
      "sql": {
        "active": true
      },
      "impala": {
        "active": true
      },
      "spark": {
        "active": true,
        "extraConf": []
      },
      "python": {}
    },
    "displayedState": {
      "columns": [],
      "metrics": [
        "basic:COUNT_COLUMNS",
        "basic:COUNT_FILES",
        "basic:SIZE",
        "records:COUNT_RECORDS"
      ]
    }
  },
  "metricsChecks": {
    "runOnBuild": false,
    "checks": [],
    "displayedState": {
      "checks": []
    }
  },
  "customFields": {}
}