{
  "steps": [],
  "maxProcessedMemTableBytes": -1,
  "columnsSelection": {
    "mode": "ALL"
  },
  "columnWidthsByName": {},
  "coloring": {
    "scheme": "MEANING_AND_STATUS",
    "individualColumns": [],
    "valueColoringMode": "HASH"
  },
  "sorting": [],
  "analysisColumnData": {
    "csat_presales": {
      "meaning": "Text"
    },
    "shipping_fees_bucket": {
      "meaning": "Text"
    },
    "tokens": {
      "meaning": "Text"
    },
    "Customer_Effort_Score_copy": {
      "meaning": "Text"
    }
  },
  "explorationSampling": {
    "selection": {
      "maxStoredBytes": 104857600,
      "timeout": -1,
      "filter": {
        "distinct": false,
        "enabled": false
      },
      "partitionSelectionMethod": "ALL",
      "latestPartitionsN": 1,
      "ordering": {
        "enabled": false,
        "rules": []
      },
      "samplingMethod": "HEAD_SEQUENTIAL",
      "maxRecords": 100000,
      "targetRatio": 0.02,
      "withinFirstN": -1,
      "maxReadUncompressedBytes": -1
    },
    "autoRefreshSample": false,
    "_refreshTrigger": 1
  },
  "vizSampling": {
    "selection": {
      "useMemTable": false,
      "filter": {
        "distinct": false,
        "enabled": false
      },
      "partitionSelectionMethod": "ALL",
      "latestPartitionsN": 1,
      "ordering": {
        "enabled": false,
        "rules": []
      },
      "samplingMethod": "FULL",
      "maxRecords": -1,
      "targetRatio": 0.02,
      "withinFirstN": -1,
      "maxReadUncompressedBytes": -1
    },
    "autoRefreshSample": false,
    "_refreshTrigger": 0
  },
  "exploreUIParams": {},
  "globalSearchQuery": "",
  "explorationFilters": [],
  "previewMode": "ALL_ROWS"
}