{
  "script": {
    "steps": [],
    "maxProcessedMemTableBytes": -1,
    "columnsSelection": {
      "mode": "ALL"
    },
    "columnWidthsByName": {
      "id": 100,
      "comment": 204,
      "original_comment": 204,
      "score": 100,
      "data_scale": 100,
      "data_source": 162,
      "created_at": 183,
      "date": 100,
      "day": 100,
      "month": 100,
      "is_mf": 100,
      "device": 100,
      "family": 169,
      "is_b2b": 100,
      "reason": 183,
      "browser": 232,
      "zipcode": 100,
      "category": 300,
      "language": 106,
      "platform": 100,
      "provider": 225,
      "first_order": 100,
      "nb_articles": 100,
      "csat_presales": 113,
      "shipping_fees": 113,
      "bv_transaction": 120,
      "payment_method": 120,
      "operating_system": 162,
      "last_paid_channel": 143,
      "has_presales_contact": 165,
      "shipping_fees_bucket": 165,
      "bv_transaction_bucket": 173,
      "has_manodvisor_contact": 180,
      "themes": 204,
      "tags": 176
    },
    "coloring": {
      "scheme": "MEANING_AND_STATUS",
      "individualColumns": [],
      "valueColoringMode": "HASH"
    },
    "sorting": [],
    "analysisColumnData": {},
    "explorationSampling": {
      "selection": {
        "maxStoredBytes": 104857600,
        "timeout": -1,
        "filter": {
          "distinct": false,
          "enabled": false
        },
        "partitionSelectionMethod": "ALL",
        "latestPartitionsN": 1,
        "ordering": {
          "enabled": false,
          "rules": []
        },
        "samplingMethod": "RANDOM_FIXED_NB_EXACT",
        "maxRecords": 30000,
        "targetRatio": 0.02,
        "withinFirstN": -1,
        "maxReadUncompressedBytes": -1
      },
      "autoRefreshSample": false,
      "_refreshTrigger": 2
    },
    "vizSampling": {
      "selection": {
        "useMemTable": false,
        "filter": {
          "distinct": false,
          "enabled": false
        },
        "partitionSelectionMethod": "ALL",
        "latestPartitionsN": 1,
        "ordering": {
          "enabled": false,
          "rules": []
        },
        "samplingMethod": "FULL",
        "maxRecords": -1,
        "targetRatio": 0.02,
        "withinFirstN": -1,
        "maxReadUncompressedBytes": -1
      },
      "autoRefreshSample": false,
      "_refreshTrigger": 0
    },
    "exploreUIParams": {
      "autoRefresh": true
    },
    "globalSearchQuery": "",
    "explorationFilters": [],
    "previewMode": "ALL_ROWS"
  },
  "charts": []
}