{
  "inputDatasetSmartName": "main_dataset",
  "script": {
    "steps": [
      {
        "type": "ColumnSplitter",
        "params": {
          "inCol": "tags",
          "separator": ";",
          "outColPrefix": "tags_",
          "keepEmptyChunks": false,
          "target": "JSON",
          "limitOutput": false,
          "limit": 0
        },
        "metaType": "PROCESSOR",
        "preview": false,
        "disabled": false,
        "alwaysShowComment": false,
        "designTimeReport": {
          "report": {
            "createdColumnCount": 0
          }
        }
      },
      {
        "type": "ArrayFold",
        "params": {
          "column": "tags_"
        },
        "metaType": "PROCESSOR",
        "preview": true,
        "disabled": false,
        "alwaysShowComment": false
      }
    ],
    "maxProcessedMemTableBytes": -1,
    "columnsSelection": {
      "mode": "ALL"
    },
    "columnWidthsByName": {
      "id": 100,
      "comment": 190,
      "tokens": 183,
      "original_comment": 197,
      "Customer_Effort_Score": 173,
      "position": 100,
      "Customer_Effort_Score_copy": 210,
      "Customer_Effort_Score_category": 240,
      "created_at": 183,
      "date": 100,
      "date_parsed": 183,
      "day": 100,
      "month": 100,
      "is_mf": 100,
      "device": 100,
      "browser": 134,
      "operating_system": 135,
      "family": 169,
      "is_b2b": 100,
      "reason": 183,
      "category": 300,
      "country": 100,
      "GeoPoint": 197,
      "provider": 211,
      "first_order": 100,
      "nb_articles": 100,
      "csat_presales": 113,
      "shipping_fees": 113,
      "bv_transaction": 120,
      "payment_method": 120,
      "last_paid_channel": 143,
      "has_presales_contact": 165,
      "has_manodvisor_contact": 180,
      "shipping_fees_bucket": 165,
      "bv_transaction_bucket": 173,
      "themes": 197,
      "tags": 176,
      "Tags_  Delivery Fees": 165,
      "Tags_  Finding Compatible Products": 270,
      "Tags_ Returns Info": 150,
      "Tags_ Lacking Payment Methods": 233,
      "Tags_  Delivery Options": 188,
      "Tags_ Signup/Login": 150,
      "Tags_  Product Info": 158,
      "Tags_ Using Coupons": 158,
      "Tags_  Finding Products": 188,
      "Tags_ Difficulty Paying": 188,
      "Tags_ Presales Support": 180,
      "tags_": 176,
      "tags_0": 113,
      "tags_1": 113,
      "tags_2": 113,
      "tags_3": 113,
      "tags_4": 100,
      "tags_5": 100,
      "tags_6": 100,
      "tags_7": 100,
      "tags_8": 100,
      "tags_9": 113,
      "tags_10": 100,
      "nb_of_the_day": 113,
      "nb_of_the_month": 128,
      "email quality": 113,
      " guest account": 120
    },
    "coloring": {
      "scheme": "MEANING_AND_STATUS",
      "individualColumns": [],
      "valueColoringMode": "HASH"
    },
    "sorting": [
      {
        "column": "tags",
        "ascending": true
      }
    ],
    "analysisColumnData": {
      "csat_presales": {
        "meaning": "Text"
      },
      "shipping_fees_bucket": {
        "meaning": "Text"
      },
      "tokens": {
        "meaning": "Text"
      },
      "Customer_Effort_Score_copy": {
        "meaning": "Text"
      }
    },
    "explorationSampling": {
      "selection": {
        "maxStoredBytes": 104857600,
        "timeout": -1,
        "filter": {
          "distinct": false,
          "enabled": false
        },
        "partitionSelectionMethod": "ALL",
        "latestPartitionsN": 1,
        "ordering": {
          "enabled": false,
          "rules": []
        },
        "samplingMethod": "HEAD_SEQUENTIAL",
        "maxRecords": 100000,
        "targetRatio": 0.02,
        "withinFirstN": -1,
        "maxReadUncompressedBytes": -1
      },
      "autoRefreshSample": false,
      "_refreshTrigger": 1
    },
    "vizSampling": {
      "selection": {
        "useMemTable": false,
        "filter": {
          "distinct": false,
          "enabled": false
        },
        "partitionSelectionMethod": "ALL",
        "latestPartitionsN": 1,
        "ordering": {
          "enabled": false,
          "rules": []
        },
        "samplingMethod": "FULL",
        "maxRecords": -1,
        "targetRatio": 0.02,
        "withinFirstN": -1,
        "maxReadUncompressedBytes": -1
      },
      "autoRefreshSample": false,
      "_refreshTrigger": 0
    },
    "exploreUIParams": {
      "autoRefresh": true
    },
    "globalSearchQuery": "",
    "explorationFilters": [],
    "previewMode": "ALL_ROWS"
  },
  "charts": [
    {
      "copySelectionFromScript": true,
      "def": {
        "type": "grouped_columns",
        "variant": "normal",
        "name": "New chart",
        "userEditedName": false,
        "genericDimension0": [],
        "genericDimension1": [],
        "facetDimension": [],
        "animationDimension": [],
        "genericMeasures": [],
        "xDimension": [],
        "yDimension": [],
        "uaXDimension": [],
        "uaYDimension": [],
        "uaSize": [],
        "uaShape": [],
        "uaColor": [],
        "uaTooltip": [],
        "groupDimension": [],
        "xMeasure": [],
        "yMeasure": [],
        "colorMeasure": [],
        "sizeMeasure": [],
        "geometry": [],
        "tooltipMeasures": [],
        "boxplotBreakdownDim": [],
        "boxplotValue": [],
        "axis1LogScale": false,
        "axis2LogScale": false,
        "includeZero": true,
        "smoothing": true,
        "showLegend": true,
        "showXAxis": false,
        "showInChartValues": false,
        "showInChartLabels": true,
        "strokeWidth": 1,
        "fillOpacity": 0.6,
        "showXAxisLabel": true,
        "showYAxisLabel": true,
        "displayXAxis": true,
        "displayYAxis": true,
        "hexbinRadius": 20,
        "hexbinNumber": 20,
        "hexbinRadiusMode": "NUM_HEXAGONS",
        "yCustomExtent": {
          "editMode": "AUTO",
          "manualExtent": [
            null,
            null
          ]
        },
        "xCustomExtent": {
          "editMode": "AUTO",
          "manualExtent": [
            null,
            null
          ]
        },
        "chartHeight": 200,
        "singleXAxis": true,
        "multiTooltips": false,
        "animationFrameDuration": 3000,
        "animationRepeat": true,
        "colorOptions": {
          "singleColor": "#2678B1",
          "transparency": 0.75,
          "colorPalette": "default",
          "ccScaleMode": "NORMAL",
          "customPalette": {
            "id": "__dku_custom__",
            "name": "Custom Palette",
            "colors": [],
            "values": [],
            "fixedValues": false
          },
          "paletteType": "CONTINUOUS",
          "quantizationMode": "NONE",
          "numQuantizeSteps": 5,
          "paletteMiddleValue": 0.0,
          "customColors": {},
          "heatDensityMapIntensity": 0.5,
          "heatDensityMapRadius": 0.5
        },
        "bubblesOptions": {
          "defaultRadius": 5.0,
          "singleShape": "FILLED_CIRCLE"
        },
        "computeMode": "NORMAL",
        "xAxisMode": "NORMAL",
        "yAxisMode": "NORMAL",
        "pieOptions": {
          "donutHoleSize": 54.0
        },
        "scatterOptions": {
          "equalScales": false,
          "identityLine": false
        },
        "mapOptions": {
          "tilesLayer": "cartodb-positron",
          "lockSquareGrid": false
        },
        "mapGridOptions": {
          "gridLonDeg": 0.6,
          "gridLatDeg": 0.6
        },
        "disableSafetyLimits": false,
        "useLiveProcessingIfAvailable": true,
        "legendPlacement": "OUTER_RIGHT"
      }
    }
  ],
  "name": "Analyze tags",
  "versionTag": {
    "versionNumber": 30,
    "lastModifiedBy": {
      "login": "alexandra-houssin_student2021@wilder.school"
    },
    "lastModifiedOn": 1642691204567
  },
  "creationTag": {
    "versionNumber": 0,
    "lastModifiedBy": {
      "login": "guillaume.arp@gmail.com"
    },
    "lastModifiedOn": 1642674037192
  },
  "tags": [],
  "customFields": {},
  "checklists": {
    "checklists": []
  }
}