{
  "dataSpec": {
    "inputDatasetSmartName": "main_dataset_CES_get_dummies",
    "datasetSelection": {
      "useMemTable": false,
      "filter": {
        "distinct": false,
        "enabled": false
      },
      "partitionSelectionMethod": "ALL",
      "latestPartitionsN": 1,
      "ordering": {
        "enabled": false,
        "rules": []
      },
      "samplingMethod": "HEAD_SEQUENTIAL",
      "maxRecords": 100000,
      "targetRatio": 0.02,
      "withinFirstN": -1,
      "maxReadUncompressedBytes": -1
    },
    "autoRefreshSample": true,
    "refreshTrigger": 0,
    "containerSelection": {
      "containerMode": "INHERIT"
    }
  },
  "rootCard": {
    "type": "worksheet_root",
    "confidenceLevel": 0.95,
    "showConfidenceInterval": false,
    "cards": [
      {
        "type": "univariate_header",
        "showHistogram": true,
        "showQuantile": false,
        "showFrequencyTable": false,
        "showSummary": false,
        "showBoxPlot": false,
        "showCumulativeDistributionFunction": false,
        "xColumns": [
          {
            "name": "NPS",
            "type": "CONTINUOUS"
          }
        ],
        "cards": [
          {
            "type": "column_card",
            "column": {
              "name": "NPS",
              "type": "CONTINUOUS"
            },
            "cards": [
              {
                "type": "numerical_histogram",
                "showBoxPlot": false,
                "showHistogram": true,
                "binningMode": "AUTO",
                "nbBins": 25,
                "customBinningBoundaries": [],
                "column": {
                  "name": "NPS",
                  "type": "CONTINUOUS"
                },
                "id": "6lHZYRa"
              }
            ],
            "id": "HdI5JFT"
          }
        ],
        "id": "gwMCQen"
      }
    ],
    "id": "k02jAVU"
  },
  "name": "Worksheet",
  "versionTag": {
    "versionNumber": 3,
    "lastModifiedBy": {
      "login": "aurore-lemaitre_student2021@wilder.school"
    },
    "lastModifiedOn": 1642675574437
  },
  "creationTag": {
    "versionNumber": 0,
    "lastModifiedBy": {
      "login": "aurore-lemaitre_student2021@wilder.school"
    },
    "lastModifiedOn": 1642675493441
  },
  "tags": [],
  "customFields": {},
  "checklists": {
    "checklists": []
  }
}