{
  "dataSpec": {
    "inputDatasetSmartName": "main_dataset_CES",
    "datasetSelection": {
      "useMemTable": false,
      "filter": {
        "distinct": false,
        "enabled": false
      },
      "partitionSelectionMethod": "ALL",
      "latestPartitionsN": 1,
      "ordering": {
        "enabled": false,
        "rules": []
      },
      "samplingMethod": "HEAD_SEQUENTIAL",
      "maxRecords": 100000,
      "targetRatio": 0.02,
      "withinFirstN": -1,
      "maxReadUncompressedBytes": -1
    },
    "autoRefreshSample": true,
    "refreshTrigger": 0,
    "containerSelection": {
      "containerMode": "INHERIT"
    }
  },
  "rootCard": {
    "type": "worksheet_root",
    "confidenceLevel": 0.95,
    "showConfidenceInterval": false,
    "cards": [
      {
        "type": "univariate_header",
        "showHistogram": true,
        "showQuantile": true,
        "showFrequencyTable": true,
        "showSummary": true,
        "showBoxPlot": true,
        "showCumulativeDistributionFunction": false,
        "xColumns": [
          {
            "name": "Customer_Effort_Score",
            "type": "CATEGORICAL"
          },
          {
            "name": "country",
            "type": "CATEGORICAL"
          }
        ],
        "cards": [
          {
            "type": "column_card",
            "column": {
              "name": "Customer_Effort_Score",
              "type": "CATEGORICAL"
            },
            "cards": [
              {
                "type": "categorical_histogram",
                "maxValues": 10,
                "groupOthers": false,
                "column": {
                  "name": "Customer_Effort_Score",
                  "type": "CATEGORICAL"
                },
                "id": "YXJJ2gb"
              },
              {
                "type": "univariate_summary",
                "confidenceLevel": 0.95,
                "showConfidenceInterval": false,
                "compute": {
                  "totalCount": true,
                  "mean": true,
                  "sum": false,
                  "median": true,
                  "std": true,
                  "variance": false,
                  "skewness": false,
                  "kurtosis": false,
                  "sem": false,
                  "completeCount": true,
                  "nbEmpty": true,
                  "zeroCount": false,
                  "zeroRatio": false,
                  "nonZeroRatio": false,
                  "iqr": false,
                  "distinctCount": true,
                  "nbNonEmpty": false,
                  "min": true,
                  "max": true,
                  "range": false,
                  "mode": true
                },
                "column": {
                  "name": "Customer_Effort_Score",
                  "type": "CATEGORICAL"
                },
                "id": "g5OFQjd"
              },
              {
                "type": "univariate_frequency_table",
                "maxValues": 10,
                "column": {
                  "name": "Customer_Effort_Score",
                  "type": "CATEGORICAL"
                },
                "id": "xkAt2s3"
              }
            ],
            "id": "olcDGl4"
          },
          {
            "type": "column_card",
            "column": {
              "name": "country",
              "type": "CATEGORICAL"
            },
            "cards": [
              {
                "type": "categorical_histogram",
                "maxValues": 10,
                "groupOthers": false,
                "column": {
                  "name": "country",
                  "type": "CATEGORICAL"
                },
                "id": "WKB4QF6"
              },
              {
                "type": "univariate_summary",
                "confidenceLevel": 0.95,
                "showConfidenceInterval": false,
                "compute": {
                  "totalCount": true,
                  "mean": true,
                  "sum": false,
                  "median": true,
                  "std": true,
                  "variance": false,
                  "skewness": false,
                  "kurtosis": false,
                  "sem": false,
                  "completeCount": true,
                  "nbEmpty": true,
                  "zeroCount": false,
                  "zeroRatio": false,
                  "nonZeroRatio": false,
                  "iqr": false,
                  "distinctCount": true,
                  "nbNonEmpty": false,
                  "min": true,
                  "max": true,
                  "range": false,
                  "mode": true
                },
                "column": {
                  "name": "country",
                  "type": "CATEGORICAL"
                },
                "id": "6bT0kHf"
              },
              {
                "type": "univariate_frequency_table",
                "maxValues": 10,
                "column": {
                  "name": "country",
                  "type": "CATEGORICAL"
                },
                "id": "JCyzgYI"
              }
            ],
            "id": "Jr41KKd"
          }
        ],
        "splitBy": {
          "groupingColumn": {
            "name": "Customer_Effort_Score_category",
            "type": "CATEGORICAL"
          },
          "binningMode": "AUTO",
          "maxValues": 3,
          "groupWithOthers": true,
          "customBinningBoundaries": [],
          "groupWithAll": true
        },
        "id": "kO40Opd"
      }
    ],
    "id": "O92e9jh"
  },
  "name": "Worksheet",
  "versionTag": {
    "versionNumber": 3,
    "lastModifiedBy": {
      "login": "aurore-lemaitre_student2021@wilder.school"
    },
    "lastModifiedOn": 1642632418440
  },
  "creationTag": {
    "versionNumber": 0,
    "lastModifiedBy": {
      "login": "aurore-lemaitre_student2021@wilder.school"
    },
    "lastModifiedOn": 1642632171512
  },
  "tags": [],
  "customFields": {},
  "checklists": {
    "checklists": []
  }
}