{
    "modelInputNRows": 60655,
    "modelInputNCols": 215,
    "modelInputIsSparse": false,
    "modelInputMemory": 104326600,
    "lmCoefficients": {
        "variables": [
            "shipping_fees",
            "nb_articles",
            "dummy:country:FR",
            "dummy:country:IT",
            "dummy:country:GB",
            "dummy:country:ES",
            "dummy:payment_method:paypal",
            "dummy:payment_method:oney3x",
            "dummy:payment_method:transfer",
            "dummy:has_presales_contact:false",
            "dummy:bv_transaction_bucket:001 - 100",
            "dummy:device:phone",
            "dummy:provider:ID Market",
            "dummy:provider:A Super Mall",
            "dummy:provider:Made4home",
            "dummy:provider:BES Elettronica",
            "dummy:provider:Espace-B",
            "dummy:provider:Living and Home",
            "dummy:provider:Arebos",
            "dummy:provider:Webmotoculture",
            "dummy:provider:Value Lights",
            "dummy:provider:Jardimax",
            "dummy:provider:Elegant Showers",
            "dummy:provider:Aosom MF IT",
            "dummy:provider:R.On.",
            "dummy:provider:Sanundo",
            "dummy:provider:EMC Motoculture",
            "dummy:browser:Safari",
            "dummy:browser:Mobile Safari",
            "dummy:browser:Other",
            "dummy:browser:MiuiBrowser",
            "dummy:browser:Firefox Mobile",
            "dummy:csat_presales:neutral",
            "dummy:operating_system:Windows",
            "dummy:first_order:false",
            "dummy:has_manodvisor_contact:false",
            "dummy:last_paid_channel:DIRECT_ACCESS",
            "dummy:last_paid_channel:SEO-BRAND",
            "dummy:last_paid_channel:RETARGETING",
            "dummy:last_paid_channel:VIRAL-BRAND",
            "dummy:shipping_fees_bucket:000",
            "dummy:shipping_fees_bucket:006 - 010",
            "dummy:shipping_fees_bucket:011 - 020",
            "dummy:family:Jardin piscine",
            "dummy:family:Mobilier d'int\u00e9rieur",
            "dummy:family:Salle de bain, WC",
            "dummy:family:Luminaire",
            "dummy:family:Electricit\u00e9",
            "dummy:family:Rev\u00eatement sol et mur"
        ],
        "coefs": [
            -0.007610468193861592,
            -0.057804287326912174,
            0.05615813243782557,
            0.09794431567171344,
            0.07155068454258053,
            -0.03552110894965905,
            0.10350792077327904,
            0.062425250011324075,
            -0.5373975367255397,
            0.19767846733947006,
            0.05471379182915937,
            0.21914638246117207,
            0.004791416161221708,
            -0.090947419414707,
            0.0033512785967983474,
            0.02491805227072803,
            0.01030483851992833,
            0.024815241229317,
            -0.06759641772156151,
            -0.10540122634825012,
            0.07156935171479079,
            -0.14330174684170494,
            0.01755331440744464,
            0.022681120409833413,
            -0.08421913771434011,
            -0.35707146166482134,
            -0.03948847593813188,
            0.02406232959077502,
            0.007310588838516731,
            -0.03557470577628486,
            -0.06678587795833768,
            -0.012058759958387108,
            -0.9527725903292822,
            -0.025400233502387157,
            0.07478488632273698,
            0.5053524492441804,
            -0.0006649892368402782,
            0.02201433667246177,
            -0.011003302521907963,
            -0.16837224380943958,
            0.09420985900439913,
            -0.020419965443568742,
            -0.06140820326489221,
            -0.00724815094831905,
            0.06840523859826861,
            0.018699252308795437,
            0.004103962137088361,
            -0.025374401643008738,
            0.0008340700832114873
        ],
        "interceptStderr": null,
        "interceptTstat": null,
        "interceptPvalue": null,
        "interceptCoef": 8.0300822551755,
        "rescaledCoefs": [
            -4.783919891323356e-05,
            -0.00623898370518722,
            0.07295740117650815,
            0.09794431567171344,
            0.07155068454258053,
            -0.03552110894965905,
            0.10350792077327904,
            0.062425250011324075,
            -0.5373975367255397,
            0.19767846733947006,
            0.05471379182915937,
            0.21914638246117207,
            0.004791416161221708,
            -0.090947419414707,
            0.0033512785967983474,
            0.02491805227072803,
            0.01030483851992833,
            0.024815241229317,
            -0.06759641772156151,
            -0.10540122634825012,
            0.07156935171479079,
            -0.14330174684170494,
            0.01755331440744464,
            0.022681120409833413,
            -0.08421913771434011,
            -0.35707146166482134,
            -0.03948847593813188,
            0.02406232959077502,
            0.007310588838516731,
            -0.03557470577628486,
            -0.06678587795833768,
            -0.012058759958387108,
            -0.9527725903292822,
            -0.025400233502387157,
            0.07478488632273698,
            0.5053524492441804,
            -0.0006649892368402782,
            0.02201433667246177,
            -0.011003302521907963,
            -0.16837224380943958,
            0.09420985900439913,
            -0.020419965443568742,
            -0.06140820326489221,
            -0.00724815094831905,
            0.06840523859826861,
            0.018699252308795437,
            0.004103962137088361,
            -0.025374401643008738,
            0.0008340700832114873
        ],
        "rescaledInterceptCoef": 7.972985494562635
    }
}