{
    "metrics": {
        "evs": 0.018450005289851412,
        "mape": 0.17391061734688065,
        "mae": 1.0719595557000459,
        "mse": 2.321838775082467,
        "rmse": 1.5237581091113075,
        "rmsle": 0.23108955832048522,
        "r2": 0.018445877468087235,
        "pearson": 0.13707742192491257
    },
    "processed_feature_names": [
        "bv_transaction",
        "shipping_fees",
        "nb_articles",
        "dummy:country:FR",
        "dummy:country:IT",
        "dummy:country:GB",
        "dummy:country:ES",
        "dummy:country:N/A",
        "dummy:payment_method:visa",
        "dummy:payment_method:paypal",
        "dummy:payment_method:mastercard",
        "dummy:payment_method:oney3x",
        "dummy:payment_method:payment-intent",
        "dummy:payment_method:transfer",
        "dummy:payment_method:sofort",
        "dummy:payment_method:N/A",
        "dummy:has_presales_contact:false",
        "dummy:has_presales_contact:N/A",
        "dummy:bv_transaction_bucket:001 - 100",
        "dummy:bv_transaction_bucket:101 - 150",
        "dummy:bv_transaction_bucket:151 - 200",
        "dummy:bv_transaction_bucket:201 - 300",
        "dummy:bv_transaction_bucket:301 - 400",
        "dummy:bv_transaction_bucket:401 - 500",
        "dummy:bv_transaction_bucket:601 - 800",
        "dummy:bv_transaction_bucket:501 - 600",
        "dummy:bv_transaction_bucket:801 - 1000",
        "dummy:bv_transaction_bucket:1001 - 2000",
        "dummy:bv_transaction_bucket:2000 +",
        "dummy:bv_transaction_bucket:N/A",
        "dummy:is_mf:false",
        "dummy:is_mf:N/A",
        "dummy:device:desktop",
        "dummy:device:phone",
        "dummy:device:N/A",
        "dummy:provider:vidaXL",
        "dummy:provider:Songmics",
        "dummy:provider:WilTec",
        "dummy:provider:Aosom",
        "dummy:provider:ID Market",
        "dummy:provider:Sos_access",
        "dummy:provider:A Super Mall",
        "dummy:provider:Maxoutil",
        "dummy:provider:Made4home",
        "dummy:provider:Deuba",
        "dummy:provider:Electropapa",
        "dummy:provider:relaxdays",
        "dummy:provider:Plumbworld",
        "dummy:provider:BES Elettronica",
        "dummy:provider:Outillage de Saint Etienne",
        "dummy:provider:Espace-B",
        "dummy:provider:DOMO ONLINE",
        "dummy:provider:Living and Home",
        "dummy:provider:Bakaji",
        "dummy:provider:STOEX",
        "dummy:provider:Conrad",
        "dummy:provider:Arebos",
        "dummy:provider:Brico Concept",
        "dummy:provider:tectake",
        "dummy:provider:Aosom France",
        "dummy:provider:Produce Shop",
        "dummy:provider:BCIE",
        "dummy:provider:SoBuy",
        "dummy:provider:FDS",
        "dummy:provider:HUANSTONG",
        "dummy:provider:Happy Shopping",
        "dummy:provider:ADEPEM",
        "dummy:provider:Webmotoculture",
        "dummy:provider:GT GROUP",
        "dummy:provider:Espinosa",
        "dummy:provider:SVH",
        "dummy:provider:Home Discount Ltd.",
        "dummy:provider:BricoT",
        "dummy:provider:Cayenne MF",
        "dummy:provider:Deuba ",
        "dummy:provider:Coremplus",
        "dummy:provider:Value Lights",
        "dummy:provider:GetGoods",
        "dummy:provider:Jardimax",
        "dummy:provider:Alexis Robert",
        "dummy:provider:Provence Outillage",
        "dummy:provider:AlicesGarden",
        "dummy:provider:Elegant Showers",
        "dummy:provider:Westfalia Brico",
        "dummy:provider:Yeppon",
        "dummy:provider:Rubinetteriashop",
        "dummy:provider:Yaheetech",
        "dummy:provider:Provence Outillage MF",
        "dummy:provider:Maxoutil.",
        "dummy:provider:CentraleBrico",
        "dummy:provider:BuyaParcel",
        "dummy:provider:Aosom MF IT",
        "dummy:provider:Ecoland's",
        "dummy:provider:Ecoland",
        "dummy:provider:Wiltec",
        "dummy:provider:electronic-star",
        "dummy:provider:Expertbynet",
        "dummy:provider:Aosom France MF",
        "dummy:provider:TackLife",
        "dummy:provider:BVM Pi\u00e8ces",
        "dummy:provider:Mon Magasin G\u00e9n\u00e9ral",
        "dummy:provider:R.On.",
        "dummy:provider:Powertoolmate",
        "dummy:provider:Maxter Accessoires",
        "dummy:provider:LSDLP",
        "dummy:provider:sanitaire-distribution",
        "dummy:provider:Livea",
        "dummy:provider:KEROPPA",
        "dummy:provider:Outillage online",
        "dummy:provider:FIXTOUT",
        "dummy:provider:Pi\u00e8ces Pneus",
        "dummy:provider:Homelody",
        "dummy:provider:Images Shopping ",
        "dummy:provider:La Maison Electrique",
        "dummy:provider:MTS",
        "dummy:provider:Mobil Meubles",
        "dummy:provider:OC-PRO",
        "dummy:provider:Enexo",
        "dummy:provider:Sanundo",
        "dummy:provider:Thsinde FR",
        "dummy:provider:Trade Shop",
        "dummy:provider:Besoin D'Habitat",
        "dummy:provider:Yaheetech UK",
        "dummy:provider:EDesign",
        "dummy:provider:EMC Motoculture",
        "dummy:provider:Habitat&Jardin",
        "dummy:provider:DIEFFEMATIC",
        "dummy:provider:Electropolis",
        "dummy:provider:Bearsu",
        "dummy:provider:Ledkia",
        "dummy:provider:Europalamp",
        "dummy:provider:Centrocom",
        "dummy:provider:Nouveaux Marchands",
        "dummy:provider:ECD-Germany",
        "dummy:provider:Cablematic",
        "dummy:provider:Jardiaffaires",
        "dummy:provider:N/A",
        "dummy:browser:Chrome",
        "dummy:browser:Chrome Mobile",
        "dummy:browser:Edge",
        "dummy:browser:Firefox",
        "dummy:browser:Safari",
        "dummy:browser:Mobile Safari",
        "dummy:browser:Samsung Internet",
        "dummy:browser:Google",
        "dummy:browser:Chrome Mobile iOS",
        "dummy:browser:Facebook",
        "dummy:browser:Opera",
        "dummy:browser:Other",
        "dummy:browser:Chrome Mobile WebView",
        "dummy:browser:MiuiBrowser",
        "dummy:browser:Firefox Mobile",
        "dummy:browser:Amazon Silk",
        "dummy:browser:Mobile Safari UI/WKWebView",
        "dummy:browser:Edge Mobile",
        "dummy:browser:Instagram",
        "dummy:browser:Firefox iOS",
        "dummy:browser:Opera Mobile",
        "dummy:browser:Apple Mail",
        "dummy:browser:Pinterest",
        "dummy:browser:Chromium",
        "dummy:browser:Waterfox",
        "dummy:browser:Maxthon",
        "dummy:browser:Pale Moon",
        "dummy:browser:Sogou Explorer",
        "dummy:browser:N/A",
        "dummy:csat_presales:FALSE",
        "dummy:csat_presales:good",
        "dummy:csat_presales:neutral",
        "dummy:csat_presales:N/A",
        "dummy:operating_system:Windows",
        "dummy:operating_system:Android",
        "dummy:operating_system:iOS",
        "dummy:operating_system:Mac OS",
        "dummy:operating_system:Linux",
        "dummy:operating_system:Chrome OS",
        "dummy:operating_system:N/A",
        "dummy:first_order:false",
        "dummy:first_order:N/A",
        "dummy:has_manodvisor_contact:false",
        "dummy:has_manodvisor_contact:N/A",
        "dummy:last_paid_channel:SHOPBOT",
        "dummy:last_paid_channel:DIRECT_ACCESS",
        "dummy:last_paid_channel:SEM",
        "dummy:last_paid_channel:SEO-SEARCH",
        "dummy:last_paid_channel:SEO-BRAND",
        "dummy:last_paid_channel:AFFILIATION",
        "dummy:last_paid_channel:EMAIL",
        "dummy:last_paid_channel:RETARGETING",
        "dummy:last_paid_channel:DISPLAY",
        "dummy:last_paid_channel:VIRAL-BRAND",
        "dummy:last_paid_channel:REFERING_SITE",
        "dummy:last_paid_channel:PINTEREST",
        "dummy:last_paid_channel:DISPLAY-BRAND",
        "dummy:last_paid_channel:N/A",
        "dummy:shipping_fees_bucket:000",
        "dummy:shipping_fees_bucket:001 - 005",
        "dummy:shipping_fees_bucket:006 - 010",
        "dummy:shipping_fees_bucket:011 - 020",
        "dummy:shipping_fees_bucket:020 - 050",
        "dummy:shipping_fees_bucket:051 - 100",
        "dummy:shipping_fees_bucket:N/A",
        "dummy:family:Jardin piscine",
        "dummy:family:Outillage",
        "dummy:family:Mobilier d'int\u00e9rieur",
        "dummy:family:Plomberie chauffage",
        "dummy:family:Quincaillerie",
        "dummy:family:Salle de bain, WC",
        "dummy:family:Luminaire",
        "dummy:family:Electricit\u00e9",
        "dummy:family:Animalerie",
        "dummy:family:Rev\u00eatement sol et mur",
        "dummy:family:Cuisine",
        "dummy:family:Construction mat\u00e9riaux",
        "dummy:family:N/A"
    ],
    "regression_performance": {
        "error_distribution": [
            {
                "bin_id": 0,
                "bin_min": -4.867065122364199,
                "bin_max": -4.248040242142093,
                "count": 449
            },
            {
                "bin_id": 1,
                "bin_min": -4.248040242142093,
                "bin_max": -3.6351443211301064,
                "count": 343
            },
            {
                "bin_id": 2,
                "bin_min": -3.6351443211301064,
                "bin_max": -3.0222484001181202,
                "count": 135
            },
            {
                "bin_id": 3,
                "bin_min": -3.0222484001181202,
                "bin_max": -2.4093524791061336,
                "count": 275
            },
            {
                "bin_id": 4,
                "bin_min": -2.4093524791061336,
                "bin_max": -1.796456558094147,
                "count": 897
            },
            {
                "bin_id": 5,
                "bin_min": -1.796456558094147,
                "bin_max": -1.1835606370821607,
                "count": 494
            },
            {
                "bin_id": 6,
                "bin_min": -1.1835606370821607,
                "bin_max": -0.5706647160701745,
                "count": 2873
            },
            {
                "bin_id": 7,
                "bin_min": -0.5706647160701745,
                "bin_max": 0.042231204941812095,
                "count": 2240
            },
            {
                "bin_id": 8,
                "bin_min": 0.042231204941812095,
                "bin_max": 0.6551271259537987,
                "count": 2175
            },
            {
                "bin_id": 9,
                "bin_min": 0.6551271259537987,
                "bin_max": 1.268023046965785,
                "count": 10553
            }
        ],
        "raw_min_error": -9.33832820110193,
        "min_error": -4.860936163154079,
        "p25_error": -0.8001563797765634,
        "median_error": 0.7040862801177212,
        "average_error": 0.032465898288068805,
        "std_error": 1.3520382352667615,
        "p75_error": 0.9967380434005837,
        "p90_error": 1.1195334024749481,
        "max_error": 1.268023046965785,
        "raw_max_error": 2.611481039955523
    },
    "scatterPlotData": {
        "x": [
            6.0,
            10.0,
            9.0,
            8.0,
            8.0,
            2.0,
            10.0,
            10.0,
            10.0,
            8.0,
            9.0,
            7.0,
            10.0,
            10.0,
            6.0,
            10.0,
            10.0,
            7.0,
            10.0,
            10.0,
            9.0,
            10.0,
            9.0,
            10.0,
            10.0,
            5.0,
            10.0,
            8.0,
            8.0,
            10.0,
            10.0,
            8.0,
            8.0,
            0.0,
            10.0,
            8.0,
            6.0,
            9.0,
            2.0,
            9.0,
            7.0,
            10.0,
            10.0,
            8.0,
            9.0,
            10.0,
            10.0,
            10.0,
            9.0,
            10.0,
            10.0,
            10.0,
            10.0,
            10.0,
            9.0,
            10.0,
            10.0,
            9.0,
            10.0,
            7.0,
            8.0,
            8.0,
            10.0,
            8.0,
            2.0,
            10.0,
            8.0,
            9.0,
            10.0,
            10.0,
            10.0,
            10.0,
            10.0,
            4.0,
            10.0,
            10.0,
            8.0,
            10.0,
            4.0,
            9.0,
            5.0,
            10.0,
            10.0,
            8.0,
            2.0,
            10.0,
            10.0,
            9.0,
            10.0,
            10.0,
            10.0,
            5.0,
            8.0,
            8.0,
            8.0,
            10.0,
            8.0,
            10.0,
            10.0,
            3.0,
            10.0,
            9.0,
            10.0,
            9.0,
            10.0,
            8.0,
            7.0,
            10.0,
            10.0,
            10.0,
            8.0,
            7.0,
            10.0,
            10.0,
            10.0,
            10.0,
            9.0,
            8.0,
            10.0,
            9.0,
            10.0,
            10.0,
            7.0,
            9.0,
            10.0,
            9.0,
            6.0,
            7.0,
            10.0,
            8.0,
            8.0,
            9.0,
            9.0,
            10.0,
            10.0,
            10.0,
            10.0,
            10.0,
            10.0,
            10.0,
            10.0,
            6.0,
            6.0,
            10.0,
            10.0,
            10.0,
            10.0,
            10.0,
            10.0,
            10.0,
            10.0,
            8.0,
            8.0,
            9.0,
            10.0,
            10.0,
            10.0,
            10.0,
            10.0,
            8.0,
            10.0,
            9.0,
            10.0,
            8.0,
            9.0,
            10.0,
            10.0,
            10.0,
            8.0,
            9.0,
            10.0,
            10.0,
            10.0,
            10.0,
            9.0,
            8.0,
            8.0,
            9.0,
            10.0,
            9.0,
            10.0,
            10.0,
            5.0,
            9.0,
            9.0,
            10.0,
            7.0,
            10.0,
            10.0,
            10.0,
            8.0,
            9.0,
            10.0,
            10.0,
            10.0,
            10.0,
            10.0,
            8.0,
            10.0,
            2.0,
            10.0,
            7.0,
            10.0,
            9.0,
            10.0,
            10.0,
            10.0,
            2.0,
            1.0,
            10.0,
            10.0,
            10.0,
            9.0,
            10.0,
            8.0,
            9.0,
            9.0,
            10.0,
            9.0,
            9.0,
            10.0,
            8.0,
            10.0,
            5.0,
            10.0,
            7.0,
            10.0,
            8.0,
            10.0,
            8.0,
            10.0,
            10.0,
            10.0,
            9.0,
            8.0,
            10.0,
            8.0,
            8.0,
            10.0,
            10.0,
            10.0,
            9.0,
            9.0,
            10.0,
            9.0,
            10.0,
            10.0,
            10.0,
            10.0,
            7.0,
            9.0,
            10.0,
            10.0,
            8.0,
            10.0,
            9.0,
            10.0,
            10.0,
            10.0,
            5.0,
            10.0,
            9.0,
            10.0,
            10.0,
            10.0,
            9.0,
            10.0,
            6.0,
            10.0,
            10.0,
            8.0,
            9.0,
            10.0,
            9.0,
            10.0,
            10.0,
            9.0,
            9.0,
            7.0,
            10.0,
            10.0,
            10.0,
            8.0,
            7.0,
            10.0,
            10.0,
            10.0,
            10.0,
            7.0,
            10.0,
            10.0,
            9.0,
            10.0,
            10.0,
            9.0,
            9.0,
            8.0,
            10.0,
            10.0,
            10.0,
            7.0,
            9.0,
            10.0,
            10.0,
            10.0,
            9.0,
            10.0,
            10.0,
            8.0,
            10.0,
            9.0,
            10.0,
            10.0,
            9.0,
            10.0,
            5.0,
            9.0,
            10.0,
            9.0,
            10.0,
            6.0,
            10.0,
            10.0,
            10.0,
            8.0,
            10.0,
            10.0,
            9.0,
            9.0,
            9.0,
            10.0,
            9.0,
            9.0,
            8.0,
            7.0,
            10.0,
            2.0,
            5.0,
            10.0,
            7.0,
            10.0,
            9.0,
            10.0,
            8.0,
            9.0,
            9.0,
            10.0,
            10.0,
            8.0,
            8.0,
            10.0,
            10.0,
            10.0,
            8.0,
            10.0,
            10.0,
            8.0,
            9.0,
            10.0,
            10.0,
            10.0,
            7.0,
            7.0,
            10.0,
            7.0,
            7.0,
            10.0,
            9.0,
            10.0,
            10.0,
            8.0,
            10.0,
            10.0,
            10.0,
            10.0,
            10.0,
            10.0,
            10.0,
            10.0,
            10.0,
            10.0,
            10.0,
            9.0,
            9.0,
            9.0,
            10.0,
            10.0,
            10.0,
            7.0,
            9.0,
            9.0,
            9.0,
            10.0,
            9.0,
            8.0,
            9.0,
            9.0,
            10.0,
            9.0,
            6.0,
            9.0,
            10.0,
            2.0,
            10.0,
            8.0,
            7.0,
            10.0,
            10.0,
            8.0,
            9.0,
            9.0,
            10.0,
            7.0,
            10.0,
            5.0,
            8.0,
            10.0,
            9.0,
            9.0,
            10.0,
            8.0,
            10.0,
            10.0,
            9.0,
            10.0,
            2.0,
            10.0,
            10.0,
            8.0,
            9.0,
            8.0,
            8.0,
            8.0,
            9.0,
            9.0,
            10.0,
            10.0,
            9.0,
            10.0,
            10.0,
            10.0,
            9.0,
            10.0,
            10.0,
            8.0,
            10.0,
            10.0,
            7.0,
            9.0,
            9.0,
            10.0,
            10.0,
            10.0,
            10.0,
            9.0,
            10.0,
            10.0,
            8.0,
            9.0,
            10.0,
            10.0,
            10.0,
            10.0,
            7.0,
            8.0,
            10.0,
            8.0,
            9.0,
            9.0,
            10.0,
            10.0,
            7.0,
            8.0,
            8.0,
            10.0,
            10.0,
            9.0,
            10.0,
            10.0,
            10.0,
            7.0,
            10.0,
            10.0,
            9.0,
            8.0,
            10.0,
            10.0,
            8.0,
            9.0,
            10.0,
            10.0,
            10.0,
            8.0,
            7.0,
            10.0,
            5.0,
            10.0,
            9.0,
            5.0,
            10.0,
            10.0,
            10.0,
            8.0,
            6.0,
            10.0,
            8.0,
            7.0,
            10.0,
            9.0,
            9.0,
            8.0,
            9.0,
            10.0,
            10.0,
            10.0,
            9.0,
            10.0,
            4.0,
            8.0,
            8.0,
            10.0,
            9.0,
            5.0,
            6.0,
            7.0,
            10.0,
            9.0,
            10.0,
            9.0,
            10.0,
            10.0,
            10.0,
            10.0,
            10.0,
            10.0,
            10.0,
            10.0,
            2.0,
            10.0,
            10.0,
            10.0,
            9.0,
            8.0,
            10.0,
            9.0,
            8.0,
            6.0,
            10.0,
            10.0,
            2.0,
            8.0,
            8.0,
            8.0,
            6.0,
            10.0,
            7.0,
            8.0,
            7.0,
            8.0,
            10.0,
            7.0,
            10.0,
            9.0,
            9.0,
            6.0,
            8.0,
            10.0,
            10.0,
            10.0,
            8.0,
            10.0,
            8.0,
            10.0,
            9.0,
            10.0,
            9.0,
            9.0,
            7.0,
            10.0,
            10.0,
            7.0,
            4.0,
            10.0,
            7.0,
            8.0,
            10.0,
            10.0,
            10.0,
            10.0,
            10.0,
            10.0,
            9.0,
            10.0,
            9.0,
            8.0,
            9.0,
            10.0,
            10.0,
            10.0,
            10.0,
            9.0,
            4.0,
            10.0,
            8.0,
            10.0,
            10.0,
            10.0,
            9.0,
            9.0,
            10.0,
            9.0,
            9.0,
            9.0,
            4.0,
            10.0,
            10.0,
            10.0,
            8.0,
            10.0,
            9.0,
            10.0,
            9.0,
            6.0,
            10.0,
            10.0,
            7.0,
            10.0,
            8.0,
            8.0,
            10.0,
            6.0,
            10.0,
            10.0,
            10.0,
            10.0,
            8.0,
            9.0,
            10.0,
            10.0,
            8.0,
            10.0,
            9.0,
            10.0,
            10.0,
            10.0,
            10.0,
            10.0,
            10.0,
            8.0,
            10.0,
            6.0,
            10.0,
            9.0,
            9.0,
            10.0,
            9.0,
            8.0,
            9.0,
            10.0,
            6.0,
            10.0,
            10.0,
            9.0,
            10.0,
            10.0,
            10.0,
            9.0,
            10.0,
            10.0,
            10.0,
            10.0,
            9.0,
            10.0,
            10.0,
            10.0,
            8.0,
            10.0,
            7.0,
            10.0,
            10.0,
            10.0,
            10.0,
            9.0,
            10.0,
            8.0,
            10.0,
            7.0,
            8.0,
            10.0,
            10.0,
            7.0,
            10.0,
            10.0,
            10.0,
            3.0,
            9.0,
            9.0,
            10.0,
            10.0,
            10.0,
            10.0,
            8.0,
            8.0,
            10.0,
            9.0,
            8.0,
            9.0,
            10.0,
            8.0,
            10.0,
            10.0,
            10.0,
            6.0,
            10.0,
            10.0,
            10.0,
            3.0,
            10.0,
            0.0,
            10.0,
            10.0,
            9.0,
            9.0,
            7.0,
            4.0,
            8.0,
            6.0,
            9.0,
            10.0,
            9.0,
            9.0,
            10.0,
            10.0,
            9.0,
            9.0,
            10.0,
            10.0,
            8.0,
            8.0,
            9.0,
            9.0,
            8.0,
            7.0,
            10.0,
            9.0,
            9.0,
            10.0,
            10.0,
            8.0,
            10.0,
            8.0,
            10.0,
            8.0,
            10.0,
            10.0,
            10.0,
            10.0,
            10.0,
            9.0,
            9.0,
            10.0,
            10.0,
            9.0,
            10.0,
            9.0,
            9.0,
            10.0,
            10.0,
            7.0,
            9.0,
            9.0,
            10.0,
            10.0,
            10.0,
            10.0,
            10.0,
            8.0,
            10.0,
            9.0,
            7.0,
            10.0,
            10.0,
            8.0,
            10.0,
            7.0,
            8.0,
            10.0,
            10.0,
            10.0,
            9.0,
            10.0,
            10.0,
            10.0,
            10.0,
            9.0,
            9.0,
            7.0,
            10.0,
            9.0,
            10.0,
            10.0,
            10.0,
            10.0,
            10.0,
            8.0,
            7.0,
            9.0,
            10.0,
            10.0,
            10.0,
            8.0,
            10.0,
            10.0,
            9.0,
            10.0,
            10.0,
            9.0,
            9.0,
            9.0,
            10.0,
            10.0,
            8.0,
            10.0,
            10.0,
            9.0,
            10.0,
            8.0,
            9.0,
            10.0,
            9.0,
            10.0,
            10.0,
            8.0,
            10.0,
            7.0,
            10.0,
            10.0,
            8.0,
            7.0,
            10.0,
            10.0,
            10.0,
            10.0,
            9.0,
            9.0,
            10.0,
            10.0,
            10.0,
            10.0,
            10.0,
            10.0,
            8.0,
            9.0,
            10.0,
            10.0,
            8.0,
            8.0,
            10.0,
            10.0,
            9.0,
            8.0,
            10.0,
            10.0,
            7.0,
            10.0,
            7.0,
            9.0,
            10.0,
            9.0,
            10.0,
            10.0,
            10.0,
            10.0,
            10.0,
            10.0,
            10.0,
            10.0,
            10.0,
            10.0,
            8.0,
            8.0,
            7.0,
            10.0,
            10.0,
            6.0,
            3.0,
            10.0,
            10.0,
            8.0,
            9.0,
            8.0,
            9.0,
            8.0,
            8.0,
            9.0,
            6.0,
            8.0,
            9.0,
            10.0,
            7.0,
            9.0,
            8.0,
            10.0,
            10.0,
            10.0,
            7.0,
            7.0,
            10.0,
            8.0,
            7.0,
            10.0,
            8.0,
            10.0,
            10.0,
            7.0,
            10.0,
            10.0,
            9.0,
            10.0,
            10.0,
            10.0,
            10.0,
            8.0,
            7.0,
            10.0,
            10.0,
            9.0,
            10.0,
            9.0,
            9.0,
            8.0,
            9.0,
            8.0,
            10.0,
            10.0,
            8.0,
            10.0,
            9.0,
            10.0,
            10.0,
            6.0,
            10.0,
            10.0,
            8.0,
            8.0,
            9.0,
            10.0,
            10.0,
            10.0,
            10.0,
            8.0,
            9.0,
            9.0,
            8.0,
            10.0,
            9.0,
            8.0,
            10.0,
            10.0,
            10.0,
            9.0,
            5.0,
            10.0,
            10.0,
            10.0,
            10.0,
            10.0,
            9.0,
            10.0,
            10.0,
            10.0,
            8.0,
            6.0,
            9.0,
            10.0,
            7.0,
            10.0,
            8.0,
            10.0,
            10.0,
            10.0,
            10.0,
            10.0,
            10.0,
            7.0,
            9.0,
            10.0,
            10.0,
            10.0,
            9.0,
            10.0,
            10.0,
            7.0,
            6.0,
            10.0,
            10.0,
            10.0,
            10.0,
            8.0,
            10.0
        ],
        "y": [
            8.9903,
            9.0599,
            8.9079,
            8.822,
            9.0096,
            9.1793,
            8.9602,
            8.9833,
            8.8801,
            8.9202,
            8.8541,
            9.0497,
            9.2348,
            8.8125,
            8.9113,
            8.8112,
            9.2233,
            9.044,
            8.9131,
            8.987,
            9.2889,
            9.1253,
            9.075,
            9.1989,
            9.1664,
            8.7588,
            9.2026,
            9.3666,
            9.2541,
            9.2608,
            8.764,
            8.6822,
            8.7451,
            9.148,
            8.9179,
            9.2139,
            8.6846,
            8.8373,
            9.1315,
            8.9993,
            9.051,
            8.8805,
            9.168,
            8.9469,
            9.0877,
            9.0801,
            9.2705,
            9.0481,
            8.9894,
            8.6748,
            8.9317,
            8.776,
            9.2084,
            9.095,
            8.8568,
            8.7335,
            9.1624,
            9.0594,
            9.1378,
            8.8953,
            9.1947,
            9.035,
            9.0523,
            9.0194,
            9.0279,
            8.883,
            8.6742,
            9.2003,
            9.3169,
            9.0096,
            9.1131,
            9.374,
            9.0123,
            8.8589,
            8.9162,
            9.1094,
            9.1947,
            9.0687,
            9.0991,
            8.9843,
            8.8881,
            8.9368,
            9.052,
            8.872,
            8.7608,
            8.8127,
            9.156,
            8.6727,
            9.3649,
            9.0196,
            8.8237,
            9.2468,
            8.617,
            8.9928,
            8.8884,
            9.2067,
            9.1385,
            9.2421,
            8.8552,
            9.1117,
            9.1851,
            8.9461,
            8.9721,
            7.8699,
            8.903,
            8.9289,
            9.324,
            9.0228,
            9.1561,
            9.0394,
            8.9114,
            8.9348,
            9.0171,
            8.7957,
            9.3803,
            9.0329,
            8.9696,
            8.9226,
            9.2621,
            8.5329,
            9.247,
            8.9229,
            9.0584,
            8.9842,
            8.8791,
            8.9062,
            9.1268,
            9.0129,
            9.2325,
            8.9755,
            9.0361,
            9.1131,
            9.0023,
            9.1067,
            8.8143,
            9.0762,
            8.9581,
            9.0023,
            8.9961,
            9.3169,
            9.1285,
            8.9502,
            8.9429,
            8.8128,
            9.1485,
            9.0243,
            8.9739,
            9.0096,
            8.7149,
            9.0316,
            8.8632,
            9.1031,
            9.164,
            8.815,
            9.2342,
            9.0738,
            8.8647,
            9.2614,
            8.9769,
            8.9115,
            9.078,
            9.008,
            9.3994,
            8.8727,
            9.0109,
            9.0674,
            8.8369,
            9.0711,
            9.151,
            8.9404,
            8.9542,
            8.7689,
            9.1253,
            9.2586,
            9.2061,
            8.9549,
            8.8778,
            9.3225,
            8.9272,
            8.9195,
            9.0137,
            9.0988,
            8.8905,
            9.2345,
            9.2243,
            9.1255,
            8.9341,
            9.1624,
            9.2247,
            9.0337,
            8.8398,
            8.8377,
            9.2614,
            9.1159,
            8.9227,
            9.0329,
            8.3646,
            8.8658,
            9.0565,
            9.0426,
            9.0497,
            8.973,
            9.0312,
            9.1174,
            9.0664,
            8.9535,
            8.82,
            9.1947,
            8.8358,
            9.165,
            8.9542,
            9.3029,
            8.9666,
            8.3159,
            9.0415,
            8.7592,
            8.9903,
            8.8932,
            9.0418,
            9.2363,
            9.1473,
            8.8212,
            8.9056,
            9.2112,
            9.0089,
            8.7436,
            8.8496,
            8.8851,
            9.037,
            8.961,
            8.9312,
            8.9139,
            8.8615,
            8.9429,
            8.8373,
            9.0129,
            8.9759,
            9.0096,
            9.3666,
            8.9229,
            9.0017,
            8.8954,
            9.1318,
            9.291,
            8.9356,
            8.9334,
            9.2655,
            9.3707,
            8.9535,
            8.8625,
            9.1058,
            8.8293,
            8.9792,
            9.0096,
            9.426,
            9.2288,
            9.3056,
            8.7792,
            8.8798,
            9.0531,
            8.8859,
            8.7608,
            9.2157,
            8.8646,
            9.3263,
            9.095,
            9.3023,
            9.1385,
            8.8987,
            9.0177,
            9.0023,
            9.1815,
            9.2631,
            8.7284,
            9.2889,
            9.1634,
            9.255,
            9.2061,
            8.935,
            9.2633,
            8.9549,
            8.8614,
            8.7848,
            8.8801,
            8.8095,
            8.939,
            8.8066,
            8.7624,
            8.9536,
            9.078,
            9.1158,
            8.987,
            9.1397,
            9.1433,
            8.764,
            9.2678,
            9.0569,
            9.0242,
            9.0023,
            9.0497,
            8.9493,
            8.9259,
            8.9549,
            9.0089,
            8.8902,
            9.0574,
            8.8832,
            9.1815,
            9.2669,
            8.828,
            9.0423,
            9.4035,
            9.2398,
            9.0036,
            9.1549,
            8.4121,
            8.7895,
            8.737,
            8.968,
            9.2271,
            8.7127,
            9.2526,
            9.1068,
            8.8036,
            8.6595,
            8.8113,
            9.3115,
            8.7974,
            9.0603,
            8.8585,
            8.9087,
            8.9884,
            8.9348,
            8.8599,
            9.0478,
            9.0842,
            9.3379,
            9.1581,
            8.9121,
            8.763,
            8.8901,
            8.8952,
            8.9549,
            9.085,
            8.9342,
            8.8536,
            9.2333,
            8.9766,
            9.0096,
            8.9538,
            9.1131,
            8.9549,
            8.7808,
            8.8431,
            9.1172,
            9.0096,
            8.9154,
            8.8096,
            9.1922,
            9.0594,
            9.1056,
            8.8138,
            9.0988,
            8.9999,
            8.5486,
            8.9274,
            9.0326,
            9.1312,
            9.2541,
            8.9836,
            8.7874,
            8.9227,
            8.841,
            8.6469,
            8.9219,
            8.6267,
            9.1549,
            8.7071,
            9.0569,
            8.8382,
            9.0096,
            8.9401,
            8.951,
            9.1284,
            8.947,
            8.8586,
            9.2477,
            9.2469,
            8.9749,
            8.9402,
            8.959,
            9.0514,
            9.0169,
            9.2541,
            8.8431,
            9.1868,
            9.1338,
            9.0383,
            8.7383,
            8.9021,
            8.8868,
            9.026,
            8.8373,
            9.3643,
            8.8138,
            8.999,
            9.1479,
            8.4703,
            8.7508,
            8.9295,
            8.9155,
            8.8315,
            8.8612,
            8.8429,
            9.0017,
            8.9803,
            9.2535,
            8.8617,
            8.8067,
            9.2301,
            8.0989,
            8.9906,
            8.8882,
            8.7849,
            9.0391,
            9.2026,
            8.8852,
            8.9525,
            8.8108,
            9.1131,
            9.1651,
            8.8801,
            8.8851,
            8.5133,
            8.945,
            8.9088,
            9.1285,
            8.8791,
            9.0805,
            8.8835,
            9.0618,
            8.8504,
            9.0877,
            8.8133,
            8.781,
            9.0877,
            9.1939,
            8.8786,
            8.787,
            9.0023,
            9.0089,
            8.8147,
            9.0753,
            9.0104,
            9.1834,
            9.2959,
            9.0672,
            9.1549,
            8.7011,
            8.8901,
            9.3988,
            8.9649,
            8.884,
            8.9689,
            8.4244,
            8.7034,
            9.2438,
            8.9113,
            9.1794,
            9.2014,
            8.7535,
            8.8868,
            9.0877,
            8.9863,
            8.9442,
            9.1306,
            8.9115,
            9.0589,
            9.0928,
            8.8804,
            8.7282,
            8.7053,
            9.078,
            9.1214,
            9.1577,
            9.193,
            8.9239,
            8.8933,
            8.9118,
            9.0243,
            8.8791,
            9.0606,
            8.8801,
            9.0144,
            8.9705,
            8.9345,
            8.9042,
            9.073,
            8.7898,
            9.0773,
            9.0498,
            8.9361,
            8.9397,
            8.9842,
            8.91,
            8.9279,
            9.0233,
            8.9275,
            8.7488,
            8.944,
            9.2982,
            9.0796,
            8.8868,
            8.9213,
            9.3994,
            9.0171,
            8.9147,
            8.9105,
            9.3008,
            9.0258,
            9.0435,
            9.0532,
            8.6163,
            8.6115,
            8.8105,
            8.6854,
            8.8854,
            8.8005,
            8.762,
            8.9209,
            9.0518,
            9.0724,
            8.8885,
            9.0777,
            9.3469,
            9.0664,
            9.0096,
            8.8304,
            9.1687,
            9.2413,
            9.003,
            8.8821,
            9.2469,
            9.0813,
            9.1064,
            8.4579,
            9.1793,
            8.8867,
            8.937,
            8.6334,
            9.2614,
            8.5813,
            8.8131,
            8.8437,
            9.2829,
            8.8308,
            8.9275,
            8.8794,
            8.8851,
            9.2267,
            9.2483,
            8.9348,
            9.0433,
            8.8791,
            9.1831,
            9.0096,
            8.8955,
            8.9693,
            9.3576,
            9.0738,
            9.065,
            9.008,
            8.968,
            9.075,
            9.084,
            9.0023,
            9.0876,
            9.2905,
            9.0075,
            9.0337,
            8.8676,
            8.8417,
            8.7369,
            9.2422,
            8.9366,
            8.9812,
            9.0383,
            9.3924,
            8.8685,
            9.148,
            9.0017,
            8.9852,
            8.4399,
            9.088,
            8.7606,
            9.0016,
            9.1567,
            9.2895,
            9.0655,
            9.2356,
            9.1314,
            8.9353,
            9.0453,
            9.0214,
            9.0736,
            9.317,
            9.173,
            8.8699,
            8.9396,
            8.9955,
            8.8801,
            9.0327,
            8.8135,
            9.1714,
            8.8119,
            9.3452,
            8.8965,
            9.1287,
            8.9348,
            8.905,
            8.9959,
            8.8047,
            9.3576,
            9.0333,
            8.8812,
            9.0032,
            9.035,
            9.2463,
            8.768,
            8.9192,
            8.9476,
            8.9392,
            9.2358,
            8.9022,
            8.8431,
            8.9096,
            8.9729,
            8.789,
            9.2477,
            8.8871,
            9.0497,
            8.9275,
            8.9144,
            9.0345,
            9.3056,
            8.9449,
            9.0571,
            9.0484,
            9.045,
            9.3643,
            8.8085,
            8.9242,
            9.0777,
            8.9549,
            9.0991,
            9.128,
            8.7888,
            9.0131,
            9.003,
            8.9811,
            9.065,
            9.2541,
            9.0383,
            8.7255,
            9.1042,
            8.8817,
            9.234,
            8.9038,
            8.9125,
            8.8684,
            8.8233,
            8.9345,
            9.2477,
            8.9683,
            8.9549,
            8.9886,
            9.0744,
            8.9316,
            8.8786,
            9.0311,
            9.1034,
            8.9887,
            8.9602,
            9.0025,
            9.0286,
            8.9891,
            9.0718,
            8.9512,
            8.8299,
            8.8651,
            9.2705,
            9.2467,
            9.1333,
            8.9351,
            9.0017,
            8.9406,
            9.1618,
            9.2344,
            9.0625,
            9.0321,
            9.0096,
            9.0464,
            9.045,
            9.2982,
            8.9476,
            9.0508,
            8.9035,
            9.0935,
            8.8538,
            9.0514,
            9.1131,
            8.8129,
            9.1287,
            8.9594,
            8.9455,
            8.7273,
            8.7312,
            8.9054,
            9.0643,
            9.2434,
            8.4821,
            8.8041,
            8.9275,
            9.3649,
            8.9348,
            9.2513,
            8.9885,
            9.1907,
            8.9602,
            9.0561,
            9.0186,
            9.0281,
            9.2848,
            9.0096,
            8.9213,
            9.1067,
            8.979,
            9.0096,
            9.0741,
            8.8701,
            8.8958,
            8.7066,
            8.663,
            8.9121,
            9.0572,
            8.9269,
            8.938,
            9.0569,
            9.0563,
            8.9729,
            9.0152,
            9.3008,
            8.8943,
            9.2957,
            9.1553,
            9.1868,
            8.9421,
            8.8853,
            9.2622,
            9.1025,
            9.1198,
            9.0083,
            8.9497,
            8.6096,
            8.6537,
            9.0032,
            8.9043,
            8.9241,
            8.7329,
            8.9359,
            9.0023,
            9.0286,
            9.0276,
            8.9636,
            8.8567,
            9.2756,
            9.3225,
            8.8863,
            8.9386,
            9.2905,
            9.1793,
            9.1658,
            8.9139,
            8.8998,
            8.8728,
            9.261,
            8.764,
            8.817,
            8.9596,
            9.0343,
            9.0336,
            8.7451,
            9.3225,
            9.1554,
            9.0651,
            8.9835,
            8.8373,
            8.837,
            9.078,
            9.2233,
            9.0741,
            9.0023,
            8.9767,
            9.3666,
            8.6766,
            9.2541,
            8.9476,
            9.287,
            9.3115,
            8.8147,
            8.8357,
            8.7276,
            9.0096,
            8.7636,
            9.0638,
            8.8043,
            8.7674,
            8.8322,
            8.9693,
            9.1696,
            9.0933,
            8.9094,
            9.2541,
            8.7814,
            9.1545,
            9.1871,
            9.266,
            9.0316,
            9.1542,
            8.9821,
            9.2587,
            8.8357,
            8.9663,
            8.8143,
            8.5311,
            8.8354,
            8.763,
            8.6385,
            8.8839,
            9.3867,
            9.0563,
            8.9583,
            9.0388,
            8.8237,
            8.9341,
            9.0729,
            9.013,
            8.9073,
            9.2736,
            8.9239,
            9.2296,
            9.1189,
            8.9887,
            9.0304,
            8.627,
            8.9633,
            8.8381,
            9.0342,
            8.9476,
            8.8278,
            8.8923,
            9.0453,
            8.8538,
            8.8541,
            8.9018,
            9.1475,
            9.1162,
            8.9736,
            8.9122,
            8.8853,
            9.0919,
            8.8886,
            9.0842,
            8.94,
            8.8571,
            9.1588,
            9.3433,
            8.8825,
            9.0122,
            8.8199,
            8.893,
            8.8247,
            8.9348,
            8.5634,
            9.3218,
            8.7804,
            8.9389,
            9.2678,
            8.8727,
            9.0131,
            8.9041,
            9.0276,
            8.9627,
            8.7515,
            8.9106,
            9.0316,
            9.0744,
            8.8901,
            9.0017,
            8.7333,
            9.2886,
            8.9467,
            9.0096,
            8.8656,
            9.338,
            8.9551,
            8.7813,
            8.4741,
            8.8928,
            9.2397,
            9.0025,
            8.7448,
            8.9142,
            9.2829,
            9.2589,
            9.0731,
            8.8332,
            9.0441,
            8.9602,
            8.9624,
            8.9129,
            9.0255,
            8.7305,
            8.8251,
            9.3246,
            8.8359,
            8.9115,
            8.913,
            9.0823,
            8.9476,
            8.9275,
            8.8794,
            8.762,
            8.6798,
            9.0391,
            9.2756,
            9.1721,
            8.9134,
            9.0141,
            8.9142,
            8.9405,
            9.1681,
            9.1033,
            9.0878,
            9.0511,
            8.8145,
            9.1236,
            9.009,
            9.1545,
            9.0391,
            8.9835,
            8.9703,
            8.7621,
            9.0023,
            9.2795,
            8.9219,
            9.1559,
            9.1249,
            9.1676,
            9.0169,
            9.1707,
            9.1472,
            9.3838,
            9.3024,
            8.9378,
            8.9535,
            8.8568,
            8.9206,
            9.1434,
            9.0918,
            8.7489,
            8.8605,
            8.9549,
            9.0819,
            9.1827,
            8.9348,
            9.078,
            8.9849,
            9.1982,
            8.812,
            9.0928,
            8.8798,
            8.8043,
            8.8852,
            8.8036,
            9.078,
            8.9018,
            9.0096,
            8.8365,
            9.2043,
            9.2252,
            8.838,
            9.0078,
            9.0643,
            9.2141,
            9.2477,
            9.0233,
            9.0323,
            8.8442,
            8.7435
        ]
    },
    "globalMetrics": {
        "testWeight": 20434,
        "targetAvg": [
            8.993197611823431
        ],
        "targetStd": [
            1.5380467316190143
        ],
        "predictionAvg": [
            8.996322391292162
        ],
        "predictionStd": [
            0.1824578988924816
        ]
    },
    "predictionPDF": {
        "x": [
            6.345766105695411,
            6.377524440142188,
            6.409282774588964,
            6.441041109035741,
            6.472799443482517,
            6.504557777929294,
            6.5363161123760705,
            6.5680744468228465,
            6.599832781269623,
            6.631591115716399,
            6.663349450163176,
            6.695107784609952,
            6.726866119056729,
            6.758624453503506,
            6.790382787950282,
            6.822141122397059,
            6.853899456843835,
            6.885657791290612,
            6.917416125737388,
            6.949174460184165,
            6.980932794630942,
            7.012691129077718,
            7.0444494635244945,
            7.076207797971271,
            7.107966132418047,
            7.139724466864824,
            7.1714828013116,
            7.203241135758377,
            7.234999470205153,
            7.26675780465193,
            7.298516139098707,
            7.330274473545483,
            7.36203280799226,
            7.393791142439036,
            7.425549476885813,
            7.457307811332589,
            7.489066145779366,
            7.520824480226143,
            7.552582814672919,
            7.5843411491196955,
            7.616099483566472,
            7.647857818013248,
            7.679616152460024,
            7.711374486906801,
            7.743132821353578,
            7.774891155800354,
            7.806649490247131,
            7.838407824693908,
            7.870166159140684,
            7.901924493587461,
            7.933682828034237,
            7.965441162481014,
            7.99719949692779,
            8.028957831374566,
            8.060716165821344,
            8.09247450026812,
            8.124232834714896,
            8.155991169161673,
            8.18774950360845,
            8.219507838055225,
            8.251266172502003,
            8.28302450694878,
            8.314782841395555,
            8.346541175842333,
            8.378299510289109,
            8.410057844735885,
            8.441816179182661,
            8.473574513629439,
            8.505332848076215,
            8.53709118252299,
            8.568849516969767,
            8.600607851416544,
            8.63236618586332,
            8.664124520310096,
            8.695882854756874,
            8.72764118920365,
            8.759399523650426,
            8.791157858097204,
            8.82291619254398,
            8.854674526990756,
            8.886432861437534,
            8.91819119588431,
            8.949949530331086,
            8.981707864777862,
            9.013466199224638,
            9.045224533671416,
            9.076982868118192,
            9.108741202564968,
            9.140499537011745,
            9.172257871458521,
            9.204016205905297,
            9.235774540352075,
            9.267532874798851,
            9.299291209245627,
            9.331049543692405,
            9.362807878139181,
            9.394566212585957,
            9.426324547032735,
            9.45808288147951,
            9.489841215926287
        ],
        "pdf": [
            0.0007788504195026445,
            0.0003490635633964606,
            3.142359703487264e-05,
            5.682091138246276e-07,
            2.063770561214718e-09,
            1.5056206074510603e-12,
            2.2063306941402333e-16,
            6.494213808868652e-21,
            3.839577854121173e-26,
            4.5597527377010026e-32,
            1.087677204757527e-38,
            5.211463257760182e-46,
            5.015569503039443e-54,
            9.69575750720015e-63,
            3.764819477658008e-72,
            2.9363477504740374e-82,
            4.600147296714157e-93,
            3.1971730373515617e-91,
            1.5634243933218928e-80,
            1.535636920528895e-70,
            3.0297104564221326e-61,
            1.200645025612984e-52,
            9.557164150004813e-45,
            1.5280739924451379e-37,
            4.907503775305458e-31,
            3.1657587793808634e-25,
            4.102002463899795e-20,
            1.0676156544325496e-15,
            5.581293600487647e-12,
            5.8607841117707886e-09,
            1.2361680038610276e-06,
            5.237212457337317e-05,
            0.0004456806772645516,
            0.0007618129273124611,
            0.0002615615830816386,
            1.8095210071933182e-05,
            6.662322671311012e-06,
            0.0001456154828862888,
            0.0006641837777434643,
            0.0006085508699592492,
            0.000116558394600174,
            0.000127043920446346,
            0.0007465759307191588,
            0.0014724745782779295,
            0.001689612672018749,
            0.001485956668667666,
            0.001706747473822887,
            0.0032309605212701964,
            0.0049370192035205025,
            0.004317251856522407,
            0.003985977231035336,
            0.003284566558275219,
            0.0018850392002434432,
            0.0016816322401246107,
            0.002165841674436641,
            0.00422110905972257,
            0.0044872997242992,
            0.004614415738473618,
            0.00834047348979259,
            0.014807500076135847,
            0.019426763590431637,
            0.024061569966007574,
            0.03437752160484299,
            0.03773677897267866,
            0.03157975939095343,
            0.03478192051301868,
            0.03921126744789538,
            0.04191281790701604,
            0.05358286403485928,
            0.07375357235004705,
            0.09746765658386984,
            0.12594873646168198,
            0.16099434741018934,
            0.22380990196893943,
            0.3397229753238474,
            0.5103277552815664,
            0.7168044885157941,
            1.01289767608669,
            1.4211842582179077,
            1.7689960414056243,
            2.1922837214375503,
            2.429304119942407,
            2.371593000276887,
            2.4030240543984482,
            2.485604155337914,
            2.104294054560918,
            1.736442624759256,
            1.4799635668734479,
            1.327477091948056,
            1.264482653657558,
            1.1213984226924252,
            1.0174022705842753,
            0.9099397244895308,
            0.6656822820737996,
            0.4449007947691404,
            0.3287797616927879,
            0.20433232995532769,
            0.09890875571987985,
            0.04316741509225878,
            0.014365552015326211
        ]
    }
}