{
  "state": "DONE",
  "preSearchDescription": {
    "gridLength": 1,
    "searchStrategy": "GRID",
    "importantParams": [
      {
        "name": "alpha",
        "val": "Auto-optimized"
      }
    ]
  },
  "postSearchDescription": {
    "importantParams": [
      {
        "name": "alpha",
        "val": "4.078864E-5"
      }
    ]
  },
  "resumed": false,
  "timeOrderingEnabled": false,
  "sampleWeightsEnabled": false,
  "modelId": "m1",
  "progress": {
    "top_level_todo": [],
    "stack": [],
    "top_level_done": [
      {
        "name": "Loading train set",
        "time": 751
      },
      {
        "name": "Loading test set",
        "time": 271
      },
      {
        "name": "Collecting statistics",
        "time": 249
      },
      {
        "name": "Preprocessing train set",
        "time": 421
      },
      {
        "name": "Preprocessing test set",
        "time": 165
      },
      {
        "name": "Fitting model",
        "time": 13801
      },
      {
        "name": "Saving model",
        "time": 2
      },
      {
        "name": "Scoring model",
        "time": 1676
      }
    ]
  },
  "startTime": 1642701685620,
  "endTime": 1642701704590,
  "preprocessingTime": 1859,
  "trainingTime": 17111,
  "hyperparamsSearchTime": 0
}