{
  "starred": false,
  "clusterMetas": {},
  "customMeta": {
    "kv": {}
  },
  "tags": [],
  "activeClassifierThreshold": 0.0,
  "description": "",
  "name": "Lasso (L1) regression (s1)",
  "labels": [
    {
      "key": "trainDataset:dataset-name",
      "value": "main_dataset"
    },
    {
      "key": "testDataset:dataset-name",
      "value": "main_dataset"
    },
    {
      "key": "evaluationDataset:dataset-name",
      "value": "main_dataset"
    },
    {
      "key": "model:algorithm",
      "value": "LASSO_REGRESSION"
    },
    {
      "key": "model:name",
      "value": "Lasso (L1) regression (s1)"
    },
    {
      "key": "model:date",
      "value": "2022-01-20T18:01:44.590+0000"
    },
    {
      "key": "evaluation:date",
      "value": "2022-01-20T18:01:44.590+0000"
    }
  ]
}