{
    "details": {
        "country": {
            "levels": [
                "FR",
                "GB",
                "IT",
                "ES",
                "DE"
            ],
            "with_others": true
        },
        "shipping_fees": {
            "levels": [
                "0",
                "5,9",
                "4,9",
                "10,5",
                "6,9",
                "4,95",
                "2,99",
                "4,99",
                "3,95",
                "5,95",
                "9,9",
                "6",
                "7,9",
                "8,9",
                "5",
                "9,99",
                "5,5",
                "7",
                "9",
                "4",
                "5,99",
                "6,5",
                "3,9",
                "3,5",
                "2,95",
                "23,9",
                "3,99",
                "10",
                "7,5",
                "8",
                "10,9",
                "6,99",
                "13,99",
                "8,5",
                "6,95",
                "19,9",
                "7,99",
                "1,99",
                "12",
                "11",
                "8,95",
                "4,5",
                "10,99",
                "8,49",
                "13,9",
                "5,89",
                "4,85",
                "21,9",
                "15",
                "11,9",
                "20",
                "8,99",
                "12,9",
                "4,75",
                "5,49",
                "13,5",
                "5,6",
                "14,9",
                "12,5",
                "15,95",
                "12,95",
                "6,3",
                "7,95",
                "3,03",
                "15,8",
                "30",
                "9,84",
                "4,2",
                "7,8",
                "6,7",
                "24,99",
                "19,99",
                "14,95",
                "5,35",
                "6,49",
                "7,7",
                "25,9",
                "5,7",
                "18,9",
                "49",
                "14",
                "4,59",
                "10,95",
                "8,34",
                "16,5",
                "2,5",
                "6,6",
                "11,99",
                "6,61",
                "5,79",
                "12,8",
                "14,5",
                "4,8",
                "11,5",
                "8,7",
                "15,9",
                "59",
                "2,2",
                "9,5",
                "6,4",
                "3,94"
            ],
            "with_others": true
        },
        "browser": {
            "levels": [
                "Chrome",
                "Chrome Mobile",
                "Edge",
                "Firefox",
                "Mobile Safari",
                "Safari",
                "Samsung Internet",
                "Google",
                "Chrome Mobile iOS",
                "Facebook",
                "Opera",
                "Chrome Mobile WebView",
                "Firefox Mobile",
                "MiuiBrowser",
                "Amazon Silk",
                "Other",
                "Firefox iOS",
                "Instagram",
                "Edge Mobile",
                "Mobile Safari UI/WKWebView",
                "Opera Mobile",
                "Waterfox"
            ],
            "with_others": true
        },
        "csat_presales": {
            "levels": [
                "FALSE",
                "good",
                "neutral",
                "bad"
            ],
            "with_others": true
        },
        "operating_system": {
            "levels": [
                "Windows",
                "Android",
                "iOS",
                "Mac OS",
                "Linux",
                "Chrome OS",
                "Other"
            ],
            "with_others": true
        },
        "day": {
            "levels": [
                "lundi",
                "dimanche",
                "mardi",
                "mercredi",
                "jeudi",
                "samedi",
                "vendredi"
            ],
            "with_others": true
        },
        "payment_method": {
            "levels": [
                "visa",
                "paypal",
                "mastercard",
                "oney3x",
                "transfer",
                "payment-intent",
                "sofort",
                "cb"
            ],
            "with_others": true
        },
        "first_order": {
            "levels": [
                "false",
                "true"
            ],
            "with_others": true
        },
        "has_manodvisor_contact": {
            "levels": [
                "false",
                "true"
            ],
            "with_others": true
        },
        "has_presales_contact": {
            "levels": [
                "false",
                "true"
            ],
            "with_others": true
        },
        "bv_transaction": {
            "levels": [
                "59,99",
                "39,99",
                "89,99",
                "49,99",
                "79,99",
                "39,9",
                "69,99",
                "29,99",
                "19,99",
                "24,99",
                "99,99",
                "119,99",
                "34,99",
                "44,99",
                "27,99",
                "14,99",
                "54,99",
                "89,9",
                "23,99",
                "139,99",
                "42,99",
                "64,99",
                "31,99",
                "17,99",
                "49,9",
                "21,99",
                "55,99",
                "37,99",
                "43,99",
                "199,99",
                "28,99",
                "109,99",
                "18,99",
                "46,99",
                "149,99",
                "22,99",
                "75,99",
                "36,99",
                "30,99",
                "34,9",
                "35,99",
                "16,99",
                "33,99",
                "25,99",
                "15,99",
                "69,9",
                "45,99",
                "99,9",
                "74,99",
                "129,99",
                "29,95",
                "29,9",
                "67,99",
                "103,99",
                "59,95",
                "86,99",
                "179,99",
                "159",
                "19,8",
                "129,9",
                "109,9",
                "89,95",
                "84,99",
                "65,99",
                "61,99",
                "52,99",
                "69,95",
                "94,9",
                "62,99",
                "114,99",
                "145,99",
                "119,9",
                "38,99",
                "33,9",
                "98,99",
                "37,95",
                "22,95",
                "58,99",
                "56,99",
                "68,99",
                "134,99",
                "72,99",
                "32,9",
                "32,99",
                "60,99",
                "53,99",
                "59,9",
                "20,99",
                "57,99",
                "189,99",
                "79,9",
                "117,99",
                "35,98",
                "159,99",
                "48,99",
                "12,99",
                "124,99",
                "94,99",
                "149,9",
                "144,9",
                "199"
            ],
            "with_others": true
        },
        "last_paid_channel": {
            "levels": [
                "SHOPBOT",
                "DIRECT_ACCESS",
                "SEM",
                "SEO-SEARCH",
                "SEO-BRAND",
                "RETARGETING",
                "EMAIL",
                "AFFILIATION",
                "DISPLAY",
                "VIRAL-BRAND",
                "DISPLAY-BRAND"
            ],
            "with_others": true
        },
        "is_mf": {
            "levels": [
                "false",
                "true"
            ],
            "with_others": true
        },
        "month": {
            "levels": [
                "ao\u00fbt"
            ],
            "with_others": true
        },
        "family": {
            "levels": [
                "Jardin piscine",
                "Outillage",
                "Mobilier d'int\u00e9rieur",
                "Quincaillerie",
                "Salle de bain, WC",
                "Luminaire",
                "Plomberie chauffage",
                "Electricit\u00e9",
                "Animalerie",
                "Rev\u00eatement sol et mur",
                "Cuisine",
                "Construction mat\u00e9riaux"
            ],
            "with_others": true
        },
        "device": {
            "levels": [
                "desktop",
                "phone",
                "tablet"
            ],
            "with_others": true
        }
    }
}