{
  "params": {
    "viewFormat": "HTML_DOCUMENT",
    "snapshotFormats": {
      "PDF_DOCUMENT": true,
      "HTML_DOCUMENT": true
    },
    "buildOnSave": true,
    "envSelection": {
      "envMode": "INHERIT"
    }
  },
  "name": "rmarkdown report",
  "versionTag": {
    "versionNumber": 0,
    "lastModifiedBy": {
      "login": "aline-dubuy_student2021@wilder.school"
    },
    "lastModifiedOn": 1642716771678
  },
  "creationTag": {
    "versionNumber": 0,
    "lastModifiedBy": {
      "login": "aline-dubuy_student2021@wilder.school"
    },
    "lastModifiedOn": 1642716771678
  },
  "tags": [],
  "customFields": {},
  "checklists": {
    "checklists": []
  }
}