{
  "columns": [
    {"name":"id","type":"bigint"},
    {"name":"comment","type":"string"},
    {"name":"tokens","type":"string","meaning":"Text"},
    {"name":"original_comment","type":"string"},
    {"name":"Customer_Effort_Score","type":"bigint"},
    {"name":"position","type":"bigint"},
    {"name":"Customer_Effort_Score_copy","type":"bigint","meaning":"Text"},
    {"name":"Customer_Effort_Score_category","type":"string"},
    {"name":"created_at","type":"date"},
    {"name":"date","type":"string"},
    {"name":"date_parsed","type":"date"},
    {"name":"day","type":"string"},
    {"name":"month","type":"string"},
    {"name":"is_mf","type":"boolean"},
    {"name":"device","type":"string"},
    {"name":"browser","type":"string"},
    {"name":"operating_system","type":"string"},
    {"name":"family","type":"string"},
    {"name":"is_b2b","type":"boolean"},
    {"name":"reason","type":"string"},
    {"name":"category","type":"string"},
    {"name":"country","type":"string"},
    {"name":"GeoPoint","type":"string"},
    {"name":"provider","type":"string"},
    {"name":"first_order","type":"boolean"},
    {"name":"nb_articles","type":"bigint"},
    {"name":"csat_presales","type":"string","meaning":"Text"},
    {"name":"shipping_fees","type":"string"},
    {"name":"bv_transaction","type":"string"},
    {"name":"payment_method","type":"string"},
    {"name":"last_paid_channel","type":"string"},
    {"name":"has_presales_contact","type":"boolean"},
    {"name":"has_manodvisor_contact","type":"boolean"},
    {"name":"shipping_fees_bucket","type":"string","meaning":"Text"},
    {"name":"bv_transaction_bucket","type":"string"},
    {"name":"themes","type":"string"},
    {"name":"tags","type":"string"},
    {"name":"Tags_  Delivery Fees","type":"bigint"},
    {"name":"Tags_  Finding Compatible Products","type":"bigint"},
    {"name":"Tags_ Returns Info","type":"bigint"},
    {"name":"Tags_ Lacking Payment Methods","type":"bigint"},
    {"name":"Tags_  Delivery Options","type":"bigint"},
    {"name":"Tags_ Signup/Login","type":"bigint"},
    {"name":"Tags_  Product Info","type":"bigint"},
    {"name":"Tags_ Using Coupons","type":"bigint"},
    {"name":"Tags_  Finding Products","type":"bigint"},
    {"name":"Tags_ Difficulty Paying","type":"bigint"},
    {"name":"Tags_ Presales Support","type":"bigint"}
  ],
  "userModified": true
}