{
  "pages": [
    {
      "id": "l1v71Yd",
      "grid": {
        "tiles": [
          {
            "tileType": "IMAGE",
            "box": {
              "top": 0,
              "left": 0,
              "width": 12,
              "height": 5
            },
            "clickAction": "DO_NOTHING",
            "autoLoad": true,
            "showTitle": "MOUSEOVER",
            "displayMode": "IMAGE",
            "imageId": "64ZWsfn",
            "resizeImageMode": "FIT_SIZE"
          }
        ]
      },
      "title": "introduction",
      "showTitle": false
    },
    {
      "id": "rpW7CMw",
      "grid": {
        "tiles": [
          {
            "tileType": "IMAGE",
            "box": {
              "top": 0,
              "left": 0,
              "width": 2,
              "height": 1
            },
            "clickAction": "DO_NOTHING",
            "autoLoad": true,
            "showTitle": "MOUSEOVER",
            "displayMode": "IMAGE",
            "imageId": "7BvHYbR",
            "resizeImageMode": "FIT_SIZE"
          },
          {
            "tileType": "IMAGE",
            "box": {
              "top": 0,
              "left": 10,
              "width": 2,
              "height": 1
            },
            "clickAction": "DO_NOTHING",
            "autoLoad": true,
            "showTitle": "MOUSEOVER",
            "displayMode": "IMAGE",
            "imageId": "o9ng5fu",
            "resizeImageMode": "FIT_SIZE"
          },
          {
            "tileType": "TEXT",
            "box": {
              "top": 0,
              "left": 2,
              "width": 8,
              "height": 1
            },
            "clickAction": "DO_NOTHING",
            "tileParams": {
              "text": "# \u003cspan style\u003d\"color:#263b82\"\u003eOur Workflow",
              "textAlign": "CENTER",
              "isTransparent": false
            },
            "autoLoad": true,
            "showTitle": "NO",
            "displayMode": "INSIGHT",
            "resizeImageMode": "FIT_SIZE"
          },
          {
            "tileType": "IMAGE",
            "box": {
              "top": 1,
              "left": 0,
              "width": 12,
              "height": 5
            },
            "clickAction": "DO_NOTHING",
            "autoLoad": true,
            "showTitle": "MOUSEOVER",
            "displayMode": "IMAGE",
            "imageId": "Ggkb3RG",
            "resizeImageMode": "STRETCH_SIZE"
          }
        ]
      },
      "title": "workflow",
      "showTitle": false,
      "backgroundColor": "#ffffff"
    },
    {
      "id": "8CGMt2t",
      "grid": {
        "tiles": [
          {
            "tileType": "INSIGHT",
            "box": {
              "top": 3,
              "left": 2,
              "width": 2,
              "height": 2
            },
            "clickAction": "DO_NOTHING",
            "tileParams": {
              "displayMode": "LAST_VALUE"
            },
            "autoLoad": true,
            "showTitle": "NO",
            "title": "NPS",
            "borderColor": "#0c5ca6",
            "insightId": "znvaah8",
            "insightType": "metrics",
            "displayMode": "INSIGHT",
            "resizeImageMode": "FIT_SIZE"
          },
          {
            "tileType": "INSIGHT",
            "box": {
              "top": 3,
              "left": 8,
              "width": 2,
              "height": 2
            },
            "clickAction": "DO_NOTHING",
            "tileParams": {
              "displayMode": "LAST_VALUE"
            },
            "autoLoad": true,
            "showTitle": "NO",
            "borderColor": "#f05467",
            "insightId": "IsdMjCP",
            "insightType": "metrics",
            "displayMode": "INSIGHT",
            "resizeImageMode": "FIT_SIZE"
          },
          {
            "tileType": "INSIGHT",
            "box": {
              "top": 3,
              "left": 5,
              "width": 2,
              "height": 2
            },
            "clickAction": "DO_NOTHING",
            "tileParams": {
              "displayMode": "LAST_VALUE"
            },
            "autoLoad": true,
            "showTitle": "NO",
            "borderColor": "#7bdbb9",
            "insightId": "xummjzj",
            "insightType": "metrics",
            "displayMode": "INSIGHT",
            "resizeImageMode": "FIT_SIZE"
          },
          {
            "tileType": "TEXT",
            "box": {
              "top": 2,
              "left": 2,
              "width": 2,
              "height": 1
            },
            "clickAction": "DO_NOTHING",
            "tileParams": {
              "text": "##\u003cspan style\u003d\u0027color:#263b82\u0027\u003eNPS SCORE",
              "textAlign": "CENTER",
              "isTransparent": false
            },
            "autoLoad": true,
            "showTitle": "NO",
            "displayMode": "INSIGHT",
            "resizeImageMode": "FIT_SIZE"
          },
          {
            "tileType": "TEXT",
            "box": {
              "top": 2,
              "left": 8,
              "width": 2,
              "height": 1
            },
            "clickAction": "DO_NOTHING",
            "tileParams": {
              "text": "##\u003cspan style \u003d \"color:#fc654e\"\u003e%  of Detractors\u003c/span\u003e",
              "textAlign": "CENTER",
              "isTransparent": false
            },
            "autoLoad": true,
            "showTitle": "NO",
            "displayMode": "INSIGHT",
            "resizeImageMode": "FIT_SIZE"
          },
          {
            "tileType": "TEXT",
            "box": {
              "top": 2,
              "left": 5,
              "width": 2,
              "height": 1
            },
            "clickAction": "DO_NOTHING",
            "tileParams": {
              "text": "##\u003cspan style \u003d \"color:#4bc4af\"\u003e% of Promoters\u003c/span\u003e",
              "textAlign": "CENTER",
              "isTransparent": false
            },
            "autoLoad": true,
            "showTitle": "NO",
            "displayMode": "INSIGHT",
            "resizeImageMode": "FIT_SIZE"
          },
          {
            "tileType": "IMAGE",
            "box": {
              "top": 0,
              "left": 2,
              "width": 8,
              "height": 2
            },
            "clickAction": "DO_NOTHING",
            "autoLoad": true,
            "showTitle": "MOUSEOVER",
            "displayMode": "IMAGE",
            "imageId": "clvRvrX",
            "resizeImageMode": "FIT_SIZE"
          },
          {
            "tileType": "IMAGE",
            "box": {
              "top": 0,
              "left": 0,
              "width": 2,
              "height": 1
            },
            "clickAction": "DO_NOTHING",
            "autoLoad": true,
            "showTitle": "MOUSEOVER",
            "displayMode": "IMAGE",
            "imageId": "Yxxk5mE",
            "resizeImageMode": "FIT_SIZE"
          }
        ]
      },
      "title": "nps score",
      "showTitle": false,
      "backgroundColor": "#ffffff"
    },
    {
      "id": "u7xpxis",
      "grid": {
        "tiles": [
          {
            "tileType": "TEXT",
            "box": {
              "top": 2,
              "left": 0,
              "width": 2,
              "height": 1
            },
            "clickAction": "DO_NOTHING",
            "tileParams": {
              "text": "### \u003cspan style \u003d \"color:#4bc4af\"\u003e Promoters \u003c/span\u003e",
              "textAlign": "CENTER",
              "isTransparent": false
            },
            "autoLoad": true,
            "showTitle": "NO",
            "displayMode": "INSIGHT",
            "resizeImageMode": "FIT_SIZE"
          },
          {
            "tileType": "TEXT",
            "box": {
              "top": 5,
              "left": 0,
              "width": 2,
              "height": 1
            },
            "clickAction": "DO_NOTHING",
            "tileParams": {
              "text": "### \u003cspan style\u003d\"color:#f06649\"\u003e Detractors \u003c/span\u003e",
              "textAlign": "CENTER",
              "isTransparent": false
            },
            "autoLoad": true,
            "showTitle": "NO",
            "displayMode": "INSIGHT",
            "resizeImageMode": "FIT_SIZE"
          },
          {
            "tileType": "INSIGHT",
            "box": {
              "top": 4,
              "left": 2,
              "width": 4,
              "height": 3
            },
            "clickAction": "DO_NOTHING",
            "tileParams": {
              "minimal": false,
              "showLegend": true
            },
            "autoLoad": true,
            "showTitle": "NO",
            "insightId": "0GVXOCj",
            "insightType": "managed-folder_content",
            "displayMode": "INSIGHT",
            "resizeImageMode": "FIT_SIZE"
          },
          {
            "tileType": "INSIGHT",
            "box": {
              "top": 1,
              "left": 2,
              "width": 4,
              "height": 3
            },
            "clickAction": "DO_NOTHING",
            "tileParams": {
              "minimal": false,
              "showLegend": true
            },
            "autoLoad": true,
            "showTitle": "NO",
            "insightId": "0UNhkJz",
            "insightType": "managed-folder_content",
            "displayMode": "INSIGHT",
            "resizeImageMode": "FIT_SIZE"
          },
          {
            "tileType": "INSIGHT",
            "box": {
              "top": 1,
              "left": 6,
              "width": 6,
              "height": 3
            },
            "clickAction": "DO_NOTHING",
            "tileParams": {
              "showXAxis": true,
              "showYAxis": true,
              "showLegend": false,
              "showTooltips": true,
              "autoPlayAnimation": true
            },
            "autoLoad": true,
            "showTitle": "NO",
            "insightId": "nLltVYR",
            "insightType": "chart",
            "displayMode": "INSIGHT",
            "resizeImageMode": "FIT_SIZE"
          },
          {
            "tileType": "INSIGHT",
            "box": {
              "top": 4,
              "left": 6,
              "width": 6,
              "height": 3
            },
            "clickAction": "DO_NOTHING",
            "tileParams": {
              "showXAxis": true,
              "showYAxis": true,
              "showLegend": false,
              "showTooltips": true,
              "autoPlayAnimation": true
            },
            "autoLoad": true,
            "showTitle": "NO",
            "insightId": "R5W8zMT",
            "insightType": "chart",
            "displayMode": "INSIGHT",
            "resizeImageMode": "FIT_SIZE"
          },
          {
            "tileType": "TEXT",
            "box": {
              "top": 0,
              "left": 2,
              "width": 8,
              "height": 1
            },
            "clickAction": "DO_NOTHING",
            "tileParams": {
              "text": "#\u003cspan style\u003d\"color:#263b82\"\u003eComments Analysis",
              "textAlign": "CENTER",
              "isTransparent": false
            },
            "autoLoad": true,
            "showTitle": "NO",
            "displayMode": "INSIGHT",
            "resizeImageMode": "FIT_SIZE"
          },
          {
            "tileType": "IMAGE",
            "box": {
              "top": 0,
              "left": 0,
              "width": 2,
              "height": 1
            },
            "clickAction": "DO_NOTHING",
            "autoLoad": true,
            "showTitle": "MOUSEOVER",
            "displayMode": "IMAGE",
            "imageId": "Yxxk5mE",
            "resizeImageMode": "FIT_SIZE"
          },
          {
            "tileType": "IMAGE",
            "box": {
              "top": 0,
              "left": 10,
              "width": 2,
              "height": 1
            },
            "clickAction": "DO_NOTHING",
            "autoLoad": true,
            "showTitle": "MOUSEOVER",
            "displayMode": "IMAGE",
            "imageId": "INUjTYR",
            "resizeImageMode": "FIT_SIZE"
          }
        ]
      },
      "title": "comment analysis",
      "showTitle": false,
      "backgroundColor": "#ffffff"
    },
    {
      "id": "ABidS8h",
      "grid": {
        "tiles": [
          {
            "tileType": "TEXT",
            "box": {
              "top": 0,
              "left": 2,
              "width": 9,
              "height": 1
            },
            "clickAction": "DO_NOTHING",
            "tileParams": {
              "text": "#\u003cspan style\u003d\"color:#263b82\"\u003e Deep Dive Into Detractors",
              "textAlign": "CENTER",
              "isTransparent": false
            },
            "autoLoad": true,
            "showTitle": "NO",
            "displayMode": "INSIGHT",
            "resizeImageMode": "FIT_SIZE"
          },
          {
            "tileType": "INSIGHT",
            "box": {
              "top": 5,
              "left": 6,
              "width": 6,
              "height": 7
            },
            "clickAction": "DO_NOTHING",
            "tileParams": {
              "showXAxis": true,
              "showYAxis": true,
              "showLegend": false,
              "showTooltips": true,
              "autoPlayAnimation": true
            },
            "autoLoad": true,
            "showTitle": "YES",
            "title": "What are the PAYMENT METHODS of people complaining about it ?",
            "insightId": "n63k7By",
            "insightType": "chart",
            "displayMode": "INSIGHT",
            "resizeImageMode": "FIT_SIZE"
          },
          {
            "tileType": "INSIGHT",
            "box": {
              "top": 5,
              "left": 0,
              "width": 6,
              "height": 6
            },
            "clickAction": "DO_NOTHING",
            "tileParams": {
              "showXAxis": true,
              "showYAxis": true,
              "showLegend": false,
              "showTooltips": true,
              "autoPlayAnimation": true
            },
            "autoLoad": true,
            "showTitle": "YES",
            "title": "What are the SHIPPING FEES of people complaining about it ?",
            "insightId": "8zzX2Ig",
            "insightType": "chart",
            "displayMode": "INSIGHT",
            "resizeImageMode": "FIT_SIZE"
          },
          {
            "tileType": "INSIGHT",
            "box": {
              "top": 1,
              "left": 0,
              "width": 8,
              "height": 4
            },
            "clickAction": "DO_NOTHING",
            "tileParams": {
              "showXAxis": true,
              "showYAxis": true,
              "showLegend": false,
              "showTooltips": true,
              "autoPlayAnimation": true
            },
            "autoLoad": true,
            "showTitle": "YES",
            "title": "Bad Rating Reasons",
            "insightId": "ZmWwvnp",
            "insightType": "chart",
            "displayMode": "INSIGHT",
            "resizeImageMode": "FIT_SIZE"
          },
          {
            "tileType": "TEXT",
            "box": {
              "top": 4,
              "left": 8,
              "width": 2,
              "height": 1
            },
            "clickAction": "DO_NOTHING",
            "tileParams": {
              "text": "### Main reasons",
              "textAlign": "RIGHT",
              "isTransparent": false
            },
            "autoLoad": true,
            "showTitle": "NO",
            "displayMode": "INSIGHT",
            "resizeImageMode": "FIT_SIZE"
          },
          {
            "tileType": "IMAGE",
            "box": {
              "top": 4,
              "left": 10,
              "width": 1,
              "height": 1
            },
            "clickAction": "DO_NOTHING",
            "autoLoad": true,
            "showTitle": "MOUSEOVER",
            "displayMode": "IMAGE",
            "imageId": "pIjFsgB",
            "resizeImageMode": "FIT_SIZE"
          },
          {
            "tileType": "IMAGE",
            "box": {
              "top": 1,
              "left": 9,
              "width": 2,
              "height": 2
            },
            "clickAction": "DO_NOTHING",
            "autoLoad": true,
            "showTitle": "MOUSEOVER",
            "displayMode": "IMAGE",
            "imageId": "usVAS9P",
            "resizeImageMode": "FIT_SIZE"
          },
          {
            "tileType": "IMAGE",
            "box": {
              "top": 0,
              "left": 0,
              "width": 2,
              "height": 1
            },
            "clickAction": "DO_NOTHING",
            "autoLoad": true,
            "showTitle": "MOUSEOVER",
            "displayMode": "IMAGE",
            "imageId": "Yxxk5mE",
            "resizeImageMode": "FIT_SIZE"
          }
        ]
      },
      "title": "detractors analysis",
      "showTitle": false,
      "backgroundColor": "#ffffff"
    },
    {
      "id": "MiKJNhF",
      "grid": {
        "tiles": [
          {
            "tileType": "TEXT",
            "box": {
              "top": 0,
              "left": 3,
              "width": 6,
              "height": 1
            },
            "clickAction": "DO_NOTHING",
            "tileParams": {
              "text": "#\u003cspan style\u003d\"color:#263b82\"\u003eHow Many Detractors in the Future ?",
              "textAlign": "CENTER",
              "isTransparent": false
            },
            "autoLoad": true,
            "showTitle": "NO",
            "displayMode": "INSIGHT",
            "resizeImageMode": "FIT_SIZE"
          },
          {
            "tileType": "INSIGHT",
            "box": {
              "top": 1,
              "left": 0,
              "width": 12,
              "height": 4
            },
            "clickAction": "DO_NOTHING",
            "tileParams": {
              "showXAxis": true,
              "showYAxis": true,
              "showLegend": true,
              "showTooltips": true,
              "autoPlayAnimation": true
            },
            "autoLoad": true,
            "showTitle": "NO",
            "insightId": "PayqjxA",
            "insightType": "chart",
            "displayMode": "INSIGHT",
            "resizeImageMode": "FIT_SIZE"
          },
          {
            "tileType": "IMAGE",
            "box": {
              "top": 0,
              "left": 10,
              "width": 2,
              "height": 1
            },
            "clickAction": "DO_NOTHING",
            "autoLoad": true,
            "showTitle": "MOUSEOVER",
            "displayMode": "IMAGE",
            "imageId": "VSLlLkL",
            "resizeImageMode": "FIT_SIZE"
          },
          {
            "tileType": "IMAGE",
            "box": {
              "top": 0,
              "left": 0,
              "width": 2,
              "height": 1
            },
            "clickAction": "DO_NOTHING",
            "autoLoad": true,
            "showTitle": "MOUSEOVER",
            "displayMode": "IMAGE",
            "imageId": "Yxxk5mE",
            "resizeImageMode": "FIT_SIZE"
          },
          {
            "tileType": "INSIGHT",
            "box": {
              "top": 5,
              "left": 0,
              "width": 12,
              "height": 2
            },
            "clickAction": "OPEN_INSIGHT",
            "tileParams": {
              "showXAxis": true,
              "showYAxis": true,
              "showLegend": true,
              "showTooltips": true,
              "autoPlayAnimation": true
            },
            "autoLoad": true,
            "showTitle": "YES",
            "insightId": "Wf5SEac",
            "insightType": "chart",
            "displayMode": "INSIGHT",
            "resizeImageMode": "FIT_SIZE"
          }
        ]
      },
      "title": "predictions",
      "showTitle": false,
      "backgroundColor": "#ffffff"
    },
    {
      "id": "B2TBR75",
      "grid": {
        "tiles": [
          {
            "tileType": "TEXT",
            "box": {
              "top": 0,
              "left": 2,
              "width": 9,
              "height": 1
            },
            "clickAction": "DO_NOTHING",
            "tileParams": {
              "text": "#\u003cspan style\u003d\"color:#263b82\"\u003eHow to Improve Customer Experience?",
              "textAlign": "CENTER",
              "isTransparent": false
            },
            "autoLoad": true,
            "showTitle": "NO",
            "displayMode": "INSIGHT",
            "resizeImageMode": "FIT_SIZE"
          },
          {
            "tileType": "TEXT",
            "box": {
              "top": 1,
              "left": 3,
              "width": 7,
              "height": 3
            },
            "clickAction": "DO_NOTHING",
            "tileParams": {
              "text": "###Why are some customers unhappy?\n\n\u003cspan style\u003d\u0027font-size:16px\u0027\u003e First of all, we can only stress that bad experience is caused by different factors depending on each country:\u003c/span\u003e\n- \u003cspan style\u003d\u0027font-size:16px\u0027\u003eGuest account and signup/login cause problems, especially in the UK. Possibly an issue with the english version of the site on this area.\n- \u003cspan style\u003d\u0027font-size:16px\u0027\u003eShipping fees and delivery time are unpredictable and can be quite high.\n- \u003cspan style\u003d\u0027font-size:16px\u0027\u003ePayment can be an issue, especially in Germany where customers tend to not possess a credit card.\n- \u003cspan style\u003d\u0027font-size:16px\u0027\u003eAll in all, this means that there is not one unique magic solution to those problems.\n\n\u003cp\u003e\n\u003cspan style\u003d\u0027font-size:16px\u0027\u003eHowever, a NPS of 67 remains excellent, and most customers mention that the website is easy to use and fast.\u003c/span\u003e\n\u003cp\u003e\n\n#### The Future Ahead\n\u003cspan style\u003d\u0027font-size:16px\u0027\u003eBased on this analysis, one way to improve the customer experience could be to ramp up the ManoFulfillment program and move towards more centralized and in-house logistics.\u003c/span\u003e",
              "textAlign": "LEFT",
              "isTransparent": false
            },
            "autoLoad": true,
            "showTitle": "NO",
            "displayMode": "INSIGHT",
            "resizeImageMode": "FIT_SIZE"
          },
          {
            "tileType": "IMAGE",
            "box": {
              "top": 0,
              "left": 0,
              "width": 2,
              "height": 1
            },
            "clickAction": "DO_NOTHING",
            "autoLoad": true,
            "showTitle": "MOUSEOVER",
            "displayMode": "IMAGE",
            "imageId": "Yxxk5mE",
            "resizeImageMode": "FIT_SIZE"
          },
          {
            "tileType": "IMAGE",
            "box": {
              "top": 3,
              "left": 10,
              "width": 2,
              "height": 2
            },
            "clickAction": "DO_NOTHING",
            "autoLoad": true,
            "showTitle": "MOUSEOVER",
            "displayMode": "IMAGE",
            "imageId": "OiMNuiZ",
            "resizeImageMode": "FIT_SIZE"
          }
        ]
      },
      "title": "conclusion",
      "showTitle": false,
      "backgroundColor": "#ffffff"
    }
  ],
  "owner": "aline-dubuy_student2021@wilder.school",
  "listed": false,
  "name": "Dashboard Dato Dato",
  "showGrid": false,
  "versionTag": {
    "versionNumber": 196,
    "lastModifiedBy": {
      "login": "aline-dubuy_student2021@wilder.school"
    },
    "lastModifiedOn": 1642724680774
  },
  "creationTag": {
    "versionNumber": 0,
    "lastModifiedBy": {
      "login": "aline-dubuy_student2021@wilder.school"
    },
    "lastModifiedOn": 1642613466968
  },
  "tags": [],
  "customFields": {},
  "checklists": {
    "checklists": []
  }
}