{
  "pages": [
    {
      "id": "l1v71Yd",
      "grid": {
        "tiles": [
          {
            "tileType": "IMAGE",
            "box": {
              "top": 0,
              "left": 0,
              "width": 12,
              "height": 5
            },
            "clickAction": "DO_NOTHING",
            "autoLoad": true,
            "showTitle": "MOUSEOVER",
            "displayMode": "IMAGE",
            "imageId": "64ZWsfn",
            "resizeImageMode": "FIT_SIZE"
          }
        ]
      },
      "title": "introduction",
      "showTitle": false
    },
    {
      "id": "rpW7CMw",
      "grid": {
        "tiles": [
          {
            "tileType": "IMAGE",
            "box": {
              "top": 1,
              "left": 0,
              "width": 12,
              "height": 5
            },
            "clickAction": "DO_NOTHING",
            "autoLoad": true,
            "showTitle": "MOUSEOVER",
            "displayMode": "IMAGE",
            "imageId": "Ggkb3RG",
            "resizeImageMode": "STRETCH_SIZE"
          },
          {
            "tileType": "IMAGE",
            "box": {
              "top": 0,
              "left": 0,
              "width": 11,
              "height": 1
            },
            "clickAction": "DO_NOTHING",
            "autoLoad": true,
            "showTitle": "MOUSEOVER",
            "displayMode": "IMAGE",
            "imageId": "ASoKovd",
            "resizeImageMode": "FIT_SIZE"
          }
        ]
      },
      "title": "workflow",
      "showTitle": false,
      "backgroundColor": "#ffffff"
    },
    {
      "id": "8CGMt2t",
      "grid": {
        "tiles": [
          {
            "tileType": "INSIGHT",
            "box": {
              "top": 4,
              "left": 2,
              "width": 2,
              "height": 2
            },
            "clickAction": "DO_NOTHING",
            "tileParams": {
              "displayMode": "LAST_VALUE"
            },
            "autoLoad": true,
            "showTitle": "NO",
            "title": "NPS",
            "borderColor": "#0c5ca6",
            "insightId": "rnpIqQn",
            "insightType": "metrics",
            "displayMode": "INSIGHT",
            "resizeImageMode": "FIT_SIZE"
          },
          {
            "tileType": "INSIGHT",
            "box": {
              "top": 4,
              "left": 8,
              "width": 2,
              "height": 2
            },
            "clickAction": "DO_NOTHING",
            "tileParams": {
              "displayMode": "LAST_VALUE"
            },
            "autoLoad": true,
            "showTitle": "NO",
            "borderColor": "#f05467",
            "insightId": "H5F81Y6",
            "insightType": "metrics",
            "displayMode": "INSIGHT",
            "resizeImageMode": "FIT_SIZE"
          },
          {
            "tileType": "INSIGHT",
            "box": {
              "top": 4,
              "left": 5,
              "width": 2,
              "height": 2
            },
            "clickAction": "DO_NOTHING",
            "tileParams": {
              "displayMode": "LAST_VALUE"
            },
            "autoLoad": true,
            "showTitle": "NO",
            "borderColor": "#7bdbb9",
            "insightId": "yf6yHUG",
            "insightType": "metrics",
            "displayMode": "INSIGHT",
            "resizeImageMode": "FIT_SIZE"
          },
          {
            "tileType": "TEXT",
            "box": {
              "top": 3,
              "left": 2,
              "width": 2,
              "height": 1
            },
            "clickAction": "DO_NOTHING",
            "tileParams": {
              "text": "##\u003cspan style\u003d\u0027color:#263b82\u0027\u003eNPS SCORE",
              "textAlign": "CENTER",
              "isTransparent": false
            },
            "autoLoad": true,
            "showTitle": "NO",
            "displayMode": "INSIGHT",
            "resizeImageMode": "FIT_SIZE"
          },
          {
            "tileType": "TEXT",
            "box": {
              "top": 3,
              "left": 8,
              "width": 2,
              "height": 1
            },
            "clickAction": "DO_NOTHING",
            "tileParams": {
              "text": "##\u003cspan style \u003d \"color:#fc654e\"\u003e%  of Detractors\u003c/span\u003e",
              "textAlign": "CENTER",
              "isTransparent": false
            },
            "autoLoad": true,
            "showTitle": "NO",
            "displayMode": "INSIGHT",
            "resizeImageMode": "FIT_SIZE"
          },
          {
            "tileType": "TEXT",
            "box": {
              "top": 3,
              "left": 5,
              "width": 2,
              "height": 1
            },
            "clickAction": "DO_NOTHING",
            "tileParams": {
              "text": "##\u003cspan style \u003d \"color:#4bc4af\"\u003e% of Promoters\u003c/span\u003e",
              "textAlign": "CENTER",
              "isTransparent": false
            },
            "autoLoad": true,
            "showTitle": "NO",
            "displayMode": "INSIGHT",
            "resizeImageMode": "FIT_SIZE"
          },
          {
            "tileType": "IMAGE",
            "box": {
              "top": 1,
              "left": 2,
              "width": 8,
              "height": 2
            },
            "clickAction": "DO_NOTHING",
            "autoLoad": true,
            "showTitle": "MOUSEOVER",
            "displayMode": "IMAGE",
            "imageId": "clvRvrX",
            "resizeImageMode": "FIT_SIZE"
          },
          {
            "tileType": "IMAGE",
            "box": {
              "top": 0,
              "left": 0,
              "width": 9,
              "height": 1
            },
            "clickAction": "DO_NOTHING",
            "autoLoad": true,
            "showTitle": "MOUSEOVER",
            "displayMode": "IMAGE",
            "imageId": "WCZZsyf",
            "resizeImageMode": "FIT_SIZE"
          },
          {
            "tileType": "IMAGE",
            "box": {
              "top": 0,
              "left": 9,
              "width": 1,
              "height": 1
            },
            "clickAction": "DO_NOTHING",
            "autoLoad": true,
            "showTitle": "MOUSEOVER",
            "displayMode": "IMAGE",
            "imageId": "S5tPx4G",
            "resizeImageMode": "FIT_SIZE"
          },
          {
            "tileType": "IMAGE",
            "box": {
              "top": 0,
              "left": 10,
              "width": 2,
              "height": 1
            },
            "clickAction": "DO_NOTHING",
            "autoLoad": true,
            "showTitle": "MOUSEOVER",
            "displayMode": "IMAGE",
            "imageId": "N87EwZg",
            "resizeImageMode": "FIT_SIZE"
          }
        ]
      },
      "title": "nps score",
      "showTitle": false,
      "backgroundColor": "#ffffff"
    },
    {
      "id": "u7xpxis",
      "grid": {
        "tiles": [
          {
            "tileType": "TEXT",
            "box": {
              "top": 2,
              "left": 0,
              "width": 2,
              "height": 1
            },
            "clickAction": "DO_NOTHING",
            "tileParams": {
              "text": "### \u003cspan style \u003d \"color:#4bc4af\"\u003e Promoters \u003c/span\u003e",
              "textAlign": "CENTER",
              "isTransparent": false
            },
            "autoLoad": true,
            "showTitle": "NO",
            "displayMode": "INSIGHT",
            "resizeImageMode": "FIT_SIZE"
          },
          {
            "tileType": "TEXT",
            "box": {
              "top": 5,
              "left": 0,
              "width": 2,
              "height": 1
            },
            "clickAction": "DO_NOTHING",
            "tileParams": {
              "text": "### \u003cspan style\u003d\"color:#f06649\"\u003e Detractors \u003c/span\u003e",
              "textAlign": "CENTER",
              "isTransparent": false
            },
            "autoLoad": true,
            "showTitle": "NO",
            "displayMode": "INSIGHT",
            "resizeImageMode": "FIT_SIZE"
          },
          {
            "tileType": "INSIGHT",
            "box": {
              "top": 4,
              "left": 2,
              "width": 4,
              "height": 3
            },
            "clickAction": "DO_NOTHING",
            "tileParams": {
              "minimal": false,
              "showLegend": true
            },
            "autoLoad": true,
            "showTitle": "NO",
            "insightId": "B8iouW9",
            "insightType": "managed-folder_content",
            "displayMode": "INSIGHT",
            "resizeImageMode": "FIT_SIZE"
          },
          {
            "tileType": "INSIGHT",
            "box": {
              "top": 1,
              "left": 2,
              "width": 4,
              "height": 3
            },
            "clickAction": "DO_NOTHING",
            "tileParams": {
              "minimal": false,
              "showLegend": true
            },
            "autoLoad": true,
            "showTitle": "NO",
            "insightId": "4gFfvcu",
            "insightType": "managed-folder_content",
            "displayMode": "INSIGHT",
            "resizeImageMode": "FIT_SIZE"
          },
          {
            "tileType": "INSIGHT",
            "box": {
              "top": 1,
              "left": 6,
              "width": 6,
              "height": 3
            },
            "clickAction": "DO_NOTHING",
            "tileParams": {
              "showXAxis": true,
              "showYAxis": true,
              "showLegend": false,
              "showTooltips": true,
              "autoPlayAnimation": true
            },
            "autoLoad": true,
            "showTitle": "NO",
            "insightId": "uEN5t7F",
            "insightType": "chart",
            "displayMode": "INSIGHT",
            "resizeImageMode": "FIT_SIZE"
          },
          {
            "tileType": "INSIGHT",
            "box": {
              "top": 4,
              "left": 6,
              "width": 6,
              "height": 3
            },
            "clickAction": "DO_NOTHING",
            "tileParams": {
              "showXAxis": true,
              "showYAxis": true,
              "showLegend": false,
              "showTooltips": true,
              "autoPlayAnimation": true
            },
            "autoLoad": true,
            "showTitle": "NO",
            "insightId": "oSM4UFz",
            "insightType": "chart",
            "displayMode": "INSIGHT",
            "resizeImageMode": "FIT_SIZE"
          },
          {
            "tileType": "IMAGE",
            "box": {
              "top": 0,
              "left": 0,
              "width": 9,
              "height": 1
            },
            "clickAction": "DO_NOTHING",
            "autoLoad": true,
            "showTitle": "MOUSEOVER",
            "displayMode": "IMAGE",
            "imageId": "B4D6TVL",
            "resizeImageMode": "FIT_SIZE"
          },
          {
            "tileType": "IMAGE",
            "box": {
              "top": 0,
              "left": 9,
              "width": 1,
              "height": 1
            },
            "clickAction": "DO_NOTHING",
            "autoLoad": true,
            "showTitle": "MOUSEOVER",
            "displayMode": "IMAGE",
            "imageId": "GTK6llV",
            "resizeImageMode": "STRETCH_SIZE"
          },
          {
            "tileType": "IMAGE",
            "box": {
              "top": 0,
              "left": 10,
              "width": 2,
              "height": 1
            },
            "clickAction": "DO_NOTHING",
            "autoLoad": true,
            "showTitle": "MOUSEOVER",
            "displayMode": "IMAGE",
            "imageId": "N87EwZg",
            "resizeImageMode": "FIT_SIZE"
          }
        ]
      },
      "title": "comment analysis",
      "showTitle": false,
      "backgroundColor": "#ffffff"
    },
    {
      "id": "ABidS8h",
      "grid": {
        "tiles": [
          {
            "tileType": "INSIGHT",
            "box": {
              "top": 5,
              "left": 6,
              "width": 6,
              "height": 7
            },
            "clickAction": "DO_NOTHING",
            "tileParams": {
              "showXAxis": true,
              "showYAxis": true,
              "showLegend": false,
              "showTooltips": true,
              "autoPlayAnimation": true
            },
            "autoLoad": true,
            "showTitle": "YES",
            "title": "What are the PAYMENT METHODS of people complaining about it ?",
            "insightId": "zuK6cS6",
            "insightType": "chart",
            "displayMode": "INSIGHT",
            "resizeImageMode": "FIT_SIZE"
          },
          {
            "tileType": "INSIGHT",
            "box": {
              "top": 5,
              "left": 0,
              "width": 6,
              "height": 6
            },
            "clickAction": "DO_NOTHING",
            "tileParams": {
              "showXAxis": true,
              "showYAxis": true,
              "showLegend": false,
              "showTooltips": true,
              "autoPlayAnimation": true
            },
            "autoLoad": true,
            "showTitle": "YES",
            "title": "What are the SHIPPING FEES of people complaining about it ?",
            "insightId": "Cl1sAqH",
            "insightType": "chart",
            "displayMode": "INSIGHT",
            "resizeImageMode": "FIT_SIZE"
          },
          {
            "tileType": "INSIGHT",
            "box": {
              "top": 1,
              "left": 0,
              "width": 8,
              "height": 4
            },
            "clickAction": "DO_NOTHING",
            "tileParams": {
              "showXAxis": true,
              "showYAxis": true,
              "showLegend": false,
              "showTooltips": true,
              "autoPlayAnimation": true
            },
            "autoLoad": true,
            "showTitle": "YES",
            "title": "Bad Rating Reasons",
            "insightId": "fCNej67",
            "insightType": "chart",
            "displayMode": "INSIGHT",
            "resizeImageMode": "FIT_SIZE"
          },
          {
            "tileType": "TEXT",
            "box": {
              "top": 4,
              "left": 8,
              "width": 2,
              "height": 1
            },
            "clickAction": "DO_NOTHING",
            "tileParams": {
              "text": "## Main reasons",
              "textAlign": "RIGHT",
              "isTransparent": false
            },
            "autoLoad": true,
            "showTitle": "NO",
            "displayMode": "INSIGHT",
            "resizeImageMode": "FIT_SIZE"
          },
          {
            "tileType": "IMAGE",
            "box": {
              "top": 4,
              "left": 10,
              "width": 1,
              "height": 1
            },
            "clickAction": "DO_NOTHING",
            "autoLoad": true,
            "showTitle": "MOUSEOVER",
            "displayMode": "IMAGE",
            "imageId": "pIjFsgB",
            "resizeImageMode": "FIT_SIZE"
          },
          {
            "tileType": "IMAGE",
            "box": {
              "top": 0,
              "left": 9,
              "width": 1,
              "height": 2
            },
            "clickAction": "DO_NOTHING",
            "autoLoad": true,
            "showTitle": "MOUSEOVER",
            "displayMode": "IMAGE",
            "imageId": "8EG7DW9",
            "resizeImageMode": "FIT_SIZE"
          },
          {
            "tileType": "IMAGE",
            "box": {
              "top": 0,
              "left": 0,
              "width": 9,
              "height": 1
            },
            "clickAction": "DO_NOTHING",
            "autoLoad": true,
            "showTitle": "MOUSEOVER",
            "displayMode": "IMAGE",
            "imageId": "iLxELE7",
            "resizeImageMode": "FIT_SIZE"
          },
          {
            "tileType": "IMAGE",
            "box": {
              "top": 0,
              "left": 10,
              "width": 2,
              "height": 1
            },
            "clickAction": "DO_NOTHING",
            "autoLoad": true,
            "showTitle": "MOUSEOVER",
            "displayMode": "IMAGE",
            "imageId": "CSv0jRI",
            "resizeImageMode": "FIT_SIZE"
          }
        ]
      },
      "title": "detractors analysis",
      "showTitle": false,
      "backgroundColor": "#ffffff"
    },
    {
      "id": "MiKJNhF",
      "grid": {
        "tiles": [
          {
            "tileType": "INSIGHT",
            "box": {
              "top": 1,
              "left": 0,
              "width": 8,
              "height": 5
            },
            "clickAction": "DO_NOTHING",
            "tileParams": {
              "showXAxis": true,
              "showYAxis": true,
              "showLegend": true,
              "showTooltips": true,
              "autoPlayAnimation": true
            },
            "autoLoad": true,
            "showTitle": "NO",
            "insightId": "PZiqVAm",
            "insightType": "chart",
            "displayMode": "INSIGHT",
            "resizeImageMode": "FIT_SIZE"
          },
          {
            "tileType": "IMAGE",
            "box": {
              "top": 0,
              "left": 9,
              "width": 1,
              "height": 1
            },
            "clickAction": "DO_NOTHING",
            "autoLoad": true,
            "showTitle": "MOUSEOVER",
            "displayMode": "IMAGE",
            "imageId": "VSLlLkL",
            "resizeImageMode": "FIT_SIZE"
          },
          {
            "tileType": "IMAGE",
            "box": {
              "top": 0,
              "left": 0,
              "width": 9,
              "height": 1
            },
            "clickAction": "DO_NOTHING",
            "autoLoad": true,
            "showTitle": "MOUSEOVER",
            "displayMode": "IMAGE",
            "imageId": "80CPDHN",
            "resizeImageMode": "FIT_SIZE"
          },
          {
            "tileType": "IMAGE",
            "box": {
              "top": 0,
              "left": 10,
              "width": 2,
              "height": 1
            },
            "clickAction": "DO_NOTHING",
            "autoLoad": true,
            "showTitle": "MOUSEOVER",
            "displayMode": "IMAGE",
            "imageId": "KxLJCBa",
            "resizeImageMode": "FIT_SIZE"
          },
          {
            "tileType": "INSIGHT",
            "box": {
              "top": 2,
              "left": 9,
              "width": 3,
              "height": 3
            },
            "clickAction": "DO_NOTHING",
            "tileParams": {
              "showXAxis": true,
              "showYAxis": true,
              "showLegend": false,
              "showTooltips": true,
              "autoPlayAnimation": true
            },
            "autoLoad": true,
            "showTitle": "YES",
            "title": "NPS : Ratio to Average by Day of the Week",
            "borderColor": "#000000",
            "insightId": "43DjW57",
            "insightType": "chart",
            "displayMode": "INSIGHT",
            "resizeImageMode": "FIT_SIZE"
          }
        ]
      },
      "title": "predictions",
      "showTitle": false,
      "backgroundColor": "#ffffff"
    },
    {
      "id": "B2TBR75",
      "grid": {
        "tiles": [
          {
            "tileType": "TEXT",
            "box": {
              "top": 1,
              "left": 1,
              "width": 4,
              "height": 3
            },
            "clickAction": "DO_NOTHING",
            "tileParams": {
              "text": "###Why are some customers unhappy?\n\n\u003cspan style\u003d\u0027font-size:16px\u0027\u003e First of all, we can only stress that bad experience is caused by different factors depending on each country:\u003c/span\u003e\n- \u003cspan style\u003d\u0027font-size:16px\u0027\u003e**Guest account and signup/login** cause problems, especially in the UK. Possibly an issue with the english version of the site on this area.\n- \u003cspan style\u003d\u0027font-size:16px\u0027\u003e**Shipping fees and delivery time** are unpredictable and can be quite high.\n- \u003cspan style\u003d\u0027font-size:16px\u0027\u003e**Payment** can be an issue, especially in Germany where customers tend to not possess a credit card.\n- \u003cspan style\u003d\u0027font-size:16px\u0027\u003eAll in all, this means that there is not one unique magic solution to those problems.\n\n\u003cp\u003e\n\u003cspan style\u003d\u0027font-size:16px\u0027\u003eHowever, a NPS of 67 remains excellent, and most customers mention that the website is easy to use and fast.\u003c/span\u003e\n\u003cp\u003e",
              "textAlign": "LEFT",
              "isTransparent": false
            },
            "autoLoad": true,
            "showTitle": "NO",
            "displayMode": "INSIGHT",
            "resizeImageMode": "FIT_SIZE"
          },
          {
            "tileType": "IMAGE",
            "box": {
              "top": 0,
              "left": 0,
              "width": 10,
              "height": 1
            },
            "clickAction": "DO_NOTHING",
            "autoLoad": true,
            "showTitle": "MOUSEOVER",
            "displayMode": "IMAGE",
            "imageId": "q1CZ8R5",
            "resizeImageMode": "FIT_SIZE"
          },
          {
            "tileType": "IMAGE",
            "box": {
              "top": 3,
              "left": 7,
              "width": 4,
              "height": 2
            },
            "clickAction": "DO_NOTHING",
            "autoLoad": true,
            "showTitle": "MOUSEOVER",
            "displayMode": "IMAGE",
            "imageId": "OiMNuiZ",
            "resizeImageMode": "FIT_SIZE"
          },
          {
            "tileType": "TEXT",
            "box": {
              "top": 1,
              "left": 5,
              "width": 4,
              "height": 2
            },
            "clickAction": "DO_NOTHING",
            "tileParams": {
              "text": "### The Future Ahead\n\u003cspan style\u003d\u0027font-size:16px\u0027\u003eBased on this analysis, one way to improve the customer experience could be to ramp up the ManoFulfillment program and move towards **more centralized and in-house logistics** in order to reduce delivery costs.\u003c/span\u003e\n\u003cspan style\u003d\u0027font-size:16px\u0027\u003eWe would also advise making sure that \u003cb\u003elocalisation\u003c/b\u003e is clear so that customers can navigate easily through the site regardless of the language.\u003c/span\u003e\n\u003cspan style\u003d\u0027font-size:16px\u0027\u003eFinally, \u003cb\u003epayment plugins \u003c/b\u003ecould possibly be improved to ensure they are not preventing anyone to complete their order.\u003c/span\u003e",
              "textAlign": "LEFT",
              "isTransparent": false
            },
            "autoLoad": true,
            "showTitle": "NO",
            "displayMode": "INSIGHT",
            "resizeImageMode": "FIT_SIZE"
          },
          {
            "tileType": "IMAGE",
            "box": {
              "top": 6,
              "left": 0,
              "width": 12,
              "height": 2
            },
            "clickAction": "DO_NOTHING",
            "autoLoad": true,
            "showTitle": "MOUSEOVER",
            "displayMode": "IMAGE",
            "imageId": "5UElN4o",
            "resizeImageMode": "STRETCH_SIZE"
          }
        ]
      },
      "title": "conclusion",
      "showTitle": false,
      "backgroundColor": "#ffffff"
    },
    {
      "id": "c7ZaXPp",
      "grid": {
        "tiles": [
          {
            "tileType": "IMAGE",
            "box": {
              "top": 0,
              "left": 0,
              "width": 12,
              "height": 6
            },
            "clickAction": "DO_NOTHING",
            "autoLoad": true,
            "showTitle": "MOUSEOVER",
            "displayMode": "IMAGE",
            "imageId": "2Adc3kq",
            "resizeImageMode": "FIT_SIZE"
          }
        ]
      },
      "title": "fin",
      "showTitle": false
    }
  ],
  "owner": "aline-dubuy_student2021@wilder.school",
  "listed": true,
  "name": "Dashboard Dato Dato Final",
  "showGrid": false,
  "versionTag": {
    "versionNumber": 39,
    "lastModifiedBy": {
      "login": "guillaume.arp@gmail.com"
    },
    "lastModifiedOn": 1642756964359
  },
  "creationTag": {
    "versionNumber": 0,
    "lastModifiedBy": {
      "login": "aline-dubuy_student2021@wilder.school"
    },
    "lastModifiedOn": 1642718177456
  },
  "tags": [],
  "customFields": {},
  "checklists": {
    "checklists": []
  }
}