{
  "inputDatasetSmartName": "resemple",
  "script": {
    "steps": [
      {
        "type": "DateComponentsExtractor",
        "params": {
          "column": "date_parsed",
          "outDayOfWeekColumn": "Day_of_the_week",
          "timezone_id": "UTC"
        },
        "metaType": "PROCESSOR",
        "preview": false,
        "disabled": false,
        "alwaysShowComment": false
      },
      {
        "type": "ColumnCopier",
        "params": {
          "inputColumn": "Day_of_the_week",
          "outputColumn": "Day_of_the_week_words"
        },
        "metaType": "PROCESSOR",
        "preview": false,
        "disabled": false,
        "alwaysShowComment": false
      },
      {
        "type": "FindReplace",
        "params": {
          "output": "",
          "normalization": "EXACT",
          "matching": "SUBSTRING",
          "stopAfterFirstMatch": false,
          "mapping": [
            {
              "from": "1",
              "to": "MONDAY"
            },
            {
              "from": "2",
              "to": "TUESDAY"
            },
            {
              "from": "3",
              "to": "WEDNESDAY"
            },
            {
              "from": "4",
              "to": "THURSDAY"
            },
            {
              "from": "5",
              "to": "FRIDAY"
            },
            {
              "from": "6",
              "to": "SATURDAY"
            },
            {
              "from": "7",
              "to": "SUNDAY"
            }
          ],
          "appliesTo": "SINGLE_COLUMN",
          "columns": [
            "Day_of_the_week_words"
          ]
        },
        "metaType": "PROCESSOR",
        "preview": false,
        "disabled": false,
        "alwaysShowComment": false
      }
    ],
    "maxProcessedMemTableBytes": -1,
    "columnsSelection": {
      "mode": "ALL"
    },
    "columnWidthsByName": {
      "date": 183,
      "date_parsed": 183,
      "Detractor": 100,
      "Passive": 100,
      "Promoter": 100,
      "All": 100,
      "% detractor": 100,
      "% promoter": 100,
      "NPS": 100,
      "Day_of_the_week": 128,
      "Day_of_the_week_copy": 165,
      "Day_of_the_week_words": 173
    },
    "coloring": {
      "scheme": "MEANING_AND_STATUS",
      "individualColumns": [],
      "valueColoringMode": "HASH"
    },
    "sorting": [],
    "analysisColumnData": {},
    "explorationSampling": {
      "selection": {
        "maxStoredBytes": 104857600,
        "timeout": -1,
        "filter": {
          "distinct": false,
          "enabled": false
        },
        "partitionSelectionMethod": "ALL",
        "latestPartitionsN": 1,
        "ordering": {
          "enabled": false,
          "rules": []
        },
        "samplingMethod": "HEAD_SEQUENTIAL",
        "maxRecords": 10000,
        "targetRatio": 0.02,
        "withinFirstN": -1,
        "maxReadUncompressedBytes": -1
      },
      "autoRefreshSample": false,
      "_refreshTrigger": 0
    },
    "vizSampling": {
      "selection": {
        "useMemTable": false,
        "filter": {
          "distinct": false,
          "enabled": false
        },
        "partitionSelectionMethod": "ALL",
        "latestPartitionsN": 1,
        "ordering": {
          "enabled": false,
          "rules": []
        },
        "samplingMethod": "FULL",
        "maxRecords": -1,
        "targetRatio": 0.02,
        "withinFirstN": -1,
        "maxReadUncompressedBytes": -1
      },
      "autoRefreshSample": false,
      "_refreshTrigger": 0
    },
    "exploreUIParams": {
      "autoRefresh": true
    },
    "globalSearchQuery": "",
    "explorationFilters": [],
    "previewMode": "ALL_ROWS"
  },
  "charts": [],
  "name": "Day_of_the-week analysis",
  "versionTag": {
    "versionNumber": 38,
    "lastModifiedBy": {
      "login": "aline-dubuy_student2021@wilder.school"
    },
    "lastModifiedOn": 1642722980133
  },
  "creationTag": {
    "versionNumber": 0,
    "lastModifiedBy": {
      "login": "aline-dubuy_student2021@wilder.school"
    },
    "lastModifiedOn": 1642722354820
  },
  "tags": [],
  "customFields": {},
  "checklists": {
    "checklists": []
  }
}