{
    "startedAt": 1642701688902,
    "gridSize": 3,
    "nThreads": 4,
    "nSplits": 5,
    "metric": "R2",
    "timeout": null,
    "gridPoints": [
        {
            "finishedAt": 1642701698511,
            "score": 0.015696507213473865,
            "testScoreGibMean": 0.015696507213473865,
            "testScoreMean": 0.015696507213473865,
            "testScoreStd": 0.0025155452709374722,
            "trainScoreMean": 0.02399211311478866,
            "trainScoreStd": 0.0005351835300116888,
            "time": 23817,
            "fitTimeMean": 4192.8,
            "fitTimeStd": 247.48284789051542,
            "scoreTimeMean": 570.6,
            "scoreTimeStd": 265.53613690042266,
            "parameters": {
                "alpha": 0.1
            }
        },
        {
            "finishedAt": 1642701704024,
            "score": 0.015220041450140245,
            "testScoreGibMean": 0.015220041450140245,
            "testScoreMean": 0.015220041450140245,
            "testScoreStd": 0.0020613317350108634,
            "trainScoreMean": 0.01989046858038206,
            "trainScoreStd": 0.0004696724536671163,
            "time": 25379,
            "fitTimeMean": 4455.2,
            "fitTimeStd": 521.9319495873001,
            "scoreTimeMean": 620.6,
            "scoreTimeStd": 358.46930133555367,
            "parameters": {
                "alpha": 1.0
            }
        },
        {
            "finishedAt": 1642701706818,
            "score": 0.012040164781257866,
            "testScoreGibMean": 0.012040164781257866,
            "testScoreMean": 0.012040164781257866,
            "testScoreStd": 0.0015390407659134245,
            "trainScoreMean": 0.01451530671973238,
            "trainScoreStd": 0.00043012258066894805,
            "time": 18251,
            "fitTimeMean": 3074.2,
            "fitTimeStd": 815.4947945879238,
            "scoreTimeMean": 576.0,
            "scoreTimeStd": 427.6260048219706,
            "parameters": {
                "alpha": 3.0
            }
        }
    ]
}