[
    {
        "test_score_gib": 0.015541969214347917,
        "train_score": 0.024000003951346605,
        "test_score": 0.015541969214347917,
        "num_samples": 12131,
        "fit_time": 4320,
        "score_time": 382,
        "time": 4702,
        "parameters": {
            "alpha": 0.1
        },
        "done_at": 1642701693611,
        "split_id": 0
    },
    {
        "test_score_gib": 0.01541194342188923,
        "train_score": 0.02418811196903836,
        "test_score": 0.01541194342188923,
        "num_samples": 12131,
        "fit_time": 4326,
        "score_time": 386,
        "time": 4712,
        "parameters": {
            "alpha": 0.1
        },
        "done_at": 1642701693708,
        "split_id": 1
    },
    {
        "test_score_gib": 0.019636333264064,
        "train_score": 0.023040146047267895,
        "test_score": 0.019636333264064,
        "num_samples": 12131,
        "fit_time": 4307,
        "score_time": 502,
        "time": 4809,
        "parameters": {
            "alpha": 0.1
        },
        "done_at": 1642701693815,
        "split_id": 2
    },
    {
        "test_score_gib": 0.01616934289583749,
        "train_score": 0.024043988754836598,
        "test_score": 0.01616934289583749,
        "num_samples": 12131,
        "fit_time": 4313,
        "score_time": 491,
        "time": 4804,
        "parameters": {
            "alpha": 0.1
        },
        "done_at": 1642701693809,
        "split_id": 3
    },
    {
        "test_score_gib": 0.011722947271230688,
        "train_score": 0.02468831485145384,
        "test_score": 0.011722947271230688,
        "num_samples": 12131,
        "fit_time": 3698,
        "score_time": 1092,
        "time": 4790,
        "parameters": {
            "alpha": 0.1
        },
        "done_at": 1642701698511,
        "split_id": 4
    },
    {
        "test_score_gib": 0.01529492817822442,
        "train_score": 0.019891969325426473,
        "test_score": 0.01529492817822442,
        "num_samples": 12131,
        "fit_time": 4495,
        "score_time": 591,
        "time": 5086,
        "parameters": {
            "alpha": 1.0
        },
        "done_at": 1642701698909,
        "split_id": 0
    },
    {
        "test_score_gib": 0.015344278652166032,
        "train_score": 0.019982877439477686,
        "test_score": 0.015344278652166032,
        "num_samples": 12131,
        "fit_time": 3484,
        "score_time": 1310,
        "time": 4794,
        "parameters": {
            "alpha": 1.0
        },
        "done_at": 1642701698619,
        "split_id": 1
    },
    {
        "test_score_gib": 0.01817723094752355,
        "train_score": 0.01908876992739117,
        "test_score": 0.01817723094752355,
        "num_samples": 12131,
        "fit_time": 4493,
        "score_time": 497,
        "time": 4990,
        "parameters": {
            "alpha": 1.0
        },
        "done_at": 1642701698815,
        "split_id": 2
    },
    {
        "test_score_gib": 0.01557815341024582,
        "train_score": 0.019927175447300605,
        "test_score": 0.01557815341024582,
        "num_samples": 12131,
        "fit_time": 4993,
        "score_time": 413,
        "time": 5406,
        "parameters": {
            "alpha": 1.0
        },
        "done_at": 1642701704024,
        "split_id": 3
    },
    {
        "test_score_gib": 0.01170561606254139,
        "train_score": 0.020561550762314362,
        "test_score": 0.01170561606254139,
        "num_samples": 12131,
        "fit_time": 4811,
        "score_time": 292,
        "time": 5103,
        "parameters": {
            "alpha": 1.0
        },
        "done_at": 1642701703913,
        "split_id": 4
    },
    {
        "test_score_gib": 0.01220640644323745,
        "train_score": 0.014468049971101626,
        "test_score": 0.01220640644323745,
        "num_samples": 12131,
        "fit_time": 3497,
        "score_time": 1389,
        "time": 4886,
        "parameters": {
            "alpha": 3.0
        },
        "done_at": 1642701703709,
        "split_id": 0
    },
    {
        "test_score_gib": 0.012119495475207298,
        "train_score": 0.014620897386540377,
        "test_score": 0.012119495475207298,
        "num_samples": 12131,
        "fit_time": 4487,
        "score_time": 601,
        "time": 5088,
        "parameters": {
            "alpha": 3.0
        },
        "done_at": 1642701704009,
        "split_id": 1
    },
    {
        "test_score_gib": 0.014161167984583556,
        "train_score": 0.01380116004434584,
        "test_score": 0.014161167984583556,
        "num_samples": 12131,
        "fit_time": 2597,
        "score_time": 202,
        "time": 2799,
        "parameters": {
            "alpha": 3.0
        },
        "done_at": 1642701706619,
        "split_id": 2
    },
    {
        "test_score_gib": 0.01235859405540396,
        "train_score": 0.014537767585541705,
        "test_score": 0.01235859405540396,
        "num_samples": 12131,
        "fit_time": 2400,
        "score_time": 293,
        "time": 2693,
        "parameters": {
            "alpha": 3.0
        },
        "done_at": 1642701706716,
        "split_id": 3
    },
    {
        "test_score_gib": 0.009355159947857072,
        "train_score": 0.015148658611132348,
        "test_score": 0.009355159947857072,
        "num_samples": 12131,
        "fit_time": 2390,
        "score_time": 395,
        "time": 2785,
        "parameters": {
            "alpha": 3.0
        },
        "done_at": 1642701706818,
        "split_id": 4
    }
]