{
    "modelInputNRows": 60655,
    "modelInputNCols": 215,
    "modelInputIsSparse": false,
    "modelInputMemory": 104326600,
    "usedGridSearch": true,
    "gridSize": 3,
    "gridBestScore": 0.015696507213473865,
    "gridCells": [
        {
            "params": {
                "alpha": 0.1
            },
            "score": 0.015696507213473865,
            "scoreStd": 0.0025155452709374722,
            "fitTime": 4.1928,
            "fitTimeStd": 0.24748284789051542,
            "scoreTime": 0.5706,
            "scoreTimeStd": 0.26553613690042266
        },
        {
            "params": {
                "alpha": 1.0
            },
            "score": 0.015220041450140245,
            "scoreStd": 0.0020613317350108634,
            "fitTime": 4.4552,
            "fitTimeStd": 0.5219319495873,
            "scoreTime": 0.6206,
            "scoreTimeStd": 0.35846930133555366
        },
        {
            "params": {
                "alpha": 3.0
            },
            "score": 0.012040164781257866,
            "scoreStd": 0.0015390407659134245,
            "fitTime": 3.0742,
            "fitTimeStd": 0.8154947945879238,
            "scoreTime": 0.576,
            "scoreTimeStd": 0.4276260048219706
        }
    ],
    "lmCoefficients": {
        "variables": [
            "bv_transaction",
            "shipping_fees",
            "nb_articles",
            "dummy:country:FR",
            "dummy:country:IT",
            "dummy:country:GB",
            "dummy:country:ES",
            "dummy:payment_method:visa",
            "dummy:payment_method:paypal",
            "dummy:payment_method:mastercard",
            "dummy:payment_method:oney3x",
            "dummy:payment_method:payment-intent",
            "dummy:payment_method:transfer",
            "dummy:payment_method:sofort",
            "dummy:has_presales_contact:false",
            "dummy:bv_transaction_bucket:001 - 100",
            "dummy:bv_transaction_bucket:101 - 150",
            "dummy:bv_transaction_bucket:151 - 200",
            "dummy:bv_transaction_bucket:201 - 300",
            "dummy:bv_transaction_bucket:301 - 400",
            "dummy:bv_transaction_bucket:401 - 500",
            "dummy:bv_transaction_bucket:601 - 800",
            "dummy:bv_transaction_bucket:501 - 600",
            "dummy:bv_transaction_bucket:801 - 1000",
            "dummy:bv_transaction_bucket:1001 - 2000",
            "dummy:bv_transaction_bucket:2000 +",
            "dummy:is_mf:false",
            "dummy:device:desktop",
            "dummy:device:phone",
            "dummy:provider:vidaXL",
            "dummy:provider:Songmics",
            "dummy:provider:WilTec",
            "dummy:provider:Aosom",
            "dummy:provider:ID Market",
            "dummy:provider:Sos_access",
            "dummy:provider:A Super Mall",
            "dummy:provider:Maxoutil",
            "dummy:provider:Made4home",
            "dummy:provider:Deuba",
            "dummy:provider:Electropapa",
            "dummy:provider:relaxdays",
            "dummy:provider:Plumbworld",
            "dummy:provider:BES Elettronica",
            "dummy:provider:Outillage de Saint Etienne",
            "dummy:provider:Espace-B",
            "dummy:provider:DOMO ONLINE",
            "dummy:provider:Living and Home",
            "dummy:provider:Bakaji",
            "dummy:provider:STOEX",
            "dummy:provider:Conrad",
            "dummy:provider:Arebos",
            "dummy:provider:Brico Concept",
            "dummy:provider:tectake",
            "dummy:provider:Aosom France",
            "dummy:provider:Produce Shop",
            "dummy:provider:BCIE",
            "dummy:provider:SoBuy",
            "dummy:provider:FDS",
            "dummy:provider:HUANSTONG",
            "dummy:provider:Happy Shopping",
            "dummy:provider:ADEPEM",
            "dummy:provider:Webmotoculture",
            "dummy:provider:GT GROUP",
            "dummy:provider:Espinosa",
            "dummy:provider:SVH",
            "dummy:provider:Home Discount Ltd.",
            "dummy:provider:BricoT",
            "dummy:provider:Cayenne MF",
            "dummy:provider:Deuba ",
            "dummy:provider:Coremplus",
            "dummy:provider:Value Lights",
            "dummy:provider:GetGoods",
            "dummy:provider:Jardimax",
            "dummy:provider:Alexis Robert",
            "dummy:provider:Provence Outillage",
            "dummy:provider:AlicesGarden",
            "dummy:provider:Elegant Showers",
            "dummy:provider:Westfalia Brico",
            "dummy:provider:Yeppon",
            "dummy:provider:Rubinetteriashop",
            "dummy:provider:Yaheetech",
            "dummy:provider:Provence Outillage MF",
            "dummy:provider:Maxoutil.",
            "dummy:provider:CentraleBrico",
            "dummy:provider:BuyaParcel",
            "dummy:provider:Aosom MF IT",
            "dummy:provider:Ecoland's",
            "dummy:provider:Ecoland",
            "dummy:provider:Wiltec",
            "dummy:provider:electronic-star",
            "dummy:provider:Expertbynet",
            "dummy:provider:Aosom France MF",
            "dummy:provider:TackLife",
            "dummy:provider:BVM Pi\u00e8ces",
            "dummy:provider:Mon Magasin G\u00e9n\u00e9ral",
            "dummy:provider:R.On.",
            "dummy:provider:Powertoolmate",
            "dummy:provider:Maxter Accessoires",
            "dummy:provider:LSDLP",
            "dummy:provider:sanitaire-distribution",
            "dummy:provider:Livea",
            "dummy:provider:KEROPPA",
            "dummy:provider:Outillage online",
            "dummy:provider:FIXTOUT",
            "dummy:provider:Pi\u00e8ces Pneus",
            "dummy:provider:Homelody",
            "dummy:provider:Images Shopping ",
            "dummy:provider:La Maison Electrique",
            "dummy:provider:MTS",
            "dummy:provider:Mobil Meubles",
            "dummy:provider:OC-PRO",
            "dummy:provider:Enexo",
            "dummy:provider:Sanundo",
            "dummy:provider:Thsinde FR",
            "dummy:provider:Trade Shop",
            "dummy:provider:Besoin D'Habitat",
            "dummy:provider:Yaheetech UK",
            "dummy:provider:EDesign",
            "dummy:provider:EMC Motoculture",
            "dummy:provider:Habitat&Jardin",
            "dummy:provider:DIEFFEMATIC",
            "dummy:provider:Electropolis",
            "dummy:provider:Bearsu",
            "dummy:provider:Ledkia",
            "dummy:provider:Europalamp",
            "dummy:provider:Centrocom",
            "dummy:provider:Nouveaux Marchands",
            "dummy:provider:ECD-Germany",
            "dummy:provider:Cablematic",
            "dummy:provider:Jardiaffaires",
            "dummy:provider:N/A",
            "dummy:browser:Chrome",
            "dummy:browser:Chrome Mobile",
            "dummy:browser:Edge",
            "dummy:browser:Firefox",
            "dummy:browser:Safari",
            "dummy:browser:Mobile Safari",
            "dummy:browser:Samsung Internet",
            "dummy:browser:Google",
            "dummy:browser:Chrome Mobile iOS",
            "dummy:browser:Facebook",
            "dummy:browser:Opera",
            "dummy:browser:Other",
            "dummy:browser:Chrome Mobile WebView",
            "dummy:browser:MiuiBrowser",
            "dummy:browser:Firefox Mobile",
            "dummy:browser:Amazon Silk",
            "dummy:browser:Mobile Safari UI/WKWebView",
            "dummy:browser:Edge Mobile",
            "dummy:browser:Instagram",
            "dummy:browser:Firefox iOS",
            "dummy:browser:Opera Mobile",
            "dummy:browser:Apple Mail",
            "dummy:browser:Pinterest",
            "dummy:browser:Chromium",
            "dummy:browser:Waterfox",
            "dummy:browser:Maxthon",
            "dummy:browser:Pale Moon",
            "dummy:browser:Sogou Explorer",
            "dummy:csat_presales:FALSE",
            "dummy:csat_presales:good",
            "dummy:csat_presales:neutral",
            "dummy:operating_system:Windows",
            "dummy:operating_system:Android",
            "dummy:operating_system:iOS",
            "dummy:operating_system:Mac OS",
            "dummy:operating_system:Linux",
            "dummy:operating_system:Chrome OS",
            "dummy:first_order:false",
            "dummy:has_manodvisor_contact:false",
            "dummy:last_paid_channel:SHOPBOT",
            "dummy:last_paid_channel:DIRECT_ACCESS",
            "dummy:last_paid_channel:SEM",
            "dummy:last_paid_channel:SEO-SEARCH",
            "dummy:last_paid_channel:SEO-BRAND",
            "dummy:last_paid_channel:AFFILIATION",
            "dummy:last_paid_channel:EMAIL",
            "dummy:last_paid_channel:RETARGETING",
            "dummy:last_paid_channel:DISPLAY",
            "dummy:last_paid_channel:VIRAL-BRAND",
            "dummy:last_paid_channel:REFERING_SITE",
            "dummy:last_paid_channel:PINTEREST",
            "dummy:last_paid_channel:DISPLAY-BRAND",
            "dummy:last_paid_channel:N/A",
            "dummy:shipping_fees_bucket:000",
            "dummy:shipping_fees_bucket:001 - 005",
            "dummy:shipping_fees_bucket:006 - 010",
            "dummy:shipping_fees_bucket:011 - 020",
            "dummy:shipping_fees_bucket:020 - 050",
            "dummy:shipping_fees_bucket:051 - 100",
            "dummy:family:Jardin piscine",
            "dummy:family:Outillage",
            "dummy:family:Mobilier d'int\u00e9rieur",
            "dummy:family:Plomberie chauffage",
            "dummy:family:Quincaillerie",
            "dummy:family:Salle de bain, WC",
            "dummy:family:Luminaire",
            "dummy:family:Electricit\u00e9",
            "dummy:family:Animalerie",
            "dummy:family:Rev\u00eatement sol et mur",
            "dummy:family:Cuisine",
            "dummy:family:Construction mat\u00e9riaux",
            "dummy:family:N/A"
        ],
        "coefs": [
            -0.01781864882156909,
            -0.021233868224469776,
            -0.0577391064218188,
            0.11338130466510878,
            0.1582142061957605,
            0.09775516673027222,
            -0.012315020398315744,
            -0.03306242808594605,
            0.08696277390850513,
            -0.04380566513111736,
            0.11643350400731717,
            0.019459118885249236,
            -0.484451823497722,
            -0.039046530952137073,
            0.3060570859148587,
            0.03366867981026606,
            -0.02954683248491711,
            -0.05495387140275017,
            -0.018925102094314344,
            -0.05364624492617086,
            0.0014942387324264742,
            0.07043873377185285,
            0.06580566241310373,
            0.0058573911305615555,
            0.07823423803592042,
            0.2187061210349024,
            0.006460888647613893,
            -0.007426012068584019,
            0.16039866679327552,
            0.014052229785404043,
            0.06391177260142236,
            -0.004889644070502815,
            0.0636101693755535,
            0.0970451203674771,
            -0.007126239727431122,
            -0.1629945769952187,
            -0.06266937236332884,
            0.1049802290219231,
            0.02353828400230008,
            -0.023276004528457538,
            0.013453213163375067,
            0.06033792467149934,
            0.11328036964308637,
            0.04590045092499182,
            0.13091805167143358,
            -0.06437110882611478,
            0.17219760152652164,
            0.08153279924100784,
            -0.00818724965568554,
            -0.042607090073076476,
            -0.1822540719974297,
            0.04571708950738261,
            0.15212359035761275,
            0.10728539548163799,
            -0.008250920724075836,
            -0.04356238765790268,
            0.07095012748601257,
            -0.040449093057042605,
            0.10435645178886127,
            -0.03486769068325624,
            0.021152115077521436,
            -0.25244125994659283,
            0.04263227658952418,
            -0.06587368675121677,
            -0.027603547066096978,
            -0.019146501090088485,
            -0.038184908571746154,
            0.05840109826659182,
            -0.038200283412713566,
            -0.136168844732379,
            0.19517909185641946,
            -0.08266263241529995,
            -0.29802635698486746,
            -0.0419917744804572,
            -0.08677236593709658,
            -0.005734071673510969,
            0.20705342413781255,
            -0.07958591632817469,
            -0.12090121136878106,
            -0.06155863254787655,
            0.17060496899631206,
            -0.021320561284065218,
            0.036186758057717205,
            0.022774176126458844,
            0.0795559045916643,
            0.2014371827799192,
            -0.09483175098239853,
            0.04869676251387266,
            -0.07912904520932754,
            0.043198211529945,
            0.10003425027164771,
            -0.11992004098939492,
            0.04395525568918836,
            0.08144228447465021,
            -0.0630153735926304,
            -0.2569405640674053,
            0.21636818510472333,
            -0.18312579073189877,
            -0.13054293818301294,
            -0.07173321943004456,
            0.14236075708048784,
            -0.04694281043311581,
            0.18573662588667697,
            0.126398056087554,
            0.07283377574820035,
            0.03409553464620645,
            -0.056048295524792215,
            -0.08135571614519391,
            0.08434363967355035,
            0.18142314671051052,
            0.00938199520873986,
            0.18783400305094922,
            -0.5124400406887544,
            -0.07650783663396102,
            -0.0407508326216427,
            0.06654728722104396,
            0.1901938158798914,
            -0.09404471809181186,
            -0.2521255475581886,
            -0.030720513696964748,
            -0.05700091159729029,
            -0.07993231761328715,
            -0.049964186819248364,
            -0.05717998093715173,
            -0.1281574126019714,
            0.17145196595707207,
            0.1500719323207225,
            -0.18586947120679725,
            -0.15051902142016868,
            -0.12131622099423878,
            -0.43493797925741456,
            -0.026413797714913947,
            0.051421871201681076,
            -0.03387267551987755,
            -0.03265307242490478,
            0.021792528335751703,
            0.04391098450618848,
            0.07099951239323159,
            -0.020604409212896618,
            0.02112741468949122,
            -0.03651870410975176,
            -0.0001871714856318654,
            -0.18497284133689496,
            0.013664640266661254,
            -0.2130679677879532,
            -0.16359328380134833,
            0.07274432671119262,
            -0.12341356535174676,
            0.13856417557255424,
            0.102068161593125,
            -0.06657885798717546,
            -0.09640689137924852,
            0.24746281262504294,
            0.5824256051998197,
            0.46282391987423555,
            -0.1840954261541325,
            -0.8270446646184112,
            -0.7941160637613034,
            0.9014398143351887,
            0.30061151671290426,
            0.35997894979207945,
            -1.0449764734109115,
            -0.012333269344055,
            -0.0032016116623255764,
            0.022343815009027313,
            0.023460788069046664,
            -0.09326110224968558,
            0.06067052014982205,
            0.08567857812602606,
            0.6829542108463287,
            0.006243952104254662,
            -0.018137540891032717,
            0.002755185356630468,
            -0.002374993495026912,
            0.06094579288198353,
            -0.02605753096894017,
            0.027247546109702307,
            -0.05516961147588811,
            0.006769116134478958,
            -0.4475468466728345,
            -0.012889729742990302,
            0.41972863915361996,
            0.5808916029909562,
            -0.1420751271484706,
            0.0631515802891865,
            -0.004259810330247118,
            -0.05536581980753056,
            -0.0980845488811849,
            -0.011295240600769231,
            0.1186361660300055,
            -0.02714137708519885,
            -0.016970537506070985,
            0.06389812176963199,
            -0.007951473730000167,
            -0.030552249865571184,
            0.0433332955551339,
            0.025457905962396478,
            -0.06783892632134654,
            -0.047119152114017786,
            0.048050862413234946,
            -0.011496222092447765,
            0.04661808856185072,
            -0.43493797926825833
        ],
        "interceptStderr": null,
        "interceptTstat": null,
        "interceptPvalue": null,
        "interceptCoef": 7.483313500521364,
        "rescaledCoefs": [
            -0.00011200754850110884,
            -0.002291832733813179,
            -0.07501131123713058,
            0.11338130466510878,
            0.1582142061957605,
            0.09775516673027222,
            -0.012315020398315744,
            -0.03306242808594605,
            0.08696277390850513,
            -0.04380566513111736,
            0.11643350400731717,
            0.019459118885249236,
            -0.484451823497722,
            -0.039046530952137073,
            0.3060570859148587,
            0.03366867981026606,
            -0.02954683248491711,
            -0.05495387140275017,
            -0.018925102094314344,
            -0.05364624492617086,
            0.0014942387324264742,
            0.07043873377185285,
            0.06580566241310373,
            0.0058573911305615555,
            0.07823423803592042,
            0.2187061210349024,
            0.006460888647613893,
            -0.007426012068584019,
            0.16039866679327552,
            0.014052229785404043,
            0.06391177260142236,
            -0.004889644070502815,
            0.0636101693755535,
            0.0970451203674771,
            -0.007126239727431122,
            -0.1629945769952187,
            -0.06266937236332884,
            0.1049802290219231,
            0.02353828400230008,
            -0.023276004528457538,
            0.013453213163375067,
            0.06033792467149934,
            0.11328036964308637,
            0.04590045092499182,
            0.13091805167143358,
            -0.06437110882611478,
            0.17219760152652164,
            0.08153279924100784,
            -0.00818724965568554,
            -0.042607090073076476,
            -0.1822540719974297,
            0.04571708950738261,
            0.15212359035761275,
            0.10728539548163799,
            -0.008250920724075836,
            -0.04356238765790268,
            0.07095012748601257,
            -0.040449093057042605,
            0.10435645178886127,
            -0.03486769068325624,
            0.021152115077521436,
            -0.25244125994659283,
            0.04263227658952418,
            -0.06587368675121677,
            -0.027603547066096978,
            -0.019146501090088485,
            -0.038184908571746154,
            0.05840109826659182,
            -0.038200283412713566,
            -0.136168844732379,
            0.19517909185641946,
            -0.08266263241529995,
            -0.29802635698486746,
            -0.0419917744804572,
            -0.08677236593709658,
            -0.005734071673510969,
            0.20705342413781255,
            -0.07958591632817469,
            -0.12090121136878106,
            -0.06155863254787655,
            0.17060496899631206,
            -0.021320561284065218,
            0.036186758057717205,
            0.022774176126458844,
            0.0795559045916643,
            0.2014371827799192,
            -0.09483175098239853,
            0.04869676251387266,
            -0.07912904520932754,
            0.043198211529945,
            0.10003425027164771,
            -0.11992004098939492,
            0.04395525568918836,
            0.08144228447465021,
            -0.0630153735926304,
            -0.2569405640674053,
            0.21636818510472333,
            -0.18312579073189877,
            -0.13054293818301294,
            -0.07173321943004456,
            0.14236075708048784,
            -0.04694281043311581,
            0.18573662588667697,
            0.126398056087554,
            0.07283377574820035,
            0.03409553464620645,
            -0.056048295524792215,
            -0.08135571614519391,
            0.08434363967355035,
            0.18142314671051052,
            0.00938199520873986,
            0.18783400305094922,
            -0.5124400406887544,
            -0.07650783663396102,
            -0.0407508326216427,
            0.06654728722104396,
            0.1901938158798914,
            -0.09404471809181186,
            -0.2521255475581886,
            -0.030720513696964748,
            -0.05700091159729029,
            -0.07993231761328715,
            -0.049964186819248364,
            -0.05717998093715173,
            -0.1281574126019714,
            0.17145196595707207,
            0.1500719323207225,
            -0.18586947120679725,
            -0.15051902142016868,
            -0.12131622099423878,
            -0.43493797925741456,
            -0.026413797714913947,
            0.051421871201681076,
            -0.03387267551987755,
            -0.03265307242490478,
            0.021792528335751703,
            0.04391098450618848,
            0.07099951239323159,
            -0.020604409212896618,
            0.02112741468949122,
            -0.03651870410975176,
            -0.0001871714856318654,
            -0.18497284133689496,
            0.013664640266661254,
            -0.2130679677879532,
            -0.16359328380134833,
            0.07274432671119262,
            -0.12341356535174676,
            0.13856417557255424,
            0.102068161593125,
            -0.06657885798717546,
            -0.09640689137924852,
            0.24746281262504294,
            0.5824256051998197,
            0.46282391987423555,
            -0.1840954261541325,
            -0.8270446646184112,
            -0.7941160637613034,
            0.9014398143351887,
            0.30061151671290426,
            0.35997894979207945,
            -1.0449764734109115,
            -0.012333269344055,
            -0.0032016116623255764,
            0.022343815009027313,
            0.023460788069046664,
            -0.09326110224968558,
            0.06067052014982205,
            0.08567857812602606,
            0.6829542108463287,
            0.006243952104254662,
            -0.018137540891032717,
            0.002755185356630468,
            -0.002374993495026912,
            0.06094579288198353,
            -0.02605753096894017,
            0.027247546109702307,
            -0.05516961147588811,
            0.006769116134478958,
            -0.4475468466728345,
            -0.012889729742990302,
            0.41972863915361996,
            0.5808916029909562,
            -0.1420751271484706,
            0.0631515802891865,
            -0.004259810330247118,
            -0.05536581980753056,
            -0.0980845488811849,
            -0.011295240600769231,
            0.1186361660300055,
            -0.02714137708519885,
            -0.016970537506070985,
            0.06389812176963199,
            -0.007951473730000167,
            -0.030552249865571184,
            0.0433332955551339,
            0.025457905962396478,
            -0.06783892632134654,
            -0.047119152114017786,
            0.048050862413234946,
            -0.011496222092447765,
            0.04661808856185072,
            -0.43493797926825833
        ],
        "rescaledInterceptCoef": 7.598742359427267
    }
}