{
    "metrics": {
        "evs": 0.018989685920922428,
        "mape": 0.17395843409751102,
        "mae": 1.0734429665436613,
        "mse": 2.320564014203197,
        "rmse": 1.5233397566541735,
        "rmsle": 0.23092065558442545,
        "r2": 0.01898478086212063,
        "pearson": 0.13784942486721266
    },
    "processed_feature_names": [
        "bv_transaction",
        "shipping_fees",
        "nb_articles",
        "dummy:country:FR",
        "dummy:country:IT",
        "dummy:country:GB",
        "dummy:country:ES",
        "dummy:country:N/A",
        "dummy:payment_method:visa",
        "dummy:payment_method:paypal",
        "dummy:payment_method:mastercard",
        "dummy:payment_method:oney3x",
        "dummy:payment_method:payment-intent",
        "dummy:payment_method:transfer",
        "dummy:payment_method:sofort",
        "dummy:payment_method:N/A",
        "dummy:has_presales_contact:false",
        "dummy:has_presales_contact:N/A",
        "dummy:bv_transaction_bucket:001 - 100",
        "dummy:bv_transaction_bucket:101 - 150",
        "dummy:bv_transaction_bucket:151 - 200",
        "dummy:bv_transaction_bucket:201 - 300",
        "dummy:bv_transaction_bucket:301 - 400",
        "dummy:bv_transaction_bucket:401 - 500",
        "dummy:bv_transaction_bucket:601 - 800",
        "dummy:bv_transaction_bucket:501 - 600",
        "dummy:bv_transaction_bucket:801 - 1000",
        "dummy:bv_transaction_bucket:1001 - 2000",
        "dummy:bv_transaction_bucket:2000 +",
        "dummy:bv_transaction_bucket:N/A",
        "dummy:is_mf:false",
        "dummy:is_mf:N/A",
        "dummy:device:desktop",
        "dummy:device:phone",
        "dummy:device:N/A",
        "dummy:provider:vidaXL",
        "dummy:provider:Songmics",
        "dummy:provider:WilTec",
        "dummy:provider:Aosom",
        "dummy:provider:ID Market",
        "dummy:provider:Sos_access",
        "dummy:provider:A Super Mall",
        "dummy:provider:Maxoutil",
        "dummy:provider:Made4home",
        "dummy:provider:Deuba",
        "dummy:provider:Electropapa",
        "dummy:provider:relaxdays",
        "dummy:provider:Plumbworld",
        "dummy:provider:BES Elettronica",
        "dummy:provider:Outillage de Saint Etienne",
        "dummy:provider:Espace-B",
        "dummy:provider:DOMO ONLINE",
        "dummy:provider:Living and Home",
        "dummy:provider:Bakaji",
        "dummy:provider:STOEX",
        "dummy:provider:Conrad",
        "dummy:provider:Arebos",
        "dummy:provider:Brico Concept",
        "dummy:provider:tectake",
        "dummy:provider:Aosom France",
        "dummy:provider:Produce Shop",
        "dummy:provider:BCIE",
        "dummy:provider:SoBuy",
        "dummy:provider:FDS",
        "dummy:provider:HUANSTONG",
        "dummy:provider:Happy Shopping",
        "dummy:provider:ADEPEM",
        "dummy:provider:Webmotoculture",
        "dummy:provider:GT GROUP",
        "dummy:provider:Espinosa",
        "dummy:provider:SVH",
        "dummy:provider:Home Discount Ltd.",
        "dummy:provider:BricoT",
        "dummy:provider:Cayenne MF",
        "dummy:provider:Deuba ",
        "dummy:provider:Coremplus",
        "dummy:provider:Value Lights",
        "dummy:provider:GetGoods",
        "dummy:provider:Jardimax",
        "dummy:provider:Alexis Robert",
        "dummy:provider:Provence Outillage",
        "dummy:provider:AlicesGarden",
        "dummy:provider:Elegant Showers",
        "dummy:provider:Westfalia Brico",
        "dummy:provider:Yeppon",
        "dummy:provider:Rubinetteriashop",
        "dummy:provider:Yaheetech",
        "dummy:provider:Provence Outillage MF",
        "dummy:provider:Maxoutil.",
        "dummy:provider:CentraleBrico",
        "dummy:provider:BuyaParcel",
        "dummy:provider:Aosom MF IT",
        "dummy:provider:Ecoland's",
        "dummy:provider:Ecoland",
        "dummy:provider:Wiltec",
        "dummy:provider:electronic-star",
        "dummy:provider:Expertbynet",
        "dummy:provider:Aosom France MF",
        "dummy:provider:TackLife",
        "dummy:provider:BVM Pi\u00e8ces",
        "dummy:provider:Mon Magasin G\u00e9n\u00e9ral",
        "dummy:provider:R.On.",
        "dummy:provider:Powertoolmate",
        "dummy:provider:Maxter Accessoires",
        "dummy:provider:LSDLP",
        "dummy:provider:sanitaire-distribution",
        "dummy:provider:Livea",
        "dummy:provider:KEROPPA",
        "dummy:provider:Outillage online",
        "dummy:provider:FIXTOUT",
        "dummy:provider:Pi\u00e8ces Pneus",
        "dummy:provider:Homelody",
        "dummy:provider:Images Shopping ",
        "dummy:provider:La Maison Electrique",
        "dummy:provider:MTS",
        "dummy:provider:Mobil Meubles",
        "dummy:provider:OC-PRO",
        "dummy:provider:Enexo",
        "dummy:provider:Sanundo",
        "dummy:provider:Thsinde FR",
        "dummy:provider:Trade Shop",
        "dummy:provider:Besoin D'Habitat",
        "dummy:provider:Yaheetech UK",
        "dummy:provider:EDesign",
        "dummy:provider:EMC Motoculture",
        "dummy:provider:Habitat&Jardin",
        "dummy:provider:DIEFFEMATIC",
        "dummy:provider:Electropolis",
        "dummy:provider:Bearsu",
        "dummy:provider:Ledkia",
        "dummy:provider:Europalamp",
        "dummy:provider:Centrocom",
        "dummy:provider:Nouveaux Marchands",
        "dummy:provider:ECD-Germany",
        "dummy:provider:Cablematic",
        "dummy:provider:Jardiaffaires",
        "dummy:provider:N/A",
        "dummy:browser:Chrome",
        "dummy:browser:Chrome Mobile",
        "dummy:browser:Edge",
        "dummy:browser:Firefox",
        "dummy:browser:Safari",
        "dummy:browser:Mobile Safari",
        "dummy:browser:Samsung Internet",
        "dummy:browser:Google",
        "dummy:browser:Chrome Mobile iOS",
        "dummy:browser:Facebook",
        "dummy:browser:Opera",
        "dummy:browser:Other",
        "dummy:browser:Chrome Mobile WebView",
        "dummy:browser:MiuiBrowser",
        "dummy:browser:Firefox Mobile",
        "dummy:browser:Amazon Silk",
        "dummy:browser:Mobile Safari UI/WKWebView",
        "dummy:browser:Edge Mobile",
        "dummy:browser:Instagram",
        "dummy:browser:Firefox iOS",
        "dummy:browser:Opera Mobile",
        "dummy:browser:Apple Mail",
        "dummy:browser:Pinterest",
        "dummy:browser:Chromium",
        "dummy:browser:Waterfox",
        "dummy:browser:Maxthon",
        "dummy:browser:Pale Moon",
        "dummy:browser:Sogou Explorer",
        "dummy:browser:N/A",
        "dummy:csat_presales:FALSE",
        "dummy:csat_presales:good",
        "dummy:csat_presales:neutral",
        "dummy:csat_presales:N/A",
        "dummy:operating_system:Windows",
        "dummy:operating_system:Android",
        "dummy:operating_system:iOS",
        "dummy:operating_system:Mac OS",
        "dummy:operating_system:Linux",
        "dummy:operating_system:Chrome OS",
        "dummy:operating_system:N/A",
        "dummy:first_order:false",
        "dummy:first_order:N/A",
        "dummy:has_manodvisor_contact:false",
        "dummy:has_manodvisor_contact:N/A",
        "dummy:last_paid_channel:SHOPBOT",
        "dummy:last_paid_channel:DIRECT_ACCESS",
        "dummy:last_paid_channel:SEM",
        "dummy:last_paid_channel:SEO-SEARCH",
        "dummy:last_paid_channel:SEO-BRAND",
        "dummy:last_paid_channel:AFFILIATION",
        "dummy:last_paid_channel:EMAIL",
        "dummy:last_paid_channel:RETARGETING",
        "dummy:last_paid_channel:DISPLAY",
        "dummy:last_paid_channel:VIRAL-BRAND",
        "dummy:last_paid_channel:REFERING_SITE",
        "dummy:last_paid_channel:PINTEREST",
        "dummy:last_paid_channel:DISPLAY-BRAND",
        "dummy:last_paid_channel:N/A",
        "dummy:shipping_fees_bucket:000",
        "dummy:shipping_fees_bucket:001 - 005",
        "dummy:shipping_fees_bucket:006 - 010",
        "dummy:shipping_fees_bucket:011 - 020",
        "dummy:shipping_fees_bucket:020 - 050",
        "dummy:shipping_fees_bucket:051 - 100",
        "dummy:shipping_fees_bucket:N/A",
        "dummy:family:Jardin piscine",
        "dummy:family:Outillage",
        "dummy:family:Mobilier d'int\u00e9rieur",
        "dummy:family:Plomberie chauffage",
        "dummy:family:Quincaillerie",
        "dummy:family:Salle de bain, WC",
        "dummy:family:Luminaire",
        "dummy:family:Electricit\u00e9",
        "dummy:family:Animalerie",
        "dummy:family:Rev\u00eatement sol et mur",
        "dummy:family:Cuisine",
        "dummy:family:Construction mat\u00e9riaux",
        "dummy:family:N/A"
    ],
    "regression_performance": {
        "error_distribution": [
            {
                "bin_id": 0,
                "bin_min": -4.819157651252168,
                "bin_max": -4.197550960036557,
                "count": 478
            },
            {
                "bin_id": 1,
                "bin_min": -4.197550960036557,
                "bin_max": -3.5820987905161497,
                "count": 311
            },
            {
                "bin_id": 2,
                "bin_min": -3.5820987905161497,
                "bin_max": -2.966646620995742,
                "count": 197
            },
            {
                "bin_id": 3,
                "bin_min": -2.966646620995742,
                "bin_max": -2.3511944514753345,
                "count": 239
            },
            {
                "bin_id": 4,
                "bin_min": -2.3511944514753345,
                "bin_max": -1.735742281954927,
                "count": 883
            },
            {
                "bin_id": 5,
                "bin_min": -1.735742281954927,
                "bin_max": -1.1202901124345193,
                "count": 803
            },
            {
                "bin_id": 6,
                "bin_min": -1.1202901124345193,
                "bin_max": -0.5048379429141123,
                "count": 2560
            },
            {
                "bin_id": 7,
                "bin_min": -0.5048379429141123,
                "bin_max": 0.1106142266062955,
                "count": 2870
            },
            {
                "bin_id": 8,
                "bin_min": 0.1106142266062955,
                "bin_max": 0.7260663961267033,
                "count": 2523
            },
            {
                "bin_id": 9,
                "bin_min": 0.7260663961267033,
                "bin_max": 1.34151856564711,
                "count": 9570
            }
        ],
        "raw_min_error": -9.40684145535022,
        "min_error": -4.813003129556964,
        "p25_error": -0.7573923205637922,
        "median_error": 0.6584442314029424,
        "average_error": 0.03254393880982351,
        "std_error": 1.3490346586984068,
        "p75_error": 0.9903187035768397,
        "p90_error": 1.1451184345425223,
        "max_error": 1.34151856564711,
        "raw_max_error": 3.246775793891178
    },
    "scatterPlotData": {
        "x": [
            6.0,
            10.0,
            9.0,
            8.0,
            8.0,
            2.0,
            10.0,
            10.0,
            10.0,
            8.0,
            9.0,
            7.0,
            10.0,
            10.0,
            6.0,
            10.0,
            10.0,
            7.0,
            10.0,
            10.0,
            9.0,
            10.0,
            9.0,
            10.0,
            10.0,
            5.0,
            10.0,
            8.0,
            8.0,
            10.0,
            10.0,
            8.0,
            8.0,
            0.0,
            10.0,
            8.0,
            6.0,
            9.0,
            2.0,
            9.0,
            7.0,
            10.0,
            10.0,
            8.0,
            9.0,
            10.0,
            10.0,
            10.0,
            9.0,
            10.0,
            10.0,
            10.0,
            10.0,
            10.0,
            9.0,
            10.0,
            10.0,
            9.0,
            10.0,
            7.0,
            8.0,
            8.0,
            10.0,
            8.0,
            2.0,
            10.0,
            8.0,
            9.0,
            10.0,
            10.0,
            10.0,
            10.0,
            10.0,
            4.0,
            10.0,
            10.0,
            8.0,
            10.0,
            4.0,
            9.0,
            5.0,
            10.0,
            10.0,
            8.0,
            2.0,
            10.0,
            10.0,
            9.0,
            10.0,
            10.0,
            10.0,
            5.0,
            8.0,
            8.0,
            8.0,
            10.0,
            8.0,
            10.0,
            10.0,
            3.0,
            10.0,
            9.0,
            10.0,
            9.0,
            10.0,
            8.0,
            7.0,
            10.0,
            10.0,
            10.0,
            8.0,
            7.0,
            10.0,
            10.0,
            10.0,
            10.0,
            9.0,
            8.0,
            10.0,
            9.0,
            10.0,
            10.0,
            7.0,
            9.0,
            10.0,
            9.0,
            6.0,
            7.0,
            10.0,
            8.0,
            8.0,
            9.0,
            9.0,
            10.0,
            10.0,
            10.0,
            10.0,
            10.0,
            10.0,
            10.0,
            10.0,
            6.0,
            6.0,
            10.0,
            10.0,
            10.0,
            10.0,
            10.0,
            10.0,
            10.0,
            10.0,
            8.0,
            8.0,
            9.0,
            10.0,
            10.0,
            10.0,
            10.0,
            10.0,
            8.0,
            10.0,
            9.0,
            10.0,
            8.0,
            9.0,
            10.0,
            10.0,
            10.0,
            8.0,
            9.0,
            10.0,
            10.0,
            10.0,
            10.0,
            9.0,
            8.0,
            8.0,
            9.0,
            10.0,
            9.0,
            10.0,
            10.0,
            5.0,
            9.0,
            9.0,
            10.0,
            7.0,
            10.0,
            10.0,
            10.0,
            8.0,
            9.0,
            10.0,
            10.0,
            10.0,
            10.0,
            10.0,
            8.0,
            10.0,
            2.0,
            10.0,
            7.0,
            10.0,
            9.0,
            10.0,
            10.0,
            10.0,
            2.0,
            1.0,
            10.0,
            10.0,
            10.0,
            9.0,
            10.0,
            8.0,
            9.0,
            9.0,
            10.0,
            9.0,
            9.0,
            10.0,
            8.0,
            10.0,
            5.0,
            10.0,
            7.0,
            10.0,
            8.0,
            10.0,
            8.0,
            10.0,
            10.0,
            10.0,
            9.0,
            8.0,
            10.0,
            8.0,
            8.0,
            10.0,
            10.0,
            10.0,
            9.0,
            9.0,
            10.0,
            9.0,
            10.0,
            10.0,
            10.0,
            10.0,
            7.0,
            9.0,
            10.0,
            10.0,
            8.0,
            10.0,
            9.0,
            10.0,
            10.0,
            10.0,
            5.0,
            10.0,
            9.0,
            10.0,
            10.0,
            10.0,
            9.0,
            10.0,
            6.0,
            10.0,
            10.0,
            8.0,
            9.0,
            10.0,
            9.0,
            10.0,
            10.0,
            9.0,
            9.0,
            7.0,
            10.0,
            10.0,
            10.0,
            8.0,
            7.0,
            10.0,
            10.0,
            10.0,
            10.0,
            7.0,
            10.0,
            10.0,
            9.0,
            10.0,
            10.0,
            9.0,
            9.0,
            8.0,
            10.0,
            10.0,
            10.0,
            7.0,
            9.0,
            10.0,
            10.0,
            10.0,
            9.0,
            10.0,
            10.0,
            8.0,
            10.0,
            9.0,
            10.0,
            10.0,
            9.0,
            10.0,
            5.0,
            9.0,
            10.0,
            9.0,
            10.0,
            6.0,
            10.0,
            10.0,
            10.0,
            8.0,
            10.0,
            10.0,
            9.0,
            9.0,
            9.0,
            10.0,
            9.0,
            9.0,
            8.0,
            7.0,
            10.0,
            2.0,
            5.0,
            10.0,
            7.0,
            10.0,
            9.0,
            10.0,
            8.0,
            9.0,
            9.0,
            10.0,
            10.0,
            8.0,
            8.0,
            10.0,
            10.0,
            10.0,
            8.0,
            10.0,
            10.0,
            8.0,
            9.0,
            10.0,
            10.0,
            10.0,
            7.0,
            7.0,
            10.0,
            7.0,
            7.0,
            10.0,
            9.0,
            10.0,
            10.0,
            8.0,
            10.0,
            10.0,
            10.0,
            10.0,
            10.0,
            10.0,
            10.0,
            10.0,
            10.0,
            10.0,
            10.0,
            9.0,
            9.0,
            9.0,
            10.0,
            10.0,
            10.0,
            7.0,
            9.0,
            9.0,
            9.0,
            10.0,
            9.0,
            8.0,
            9.0,
            9.0,
            10.0,
            9.0,
            6.0,
            9.0,
            10.0,
            2.0,
            10.0,
            8.0,
            7.0,
            10.0,
            10.0,
            8.0,
            9.0,
            9.0,
            10.0,
            7.0,
            10.0,
            5.0,
            8.0,
            10.0,
            9.0,
            9.0,
            10.0,
            8.0,
            10.0,
            10.0,
            9.0,
            10.0,
            2.0,
            10.0,
            10.0,
            8.0,
            9.0,
            8.0,
            8.0,
            8.0,
            9.0,
            9.0,
            10.0,
            10.0,
            9.0,
            10.0,
            10.0,
            10.0,
            9.0,
            10.0,
            10.0,
            8.0,
            10.0,
            10.0,
            7.0,
            9.0,
            9.0,
            10.0,
            10.0,
            10.0,
            10.0,
            9.0,
            10.0,
            10.0,
            8.0,
            9.0,
            10.0,
            10.0,
            10.0,
            10.0,
            7.0,
            8.0,
            10.0,
            8.0,
            9.0,
            9.0,
            10.0,
            10.0,
            7.0,
            8.0,
            8.0,
            10.0,
            10.0,
            9.0,
            10.0,
            10.0,
            10.0,
            7.0,
            10.0,
            10.0,
            9.0,
            8.0,
            10.0,
            10.0,
            8.0,
            9.0,
            10.0,
            10.0,
            10.0,
            8.0,
            7.0,
            10.0,
            5.0,
            10.0,
            9.0,
            5.0,
            10.0,
            10.0,
            10.0,
            8.0,
            6.0,
            10.0,
            8.0,
            7.0,
            10.0,
            9.0,
            9.0,
            8.0,
            9.0,
            10.0,
            10.0,
            10.0,
            9.0,
            10.0,
            4.0,
            8.0,
            8.0,
            10.0,
            9.0,
            5.0,
            6.0,
            7.0,
            10.0,
            9.0,
            10.0,
            9.0,
            10.0,
            10.0,
            10.0,
            10.0,
            10.0,
            10.0,
            10.0,
            10.0,
            2.0,
            10.0,
            10.0,
            10.0,
            9.0,
            8.0,
            10.0,
            9.0,
            8.0,
            6.0,
            10.0,
            10.0,
            2.0,
            8.0,
            8.0,
            8.0,
            6.0,
            10.0,
            7.0,
            8.0,
            7.0,
            8.0,
            10.0,
            7.0,
            10.0,
            9.0,
            9.0,
            6.0,
            8.0,
            10.0,
            10.0,
            10.0,
            8.0,
            10.0,
            8.0,
            10.0,
            9.0,
            10.0,
            9.0,
            9.0,
            7.0,
            10.0,
            10.0,
            7.0,
            4.0,
            10.0,
            7.0,
            8.0,
            10.0,
            10.0,
            10.0,
            10.0,
            10.0,
            10.0,
            9.0,
            10.0,
            9.0,
            8.0,
            9.0,
            10.0,
            10.0,
            10.0,
            10.0,
            9.0,
            4.0,
            10.0,
            8.0,
            10.0,
            10.0,
            10.0,
            9.0,
            9.0,
            10.0,
            9.0,
            9.0,
            9.0,
            4.0,
            10.0,
            10.0,
            10.0,
            8.0,
            10.0,
            9.0,
            10.0,
            9.0,
            6.0,
            10.0,
            10.0,
            7.0,
            10.0,
            8.0,
            8.0,
            10.0,
            6.0,
            10.0,
            10.0,
            10.0,
            10.0,
            8.0,
            9.0,
            10.0,
            10.0,
            8.0,
            10.0,
            9.0,
            10.0,
            10.0,
            10.0,
            10.0,
            10.0,
            10.0,
            8.0,
            10.0,
            6.0,
            10.0,
            9.0,
            9.0,
            10.0,
            9.0,
            8.0,
            9.0,
            10.0,
            6.0,
            10.0,
            10.0,
            9.0,
            10.0,
            10.0,
            10.0,
            9.0,
            10.0,
            10.0,
            10.0,
            10.0,
            9.0,
            10.0,
            10.0,
            10.0,
            8.0,
            10.0,
            7.0,
            10.0,
            10.0,
            10.0,
            10.0,
            9.0,
            10.0,
            8.0,
            10.0,
            7.0,
            8.0,
            10.0,
            10.0,
            7.0,
            10.0,
            10.0,
            10.0,
            3.0,
            9.0,
            9.0,
            10.0,
            10.0,
            10.0,
            10.0,
            8.0,
            8.0,
            10.0,
            9.0,
            8.0,
            9.0,
            10.0,
            8.0,
            10.0,
            10.0,
            10.0,
            6.0,
            10.0,
            10.0,
            10.0,
            3.0,
            10.0,
            0.0,
            10.0,
            10.0,
            9.0,
            9.0,
            7.0,
            4.0,
            8.0,
            6.0,
            9.0,
            10.0,
            9.0,
            9.0,
            10.0,
            10.0,
            9.0,
            9.0,
            10.0,
            10.0,
            8.0,
            8.0,
            9.0,
            9.0,
            8.0,
            7.0,
            10.0,
            9.0,
            9.0,
            10.0,
            10.0,
            8.0,
            10.0,
            8.0,
            10.0,
            8.0,
            10.0,
            10.0,
            10.0,
            10.0,
            10.0,
            9.0,
            9.0,
            10.0,
            10.0,
            9.0,
            10.0,
            9.0,
            9.0,
            10.0,
            10.0,
            7.0,
            9.0,
            9.0,
            10.0,
            10.0,
            10.0,
            10.0,
            10.0,
            8.0,
            10.0,
            9.0,
            7.0,
            10.0,
            10.0,
            8.0,
            10.0,
            7.0,
            8.0,
            10.0,
            10.0,
            10.0,
            9.0,
            10.0,
            10.0,
            10.0,
            10.0,
            9.0,
            9.0,
            7.0,
            10.0,
            9.0,
            10.0,
            10.0,
            10.0,
            10.0,
            10.0,
            8.0,
            7.0,
            9.0,
            10.0,
            10.0,
            10.0,
            8.0,
            10.0,
            10.0,
            9.0,
            10.0,
            10.0,
            9.0,
            9.0,
            9.0,
            10.0,
            10.0,
            8.0,
            10.0,
            10.0,
            9.0,
            10.0,
            8.0,
            9.0,
            10.0,
            9.0,
            10.0,
            10.0,
            8.0,
            10.0,
            7.0,
            10.0,
            10.0,
            8.0,
            7.0,
            10.0,
            10.0,
            10.0,
            10.0,
            9.0,
            9.0,
            10.0,
            10.0,
            10.0,
            10.0,
            10.0,
            10.0,
            8.0,
            9.0,
            10.0,
            10.0,
            8.0,
            8.0,
            10.0,
            10.0,
            9.0,
            8.0,
            10.0,
            10.0,
            7.0,
            10.0,
            7.0,
            9.0,
            10.0,
            9.0,
            10.0,
            10.0,
            10.0,
            10.0,
            10.0,
            10.0,
            10.0,
            10.0,
            10.0,
            10.0,
            8.0,
            8.0,
            7.0,
            10.0,
            10.0,
            6.0,
            3.0,
            10.0,
            10.0,
            8.0,
            9.0,
            8.0,
            9.0,
            8.0,
            8.0,
            9.0,
            6.0,
            8.0,
            9.0,
            10.0,
            7.0,
            9.0,
            8.0,
            10.0,
            10.0,
            10.0,
            7.0,
            7.0,
            10.0,
            8.0,
            7.0,
            10.0,
            8.0,
            10.0,
            10.0,
            7.0,
            10.0,
            10.0,
            9.0,
            10.0,
            10.0,
            10.0,
            10.0,
            8.0,
            7.0,
            10.0,
            10.0,
            9.0,
            10.0,
            9.0,
            9.0,
            8.0,
            9.0,
            8.0,
            10.0,
            10.0,
            8.0,
            10.0,
            9.0,
            10.0,
            10.0,
            6.0,
            10.0,
            10.0,
            8.0,
            8.0,
            9.0,
            10.0,
            10.0,
            10.0,
            10.0,
            8.0,
            9.0,
            9.0,
            8.0,
            10.0,
            9.0,
            8.0,
            10.0,
            10.0,
            10.0,
            9.0,
            5.0,
            10.0,
            10.0,
            10.0,
            10.0,
            10.0,
            9.0,
            10.0,
            10.0,
            10.0,
            8.0,
            6.0,
            9.0,
            10.0,
            7.0,
            10.0,
            8.0,
            10.0,
            10.0,
            10.0,
            10.0,
            10.0,
            10.0,
            7.0,
            9.0,
            10.0,
            10.0,
            10.0,
            9.0,
            10.0,
            10.0,
            7.0,
            6.0,
            10.0,
            10.0,
            10.0,
            10.0,
            8.0,
            10.0
        ],
        "y": [
            8.9759,
            9.1499,
            8.8923,
            8.8227,
            9.0095,
            9.1856,
            8.9479,
            9.0177,
            8.879,
            8.844,
            8.8262,
            9.1173,
            9.3071,
            8.7522,
            8.9799,
            8.7972,
            9.2706,
            9.111,
            8.9656,
            8.9545,
            9.3388,
            9.0636,
            9.0589,
            9.3243,
            9.244,
            8.686,
            9.1835,
            9.3913,
            9.2681,
            9.2788,
            8.7004,
            8.8024,
            8.5802,
            9.1797,
            8.8736,
            9.1989,
            8.6767,
            8.8328,
            9.1101,
            9.0773,
            9.082,
            8.8607,
            9.2198,
            8.943,
            9.0865,
            9.0927,
            9.3243,
            9.1016,
            8.9673,
            8.511,
            8.9744,
            8.8068,
            9.1543,
            9.0843,
            8.9907,
            8.6242,
            9.317,
            9.11,
            9.0593,
            8.817,
            9.2311,
            9.0503,
            9.1338,
            9.1039,
            9.0904,
            8.8605,
            8.6119,
            9.229,
            9.3622,
            8.9913,
            9.1285,
            9.4565,
            9.0141,
            8.8155,
            9.0136,
            9.0866,
            9.2925,
            9.199,
            9.07,
            9.0426,
            8.8338,
            9.0898,
            9.1773,
            8.8952,
            8.6303,
            8.8812,
            9.1122,
            8.6251,
            9.252,
            9.0,
            8.8849,
            9.2105,
            8.5103,
            9.0717,
            8.8951,
            9.1614,
            9.264,
            9.2901,
            8.7901,
            8.997,
            9.2341,
            8.9286,
            9.0397,
            7.7076,
            8.8859,
            8.962,
            9.3328,
            8.9532,
            9.0538,
            9.0476,
            8.8653,
            8.9255,
            9.0553,
            8.7848,
            9.4288,
            8.8073,
            8.9753,
            8.9349,
            9.3559,
            8.4471,
            9.1666,
            8.8477,
            9.0773,
            8.972,
            8.8482,
            8.9285,
            9.1515,
            9.1221,
            9.2957,
            9.0549,
            9.0965,
            9.1492,
            8.9898,
            9.1228,
            8.8875,
            8.9796,
            8.9559,
            9.0023,
            8.9845,
            9.352,
            9.0971,
            8.9049,
            8.908,
            8.754,
            9.1743,
            9.0325,
            8.9421,
            9.0288,
            8.6018,
            9.0646,
            8.8435,
            9.0689,
            9.1998,
            8.8359,
            9.2319,
            9.0555,
            8.7867,
            9.2801,
            8.9098,
            8.9793,
            9.0847,
            9.1429,
            9.5025,
            8.8541,
            9.0873,
            8.9672,
            8.9121,
            9.1256,
            9.034,
            8.9454,
            8.8712,
            8.6357,
            9.1652,
            9.4873,
            9.1051,
            8.9133,
            8.842,
            9.4812,
            8.9383,
            8.8414,
            9.0404,
            9.1415,
            8.8229,
            9.2202,
            9.2106,
            9.1548,
            8.8876,
            9.1626,
            9.2319,
            9.0383,
            8.8143,
            8.9159,
            9.2892,
            9.081,
            9.07,
            8.7982,
            8.3553,
            8.7202,
            9.0727,
            9.0242,
            9.0046,
            9.0194,
            9.0952,
            9.1036,
            9.0509,
            8.9749,
            8.8145,
            9.1775,
            8.8579,
            9.2352,
            8.9038,
            9.3216,
            8.9491,
            8.3163,
            9.1952,
            8.7004,
            8.9588,
            8.9141,
            9.0635,
            9.157,
            9.0721,
            8.702,
            8.8715,
            9.1925,
            8.9761,
            8.6457,
            8.8396,
            8.8711,
            9.0537,
            9.0549,
            8.91,
            8.9227,
            8.805,
            8.9631,
            8.8648,
            8.9998,
            8.9277,
            9.0123,
            9.4552,
            9.0316,
            8.9802,
            8.7981,
            9.3304,
            9.3679,
            8.9509,
            8.8778,
            9.3244,
            9.362,
            8.9971,
            8.755,
            9.1412,
            8.7984,
            9.0306,
            8.9941,
            9.6516,
            9.2249,
            9.3812,
            8.7103,
            8.8461,
            9.1005,
            8.8849,
            8.6267,
            9.1545,
            8.6706,
            9.2335,
            9.0518,
            9.3271,
            9.2289,
            8.8231,
            8.9906,
            8.9208,
            9.3974,
            9.2533,
            8.6232,
            9.4043,
            9.161,
            9.3523,
            9.1967,
            8.959,
            9.3781,
            9.0016,
            8.8151,
            8.8087,
            8.8648,
            8.8439,
            8.9438,
            8.5453,
            8.8284,
            8.9462,
            9.0963,
            9.2226,
            8.9327,
            9.3149,
            9.1802,
            8.6403,
            9.2441,
            9.0789,
            8.9996,
            9.0229,
            9.0203,
            8.9119,
            8.8962,
            8.9359,
            8.8752,
            8.8571,
            9.0615,
            8.8221,
            9.2157,
            9.2293,
            8.7738,
            9.1369,
            9.4284,
            9.3499,
            9.0334,
            9.1912,
            8.2376,
            8.809,
            8.7205,
            9.0438,
            9.2337,
            8.7251,
            9.2093,
            9.0875,
            8.7804,
            8.5488,
            8.8512,
            9.2659,
            8.783,
            9.197,
            8.8491,
            9.1227,
            9.0595,
            8.8746,
            8.9537,
            9.1312,
            9.1422,
            9.3797,
            9.2613,
            8.8378,
            8.6418,
            8.9436,
            8.8043,
            8.9682,
            9.1076,
            8.9067,
            8.8701,
            9.1975,
            8.9656,
            9.0182,
            8.9662,
            9.0938,
            8.8637,
            8.6938,
            8.8016,
            9.1834,
            8.8759,
            8.9311,
            8.749,
            9.3416,
            9.0461,
            9.159,
            8.7005,
            9.2223,
            9.0464,
            8.5717,
            8.9205,
            8.955,
            9.1632,
            9.435,
            9.0995,
            8.7756,
            8.9149,
            8.8446,
            8.6054,
            8.8408,
            8.7074,
            9.175,
            8.6943,
            9.0205,
            8.7299,
            9.0259,
            9.037,
            8.9912,
            9.1216,
            8.916,
            8.9009,
            9.353,
            9.2819,
            8.9288,
            8.8129,
            8.8769,
            9.0553,
            8.9636,
            9.2824,
            8.7841,
            9.1549,
            9.1251,
            9.1622,
            8.6459,
            8.9168,
            8.9354,
            9.0379,
            8.8398,
            9.39,
            8.7923,
            9.0456,
            9.1597,
            8.2129,
            8.6655,
            8.9402,
            8.8867,
            8.8147,
            8.7121,
            8.7487,
            8.9748,
            8.9594,
            9.211,
            8.821,
            8.7202,
            9.2519,
            7.819,
            8.9903,
            8.8129,
            8.7972,
            9.0647,
            9.1872,
            9.0519,
            9.1385,
            8.8248,
            9.1004,
            9.1731,
            8.8487,
            8.8096,
            8.4,
            8.9955,
            8.8795,
            9.1972,
            8.8511,
            9.1443,
            8.7952,
            9.0775,
            8.7641,
            9.0676,
            8.7903,
            8.7395,
            9.081,
            9.1976,
            8.8093,
            8.7471,
            8.994,
            9.0128,
            8.7986,
            9.2344,
            9.0872,
            9.1843,
            9.3168,
            9.1237,
            9.2011,
            8.6246,
            8.7657,
            9.5561,
            8.9773,
            8.7455,
            8.9563,
            8.3456,
            8.6481,
            9.2292,
            8.927,
            9.3724,
            9.2305,
            8.6512,
            8.8716,
            9.0579,
            9.0504,
            9.0664,
            9.085,
            8.8675,
            9.0535,
            9.0646,
            8.8485,
            8.5461,
            8.6548,
            9.1187,
            9.1545,
            9.0873,
            9.1784,
            8.9277,
            8.8098,
            8.9272,
            9.0532,
            8.8545,
            9.0251,
            8.9672,
            9.0678,
            9.0533,
            8.9518,
            8.9213,
            9.0046,
            8.5743,
            9.183,
            9.1038,
            8.9197,
            8.8181,
            8.964,
            8.8621,
            8.8763,
            9.0228,
            8.9128,
            8.7637,
            8.9808,
            9.3015,
            9.1503,
            8.9165,
            8.8832,
            9.4005,
            8.9566,
            8.9559,
            8.859,
            9.4253,
            9.0909,
            8.994,
            9.0375,
            8.5341,
            8.5191,
            8.7648,
            8.5897,
            8.7609,
            8.8175,
            8.7609,
            9.0034,
            9.0263,
            9.0812,
            8.8738,
            9.2154,
            9.3659,
            9.095,
            8.9906,
            8.7803,
            9.1692,
            9.184,
            9.1861,
            8.8937,
            9.2623,
            9.2016,
            9.0447,
            8.442,
            9.1805,
            8.817,
            8.846,
            8.6156,
            9.2866,
            8.3476,
            8.7693,
            8.718,
            9.3106,
            8.7789,
            8.7931,
            8.7328,
            8.8087,
            9.2048,
            9.3412,
            8.9479,
            9.0666,
            8.8543,
            9.2412,
            9.01,
            8.7877,
            8.9542,
            9.4036,
            9.1498,
            9.0644,
            8.9996,
            8.9439,
            9.2154,
            9.0786,
            9.0231,
            9.0884,
            9.29,
            8.9473,
            9.0155,
            8.9129,
            8.8689,
            8.7856,
            9.3536,
            8.9248,
            9.0545,
            9.112,
            9.223,
            8.9028,
            9.1327,
            8.9615,
            8.9743,
            8.3778,
            9.1768,
            8.7098,
            8.9257,
            9.1472,
            9.3096,
            9.177,
            9.1912,
            9.1993,
            8.9507,
            9.0754,
            9.0117,
            9.0844,
            9.4415,
            9.1777,
            8.9675,
            8.9979,
            9.0613,
            8.8767,
            9.0685,
            8.7787,
            9.0769,
            8.7633,
            9.3845,
            8.9921,
            9.1495,
            8.9379,
            8.8727,
            9.0401,
            8.7757,
            9.3475,
            8.8847,
            8.8104,
            9.1123,
            9.0098,
            9.3097,
            8.6437,
            9.0399,
            8.8728,
            8.9763,
            9.2339,
            8.8606,
            8.8021,
            9.0363,
            8.982,
            8.779,
            9.2615,
            8.7842,
            8.9398,
            8.8861,
            9.0003,
            8.9902,
            9.34,
            9.0201,
            9.062,
            9.204,
            9.1085,
            9.4596,
            8.8978,
            8.907,
            9.1486,
            8.9065,
            9.1008,
            9.059,
            8.5682,
            8.9919,
            9.0717,
            8.9812,
            9.1933,
            9.3583,
            8.984,
            8.677,
            9.0778,
            8.8886,
            9.2499,
            8.9539,
            8.9496,
            8.799,
            8.7414,
            8.9168,
            9.2594,
            8.9479,
            8.9818,
            8.9207,
            9.0658,
            8.7345,
            8.8141,
            9.035,
            9.1833,
            9.074,
            8.9114,
            9.041,
            9.1318,
            8.9715,
            9.2307,
            9.0812,
            8.7909,
            8.8548,
            9.3263,
            9.2668,
            9.06,
            8.8589,
            8.9585,
            8.9496,
            9.1722,
            9.218,
            9.1165,
            9.0466,
            9.0159,
            8.9941,
            9.0339,
            9.3621,
            8.9293,
            9.1044,
            8.9192,
            9.0828,
            8.791,
            9.0555,
            9.1367,
            8.805,
            9.1164,
            8.9394,
            8.9002,
            8.6708,
            8.7367,
            8.9386,
            8.943,
            9.2445,
            8.4485,
            8.7582,
            8.9178,
            9.3513,
            8.9515,
            9.3277,
            9.1315,
            9.1353,
            9.0502,
            9.0114,
            9.1748,
            9.0441,
            9.2845,
            8.9833,
            8.9149,
            9.1322,
            9.0543,
            9.0211,
            9.0899,
            8.8513,
            8.7855,
            8.6596,
            8.6551,
            8.9157,
            9.0523,
            8.9277,
            8.9733,
            9.026,
            9.0492,
            9.0855,
            9.012,
            9.2473,
            8.9716,
            9.2032,
            9.0393,
            9.1546,
            8.8692,
            8.8167,
            9.279,
            9.1353,
            9.0955,
            9.0335,
            9.142,
            8.4135,
            8.7314,
            9.0107,
            8.9356,
            8.7494,
            8.7111,
            8.9011,
            8.9847,
            9.0932,
            9.0527,
            8.994,
            8.8711,
            9.3008,
            9.4136,
            8.8833,
            8.9833,
            9.2375,
            8.9536,
            9.1074,
            8.9024,
            8.9208,
            8.8459,
            9.3166,
            8.7566,
            8.6147,
            8.9369,
            9.0823,
            8.9947,
            8.8587,
            9.4442,
            9.1906,
            8.984,
            8.9466,
            8.8295,
            8.8291,
            9.0916,
            9.4256,
            9.134,
            9.0026,
            9.0135,
            9.37,
            8.7048,
            9.4194,
            8.9367,
            9.2877,
            9.3358,
            8.8091,
            8.8308,
            8.5572,
            8.9911,
            8.5544,
            9.0606,
            8.6691,
            8.8058,
            8.8194,
            8.9623,
            9.2329,
            9.1017,
            8.8764,
            9.2358,
            8.8134,
            9.106,
            9.1822,
            9.2813,
            8.9588,
            9.2722,
            8.9376,
            9.262,
            8.8565,
            8.9861,
            8.695,
            8.4419,
            8.8998,
            8.7304,
            8.4702,
            8.8603,
            9.3225,
            9.0054,
            8.8981,
            9.1317,
            8.7979,
            8.9161,
            8.8843,
            9.0686,
            8.8992,
            9.2934,
            8.8612,
            9.3693,
            9.1721,
            8.9526,
            9.089,
            8.5318,
            8.9321,
            8.8325,
            9.1535,
            8.9725,
            8.8222,
            8.7963,
            9.252,
            8.8381,
            8.9097,
            8.8884,
            9.1376,
            9.1022,
            8.9931,
            8.9864,
            8.9541,
            9.1608,
            8.6655,
            8.8286,
            8.9591,
            8.9072,
            9.2532,
            9.475,
            8.8915,
            9.0563,
            8.7563,
            8.9222,
            8.8026,
            8.9582,
            8.5898,
            9.2827,
            8.6385,
            8.9923,
            9.5204,
            8.9692,
            9.1871,
            8.9213,
            9.0474,
            8.8802,
            8.6932,
            8.9022,
            9.0789,
            9.0116,
            8.7106,
            8.9421,
            8.7672,
            9.3977,
            8.8942,
            8.9853,
            8.8525,
            9.3815,
            8.9959,
            8.7276,
            8.4374,
            9.009,
            9.1975,
            9.0054,
            8.6882,
            8.8965,
            9.3002,
            9.2637,
            9.0512,
            8.9267,
            9.0468,
            8.9823,
            9.0017,
            8.9142,
            9.0555,
            8.7056,
            8.771,
            9.2692,
            8.7486,
            8.89,
            8.8364,
            9.0903,
            8.9154,
            8.8918,
            8.8169,
            8.8035,
            8.6282,
            9.0923,
            9.3009,
            9.2041,
            8.9436,
            9.009,
            8.9189,
            8.9668,
            9.1742,
            9.2089,
            9.1434,
            9.0819,
            8.6524,
            9.138,
            9.0768,
            9.2358,
            9.1384,
            8.9364,
            8.8927,
            8.7322,
            9.04,
            9.4335,
            8.8574,
            9.0954,
            9.2758,
            9.2688,
            9.0123,
            9.1808,
            9.1792,
            9.4938,
            9.2419,
            9.0334,
            8.9814,
            8.8712,
            8.978,
            9.0946,
            9.095,
            8.678,
            8.8019,
            8.8018,
            9.0541,
            9.2382,
            8.9022,
            9.0902,
            8.9737,
            9.1899,
            8.7185,
            9.1194,
            8.9173,
            8.8736,
            8.9283,
            8.7814,
            9.0943,
            8.9045,
            9.0235,
            8.7988,
            9.2696,
            9.2685,
            8.8321,
            8.992,
            9.2098,
            9.096,
            9.1732,
            8.9888,
            8.9441,
            8.83,
            8.8926
        ]
    },
    "globalMetrics": {
        "testWeight": 20434,
        "targetAvg": [
            8.993197611823431
        ],
        "targetStd": [
            1.5380467316190143
        ],
        "predictionAvg": [
            8.996603897067375
        ],
        "predictionStd": [
            0.2175114905438851
        ]
    },
    "predictionPDF": {
        "x": [
            6.273721729499944,
            6.310266522692225,
            6.346811315884506,
            6.383356109076788,
            6.4199009022690685,
            6.456445695461349,
            6.49299048865363,
            6.529535281845912,
            6.566080075038193,
            6.602624868230474,
            6.639169661422755,
            6.675714454615036,
            6.712259247807317,
            6.748804040999598,
            6.785348834191879,
            6.82189362738416,
            6.858438420576442,
            6.894983213768723,
            6.9315280069610035,
            6.968072800153285,
            7.004617593345566,
            7.041162386537847,
            7.077707179730128,
            7.114251972922409,
            7.1507967661146905,
            7.187341559306971,
            7.223886352499252,
            7.260431145691533,
            7.296975938883815,
            7.333520732076096,
            7.370065525268377,
            7.4066103184606575,
            7.443155111652938,
            7.47969990484522,
            7.516244698037501,
            7.552789491229782,
            7.589334284422064,
            7.625879077614345,
            7.6624238708066255,
            7.698968663998906,
            7.735513457191187,
            7.772058250383468,
            7.80860304357575,
            7.845147836768031,
            7.881692629960312,
            7.918237423152593,
            7.954782216344874,
            7.991327009537155,
            8.027871802729436,
            8.064416595921717,
            8.100961389113998,
            8.137506182306279,
            8.174050975498561,
            8.210595768690842,
            8.247140561883123,
            8.283685355075404,
            8.320230148267685,
            8.356774941459966,
            8.393319734652247,
            8.42986452784453,
            8.46640932103681,
            8.502954114229091,
            8.539498907421372,
            8.576043700613653,
            8.612588493805934,
            8.649133286998214,
            8.685678080190495,
            8.722222873382776,
            8.758767666575057,
            8.795312459767338,
            8.83185725295962,
            8.868402046151902,
            8.904946839344182,
            8.941491632536463,
            8.978036425728744,
            9.014581218921025,
            9.051126012113308,
            9.087670805305589,
            9.12421559849787,
            9.16076039169015,
            9.197305184882431,
            9.233849978074712,
            9.270394771266993,
            9.306939564459274,
            9.343484357651555,
            9.380029150843836,
            9.416573944036116,
            9.4531187372284,
            9.48966353042068,
            9.52620832361296,
            9.562753116805242,
            9.599297909997523,
            9.635842703189804,
            9.672387496382086,
            9.708932289574367,
            9.745477082766648,
            9.782021875958929,
            9.81856666915121,
            9.85511146234349,
            9.891656255535771
        ],
        "pdf": [
            0.0006533328916952496,
            0.00030929695917611806,
            3.281701170878892e-05,
            7.803773723177224e-07,
            4.159034843693673e-09,
            4.967783994891764e-12,
            1.3299103582714216e-15,
            4.44405390609468e-16,
            1.988883727087981e-12,
            1.99526096841087e-09,
            4.4861343319495856e-07,
            2.2606175523252525e-05,
            0.000255307851689621,
            0.000646224622620931,
            0.000366593775305954,
            4.6608907764104227e-05,
            1.3281129750008386e-06,
            8.48170901187768e-09,
            1.2271871930929118e-11,
            2.2109352371365205e-10,
            8.299132229827358e-08,
            6.9819904624048256e-06,
            0.0001316461256295099,
            0.0005563156502947252,
            0.0005274491072938392,
            0.0001383647774233373,
            0.0002828954640597306,
            0.0006514428435218273,
            0.0003653148460522164,
            0.00034461183301185745,
            0.0011865327116799761,
            0.0016542799906694625,
            0.0007552379020018187,
            9.178198556895946e-05,
            3.1158092593456967e-06,
            2.8471849307093365e-05,
            0.0004433614650085199,
            0.001888617663445186,
            0.002914154496542339,
            0.002375448160264119,
            0.0015855060199566051,
            0.0015131108108868186,
            0.0028104960689538795,
            0.00422837816310423,
            0.004489183994227096,
            0.0032317411160015064,
            0.0021511013415362757,
            0.0029236461308412135,
            0.005140767859544152,
            0.007763195470925905,
            0.013126128588291803,
            0.022068858703038968,
            0.02470753784507849,
            0.025485834405809815,
            0.024173330616473546,
            0.0246784621894427,
            0.031755393155387716,
            0.043600542367816186,
            0.05191649590227155,
            0.06290230033898195,
            0.07988110392670322,
            0.10334181521933618,
            0.14418456111935216,
            0.19527903730196908,
            0.25922592654066073,
            0.3528288435499727,
            0.4864860287785128,
            0.651640820384729,
            0.8758253143399704,
            1.1648172946273645,
            1.4402555367603505,
            1.6714580011360496,
            1.8595498614861692,
            1.9677144092345287,
            2.038429022366423,
            2.0053964336632113,
            1.8303271948894901,
            1.6502313908746589,
            1.4784949811121146,
            1.3199060326776093,
            1.1891961589057807,
            1.0272654506760908,
            0.8756775933888356,
            0.6993169698218633,
            0.5245564775096087,
            0.3918662651141103,
            0.27675893794742523,
            0.18163448335547333,
            0.1076344282339927,
            0.06062335279582168,
            0.03355855384228563,
            0.02080986447717577,
            0.013415850819284059,
            0.00520203660566923,
            0.0008853872020800018,
            4.880297428968576e-05,
            2.9078470713529346e-06,
            8.108492752576966e-05,
            0.0006819055280631714,
            0.0012980268450075907
        ]
    }
}