{
  "state": "DONE",
  "preSearchDescription": {
    "gridLength": 3,
    "searchStrategy": "GRID",
    "importantParams": [
      {
        "name": "alpha",
        "vals": [
          "0.1",
          "1.0",
          "3.0"
        ]
      }
    ]
  },
  "postSearchDescription": {
    "importantParams": [
      {
        "name": "alpha",
        "val": "0.1"
      }
    ]
  },
  "resumed": false,
  "timeOrderingEnabled": false,
  "sampleWeightsEnabled": false,
  "modelId": "m1",
  "progress": {
    "top_level_todo": [],
    "stack": [],
    "top_level_done": [
      {
        "name": "Loading train set",
        "time": 742
      },
      {
        "name": "Loading test set",
        "time": 269
      },
      {
        "name": "Collecting statistics",
        "time": 269
      },
      {
        "name": "Preprocessing train set",
        "time": 410
      },
      {
        "name": "Preprocessing test set",
        "time": 155
      },
      {
        "name": "Hyperparameter searching",
        "time": 18551
      },
      {
        "name": "Fitting model",
        "time": 600
      },
      {
        "name": "Saving model",
        "time": 2
      },
      {
        "name": "Scoring model",
        "time": 1824
      }
    ]
  },
  "startTime": 1642701686816,
  "endTime": 1642701711202,
  "preprocessingTime": 1849,
  "trainingTime": 22537,
  "hyperparamsSearchTime": 18551
}