{
  "type": "DASH",
  "hasLegacyBackendURL": false,
  "params": {
    "autoStartBackend": false,
    "envSelection": {
      "envMode": "INHERIT"
    },
    "nbProcesses": 1,
    "serveLocally": true,
    "infra": {
      "containerSelection": {
        "containerMode": "INHERIT"
      },
      "overrideGlobalK8sExposition": false,
      "exposition": {
        "type": "local_process",
        "params": {}
      },
      "scaling": {
        "initialReplicas": 1,
        "hpa": false,
        "hpaTargetCPUPercent": 0,
        "hpaMetrics": [],
        "hpaMinPods": 0,
        "hpaMaxPods": 0,
        "hpaAnnotations": []
      },
      "deploymentModifier": {}
    },
    "forceAuthentication": false
  },
  "config": {},
  "name": "test web app",
  "versionTag": {
    "versionNumber": 4,
    "lastModifiedBy": {
      "login": "aline-dubuy_student2021@wilder.school"
    },
    "lastModifiedOn": 1642672712794
  },
  "creationTag": {
    "versionNumber": 0,
    "lastModifiedBy": {
      "login": "aline-dubuy_student2021@wilder.school"
    },
    "lastModifiedOn": 1642667791147
  },
  "tags": [],
  "checklists": {
    "checklists": []
  },
  "customFields": {},
  "isVirtual": false
}