{
    "resolved": {
        "algorithm": "XGBOOST_CLASSIFICATION",
        "skipExpensiveReports": false,
        "xgboost": {
            "max_depth": 3,
            "learning_rate": 0.3772877776804523,
            "n_estimators": 3,
            "nthread": 4,
            "gamma": 0.374834184580071,
            "min_child_weight": 4.316174334019847,
            "max_delta_step": 0.002901030168709906,
            "subsample": 0.5264701571409542,
            "colsample_bytree": 0.5633173898454188,
            "colsample_bylevel": 0.5814387666348837,
            "alpha": 0.7599350049297219,
            "lambda": 0.9607476378699504,
            "seed": 1337,
            "impute_missing": false,
            "missing": null,
            "base_score": 0.5,
            "scale_pos_weight": 1.0,
            "enable_early_stopping": false,
            "early_stopping_rounds": null,
            "booster": "gbtree",
            "objective": "multi_softprob"
        }
    },
    "other": {}
}