[
    {
        "test_score_gib": 0.465954606141522,
        "train_score": 0.48814691151919865,
        "test_score": 0.465954606141522,
        "num_samples": 1498,
        "fit_time": 5557,
        "score_time": 205,
        "time": 5762,
        "parameters": {
            "booster": "gbtree",
            "colsample_bylevel": 0.9011846497143621,
            "colsample_bytree": 0.5475738966036632,
            "gamma": 0.36314018908931256,
            "learning_rate": 0.3964622139440436,
            "max_delta_step": 0.15994863542336868,
            "max_depth": 7,
            "min_child_weight": 4.053012539107565,
            "reg_alpha": 0.7941185757915866,
            "reg_lambda": 0.3676489566932564,
            "subsample": 0.708051969785499
        },
        "done_at": 1642671221929,
        "split_id": 0,
        "best_iteration": 0
    },
    {
        "test_score_gib": 0.47463284379172227,
        "train_score": 0.4996661101836394,
        "test_score": 0.47463284379172227,
        "num_samples": 1498,
        "fit_time": 9048,
        "score_time": 207,
        "time": 9255,
        "parameters": {
            "booster": "gbtree",
            "colsample_bylevel": 0.6310123375077908,
            "colsample_bytree": 0.5793419860772329,
            "gamma": 0.27812651949435974,
            "learning_rate": 0.28372675488582666,
            "max_delta_step": 0.32100054052016713,
            "max_depth": 7,
            "min_child_weight": 3.164508656999045,
            "reg_alpha": 0.3350268377072012,
            "reg_lambda": 0.277777085792172,
            "subsample": 0.6537264142754459
        },
        "done_at": 1642671225422,
        "split_id": 0,
        "best_iteration": 5
    },
    {
        "test_score_gib": 0.5787716955941254,
        "train_score": 0.5709515859766278,
        "test_score": 0.5787716955941254,
        "num_samples": 1498,
        "fit_time": 3401,
        "score_time": 196,
        "time": 3597,
        "parameters": {
            "booster": "gbtree",
            "colsample_bylevel": 0.5814387666348837,
            "colsample_bytree": 0.5633173898454188,
            "gamma": 0.374834184580071,
            "learning_rate": 0.3772877776804523,
            "max_delta_step": 0.002901030168709906,
            "max_depth": 3,
            "min_child_weight": 4.316174334019847,
            "reg_alpha": 0.7599350049297219,
            "reg_lambda": 0.9607476378699504,
            "subsample": 0.5264701571409542
        },
        "done_at": 1642671225610,
        "split_id": 0,
        "best_iteration": 2
    },
    {
        "test_score_gib": 0.4379172229639519,
        "train_score": 0.47545909849749585,
        "test_score": 0.4379172229639519,
        "num_samples": 1498,
        "fit_time": 13932,
        "score_time": 293,
        "time": 14225,
        "parameters": {
            "booster": "gbtree",
            "colsample_bylevel": 0.9642035656883221,
            "colsample_bytree": 0.8097736246334424,
            "gamma": 0.9574226659339607,
            "learning_rate": 0.4524001760048111,
            "max_delta_step": 0.8135778196454572,
            "max_depth": 3,
            "min_child_weight": 2.797119260716762,
            "reg_alpha": 0.01579145221181444,
            "reg_lambda": 0.734373167980948,
            "subsample": 0.9966525199454146
        },
        "done_at": 1642671230407,
        "split_id": 0,
        "best_iteration": 18
    },
    {
        "test_score_gib": 0.46862483311081443,
        "train_score": 0.49432387312186976,
        "test_score": 0.46862483311081443,
        "num_samples": 1498,
        "fit_time": 7475,
        "score_time": 204,
        "time": 7679,
        "parameters": {
            "booster": "gbtree",
            "colsample_bylevel": 0.7630447242082248,
            "colsample_bytree": 0.8390813468876195,
            "gamma": 0.7490577089486112,
            "learning_rate": 0.3155780780620495,
            "max_delta_step": 0.2650684085825009,
            "max_depth": 8,
            "min_child_weight": 4.988251144493991,
            "reg_alpha": 0.25472413644588077,
            "reg_lambda": 0.024234078457051278,
            "subsample": 0.5445225336012469
        },
        "done_at": 1642671233114,
        "split_id": 0,
        "best_iteration": 0
    },
    {
        "test_score_gib": 0.4499332443257677,
        "train_score": 0.4706176961602671,
        "test_score": 0.4499332443257677,
        "num_samples": 1498,
        "fit_time": 4901,
        "score_time": 196,
        "time": 5097,
        "parameters": {
            "booster": "gbtree",
            "colsample_bylevel": 0.7244822594224805,
            "colsample_bytree": 0.6980323079421638,
            "gamma": 0.7919254338973798,
            "learning_rate": 0.2973592979124784,
            "max_delta_step": 0.7239478979864309,
            "max_depth": 5,
            "min_child_weight": 3.6102206526835148,
            "reg_alpha": 0.012200168592136462,
            "reg_lambda": 0.37594474871276784,
            "subsample": 0.7954001124845729
        },
        "done_at": 1642671238230,
        "split_id": 0,
        "best_iteration": 1
    },
    {
        "test_score_gib": 0.5307076101468625,
        "train_score": 0.6687813021702838,
        "test_score": 0.5307076101468625,
        "num_samples": 1498,
        "fit_time": 26461,
        "score_time": 294,
        "time": 26755,
        "parameters": {
            "booster": "gbtree",
            "colsample_bylevel": 0.7921290640551607,
            "colsample_bytree": 0.8800858869029287,
            "gamma": 0.18780840542641564,
            "learning_rate": 0.21526685912481427,
            "max_delta_step": 0.6702188581602341,
            "max_depth": 10,
            "min_child_weight": 2.482257577058368,
            "reg_alpha": 0.14085409353033673,
            "reg_lambda": 0.8219790781080967,
            "subsample": 0.9488269669253356
        },
        "done_at": 1642671242923,
        "split_id": 0,
        "best_iteration": 11
    },
    {
        "test_score_gib": 0.465954606141522,
        "train_score": 0.5405676126878131,
        "test_score": 0.465954606141522,
        "num_samples": 1498,
        "fit_time": 11393,
        "score_time": 297,
        "time": 11690,
        "parameters": {
            "booster": "gbtree",
            "colsample_bylevel": 0.7402054236091984,
            "colsample_bytree": 0.6015277112555358,
            "gamma": 0.6629766293162643,
            "learning_rate": 0.48860919068321174,
            "max_delta_step": 0.4670663068654348,
            "max_depth": 7,
            "min_child_weight": 1.5687984428684922,
            "reg_alpha": 0.946503918832818,
            "reg_lambda": 0.5638358222400057,
            "subsample": 0.8786757644438441
        },
        "done_at": 1642671250013,
        "split_id": 0,
        "best_iteration": 8
    },
    {
        "test_score_gib": 0.43457943925233644,
        "train_score": 0.4682804674457429,
        "test_score": 0.43457943925233644,
        "num_samples": 1498,
        "fit_time": 8710,
        "score_time": 197,
        "time": 8907,
        "parameters": {
            "booster": "gbtree",
            "colsample_bylevel": 0.6180746045010099,
            "colsample_bytree": 0.714879365183334,
            "gamma": 0.39411360018619324,
            "learning_rate": 0.30428375838649,
            "max_delta_step": 0.12540299608822336,
            "max_depth": 5,
            "min_child_weight": 3.026286472563473,
            "reg_alpha": 0.6564722078579881,
            "reg_lambda": 0.7125112060388741,
            "subsample": 0.7617827651434012
        },
        "done_at": 1642671251924,
        "split_id": 0,
        "best_iteration": 7
    },
    {
        "test_score_gib": 0.48598130841121495,
        "train_score": 0.5584307178631052,
        "test_score": 0.48598130841121495,
        "num_samples": 1498,
        "fit_time": 29981,
        "score_time": 219,
        "time": 30200,
        "parameters": {
            "booster": "gbtree",
            "colsample_bylevel": 0.969491300272977,
            "colsample_bytree": 0.9867296996838462,
            "gamma": 0.4914815298314197,
            "learning_rate": 0.23637438866129945,
            "max_delta_step": 0.7228576179347334,
            "max_depth": 6,
            "min_child_weight": 3.595447997896293,
            "reg_alpha": 0.8898850058868735,
            "reg_lambda": 0.5429457387219448,
            "subsample": 0.8833629923554682
        },
        "done_at": 1642671255828,
        "split_id": 0,
        "best_iteration": 19
    },
    {
        "test_score_gib": 0.5460614152202937,
        "train_score": 0.7101836393989983,
        "test_score": 0.5460614152202937,
        "num_samples": 1498,
        "fit_time": 32400,
        "score_time": 221,
        "time": 32621,
        "parameters": {
            "booster": "gbtree",
            "colsample_bylevel": 0.7301151041355818,
            "colsample_bytree": 0.8336644625742637,
            "gamma": 0.5547126822961741,
            "learning_rate": 0.41616139210569236,
            "max_delta_step": 0.8747413210593046,
            "max_depth": 10,
            "min_child_weight": 1.6945265224408728,
            "reg_alpha": 0.5189586503858306,
            "reg_lambda": 0.18569330503288412,
            "subsample": 0.7339229861622221
        },
        "done_at": 1642671263038,
        "split_id": 0,
        "best_iteration": 16
    },
    {
        "test_score_gib": 0.44659546061415223,
        "train_score": 0.4707846410684474,
        "test_score": 0.44659546061415223,
        "num_samples": 1498,
        "fit_time": 8999,
        "score_time": 208,
        "time": 9207,
        "parameters": {
            "booster": "gbtree",
            "colsample_bylevel": 0.5012121917238439,
            "colsample_bytree": 0.6685237127623471,
            "gamma": 0.8462136572690205,
            "learning_rate": 0.23238539378794548,
            "max_delta_step": 0.45452572093455956,
            "max_depth": 5,
            "min_child_weight": 1.3374834822377686,
            "reg_alpha": 0.18692820493871765,
            "reg_lambda": 0.34516808638788443,
            "subsample": 0.7163836330942417
        },
        "done_at": 1642671265115,
        "split_id": 0,
        "best_iteration": 10
    },
    {
        "test_score_gib": 0.4893190921228304,
        "train_score": 0.5459098497495827,
        "test_score": 0.4893190921228304,
        "num_samples": 1498,
        "fit_time": 15079,
        "score_time": 316,
        "time": 15395,
        "parameters": {
            "booster": "gbtree",
            "colsample_bylevel": 0.6649892762810137,
            "colsample_bytree": 0.5396838389615648,
            "gamma": 0.36806007365820026,
            "learning_rate": 0.10514626798877652,
            "max_delta_step": 0.6303148291660114,
            "max_depth": 7,
            "min_child_weight": 2.2557537956277316,
            "reg_alpha": 0.6989567892428236,
            "reg_lambda": 0.3634492834600569,
            "subsample": 0.5159625500066944
        },
        "done_at": 1642671265506,
        "split_id": 0,
        "best_iteration": 13
    },
    {
        "test_score_gib": 0.4379172229639519,
        "train_score": 0.45191986644407345,
        "test_score": 0.4379172229639519,
        "num_samples": 1498,
        "fit_time": 3166,
        "score_time": 195,
        "time": 3361,
        "parameters": {
            "booster": "gbtree",
            "colsample_bylevel": 0.5383851463846974,
            "colsample_bytree": 0.8180043439168037,
            "gamma": 0.05840954527325515,
            "learning_rate": 0.3894719342791949,
            "max_delta_step": 0.6601019898657075,
            "max_depth": 3,
            "min_child_weight": 4.1211514430814695,
            "reg_alpha": 0.8514743323522207,
            "reg_lambda": 0.7363910935703712,
            "subsample": 0.7827340041689443
        },
        "done_at": 1642671266413,
        "split_id": 0,
        "best_iteration": 1
    },
    {
        "test_score_gib": 0.44659546061415223,
        "train_score": 0.47378964941569285,
        "test_score": 0.44659546061415223,
        "num_samples": 1498,
        "fit_time": 5410,
        "score_time": 210,
        "time": 5620,
        "parameters": {
            "booster": "gbtree",
            "colsample_bylevel": 0.54031983601288,
            "colsample_bytree": 0.9777794874994701,
            "gamma": 0.4560315447537664,
            "learning_rate": 0.15893888501382306,
            "max_delta_step": 0.6749610058729155,
            "max_depth": 5,
            "min_child_weight": 2.3321868551964156,
            "reg_alpha": 0.8996282957922693,
            "reg_lambda": 0.668996194149075,
            "subsample": 0.8672340671062561
        },
        "done_at": 1642671271142,
        "split_id": 0,
        "best_iteration": 2
    },
    {
        "test_score_gib": 0.4706275033377837,
        "train_score": 0.47813021702838066,
        "test_score": 0.4706275033377837,
        "num_samples": 1498,
        "fit_time": 6318,
        "score_time": 287,
        "time": 6605,
        "parameters": {
            "booster": "gbtree",
            "colsample_bylevel": 0.5214644138483584,
            "colsample_bytree": 0.8867380786133798,
            "gamma": 0.7350118851727607,
            "learning_rate": 0.37108227031910246,
            "max_delta_step": 0.42544151995374624,
            "max_depth": 4,
            "min_child_weight": 3.3801758564081292,
            "reg_alpha": 0.285974337920881,
            "reg_lambda": 0.44811292275754816,
            "subsample": 0.6729728366091907
        },
        "done_at": 1642671273116,
        "split_id": 0,
        "best_iteration": 5
    },
    {
        "test_score_gib": 0.5226969292389854,
        "train_score": 0.5385642737896494,
        "test_score": 0.5226969292389854,
        "num_samples": 1498,
        "fit_time": 7977,
        "score_time": 128,
        "time": 8105,
        "parameters": {
            "booster": "gbtree",
            "colsample_bylevel": 0.8972485459616114,
            "colsample_bytree": 0.5836093245892857,
            "gamma": 0.3538981143103366,
            "learning_rate": 0.454919535729,
            "max_delta_step": 0.6000977437543811,
            "max_depth": 10,
            "min_child_weight": 3.0353885687357174,
            "reg_alpha": 0.9000878922577004,
            "reg_lambda": 0.5528388622113951,
            "subsample": 0.5125706785545735
        },
        "done_at": 1642671273235,
        "split_id": 0,
        "best_iteration": 0
    },
    {
        "test_score_gib": 0.4392523364485981,
        "train_score": 0.4445742904841402,
        "test_score": 0.4392523364485981,
        "num_samples": 1498,
        "fit_time": 4605,
        "score_time": 194,
        "time": 4799,
        "parameters": {
            "booster": "gbtree",
            "colsample_bylevel": 0.7365412435615102,
            "colsample_bytree": 0.8444082619446545,
            "gamma": 0.49250726924709265,
            "learning_rate": 0.4377278138076952,
            "max_delta_step": 0.6088302064787079,
            "max_depth": 3,
            "min_child_weight": 0.7065948003695979,
            "reg_alpha": 0.5290150439332159,
            "reg_lambda": 0.7852123637741084,
            "subsample": 0.851538932851199
        },
        "done_at": 1642671277923,
        "split_id": 0,
        "best_iteration": 2
    },
    {
        "test_score_gib": 0.4279038718291055,
        "train_score": 0.4464106844741235,
        "test_score": 0.4279038718291055,
        "num_samples": 1498,
        "fit_time": 4602,
        "score_time": 202,
        "time": 4804,
        "parameters": {
            "booster": "gbtree",
            "colsample_bylevel": 0.5983094346900695,
            "colsample_bytree": 0.6358722086941346,
            "gamma": 0.2152504148025276,
            "learning_rate": 0.26333877454135834,
            "max_delta_step": 0.6552760423503994,
            "max_depth": 3,
            "min_child_weight": 3.7179700490981396,
            "reg_alpha": 0.9599112777543806,
            "reg_lambda": 0.16727689946886343,
            "subsample": 0.8141591345795847
        },
        "done_at": 1642671278123,
        "split_id": 0,
        "best_iteration": 6
    },
    {
        "test_score_gib": 0.5427236315086782,
        "train_score": 0.6956594323873122,
        "test_score": 0.5427236315086782,
        "num_samples": 1498,
        "fit_time": 26197,
        "score_time": 281,
        "time": 26478,
        "parameters": {
            "booster": "gbtree",
            "colsample_bylevel": 0.6745707969717898,
            "colsample_bytree": 0.7423794239755052,
            "gamma": 0.04823509856147579,
            "learning_rate": 0.46601016184692434,
            "max_delta_step": 0.7255666216664314,
            "max_depth": 9,
            "min_child_weight": 1.1436928170474236,
            "reg_alpha": 0.9492866548689445,
            "reg_lambda": 0.7283945911915191,
            "subsample": 0.6461802725699087
        },
        "done_at": 1642671278413,
        "split_id": 0,
        "best_iteration": 15
    },
    {
        "test_score_gib": 0.46461949265687585,
        "train_score": 0.4826377295492488,
        "test_score": 0.46461949265687585,
        "num_samples": 1498,
        "fit_time": 7999,
        "score_time": 203,
        "time": 8202,
        "parameters": {
            "booster": "gbtree",
            "colsample_bylevel": 0.9061821242181208,
            "colsample_bytree": 0.960626753823348,
            "gamma": 0.03523426619978687,
            "learning_rate": 0.17580365275903384,
            "max_delta_step": 0.8673364606529621,
            "max_depth": 5,
            "min_child_weight": 4.204277715838652,
            "reg_alpha": 0.4037180002921906,
            "reg_lambda": 0.1873394050335268,
            "subsample": 0.8157281322787706
        },
        "done_at": 1642671286628,
        "split_id": 0,
        "best_iteration": 2
    },
    {
        "test_score_gib": 0.4479305740987984,
        "train_score": 0.4914858096828047,
        "test_score": 0.4479305740987984,
        "num_samples": 1498,
        "fit_time": 11499,
        "score_time": 198,
        "time": 11697,
        "parameters": {
            "booster": "gbtree",
            "colsample_bylevel": 0.9685957917891794,
            "colsample_bytree": 0.8290815027866816,
            "gamma": 0.18749788177521132,
            "learning_rate": 0.3752821496321307,
            "max_delta_step": 0.9903911323794193,
            "max_depth": 3,
            "min_child_weight": 0.9384240574603462,
            "reg_alpha": 0.013075225403182733,
            "reg_lambda": 0.696536466686134,
            "subsample": 0.6834197444822889
        },
        "done_at": 1642671289826,
        "split_id": 0,
        "best_iteration": 14
    },
    {
        "test_score_gib": 0.48664886515353806,
        "train_score": 0.5495826377295493,
        "test_score": 0.48664886515353806,
        "num_samples": 1498,
        "fit_time": 20184,
        "score_time": 114,
        "time": 20298,
        "parameters": {
            "booster": "gbtree",
            "colsample_bylevel": 0.7498685529912683,
            "colsample_bytree": 0.8275360742343617,
            "gamma": 0.9494149173792953,
            "learning_rate": 0.11322969946626738,
            "max_delta_step": 0.5563390158544486,
            "max_depth": 7,
            "min_child_weight": 1.9372481943144237,
            "reg_alpha": 0.27032495086228536,
            "reg_lambda": 0.9092053755725539,
            "subsample": 0.8002618421299503
        },
        "done_at": 1642671291527,
        "split_id": 0,
        "best_iteration": 15
    },
    {
        "test_score_gib": 0.48598130841121495,
        "train_score": 0.5500834724540902,
        "test_score": 0.48598130841121495,
        "num_samples": 1498,
        "fit_time": 17497,
        "score_time": 31,
        "time": 17528,
        "parameters": {
            "booster": "gbtree",
            "colsample_bylevel": 0.8006443110261645,
            "colsample_bytree": 0.9301855692012897,
            "gamma": 0.8380516828636355,
            "learning_rate": 0.3425823385248468,
            "max_delta_step": 0.8580227718989659,
            "max_depth": 5,
            "min_child_weight": 3.7986809290983854,
            "reg_alpha": 0.71724302451032,
            "reg_lambda": 0.722064801111322,
            "subsample": 0.8930366205292037
        },
        "done_at": 1642671295541,
        "split_id": 0,
        "best_iteration": 31
    }
]