{
    "startedAt": 1642671216148,
    "gridSize": 24,
    "nThreads": 4,
    "nSplits": 1,
    "metric": "ACCURACY",
    "timeout": null,
    "gridPoints": [
        {
            "finishedAt": 1642671221929,
            "score": 0.465954606141522,
            "testScoreGibMean": 0.465954606141522,
            "testScoreMean": 0.465954606141522,
            "testScoreStd": 0.0,
            "trainScoreMean": 0.48814691151919865,
            "trainScoreStd": 0.0,
            "time": 5762,
            "fitTimeMean": 5557.0,
            "fitTimeStd": 0.0,
            "scoreTimeMean": 205.0,
            "scoreTimeStd": 0.0,
            "parameters": {
                "booster": "gbtree",
                "colsample_bylevel": 0.9011846497143621,
                "colsample_bytree": 0.5475738966036632,
                "gamma": 0.36314018908931256,
                "learning_rate": 0.3964622139440436,
                "max_delta_step": 0.15994863542336868,
                "max_depth": 7,
                "min_child_weight": 4.053012539107565,
                "reg_alpha": 0.7941185757915866,
                "reg_lambda": 0.3676489566932564,
                "subsample": 0.708051969785499,
                "n_estimators": 1
            }
        },
        {
            "finishedAt": 1642671225422,
            "score": 0.47463284379172227,
            "testScoreGibMean": 0.47463284379172227,
            "testScoreMean": 0.47463284379172227,
            "testScoreStd": 0.0,
            "trainScoreMean": 0.4996661101836394,
            "trainScoreStd": 0.0,
            "time": 9255,
            "fitTimeMean": 9048.0,
            "fitTimeStd": 0.0,
            "scoreTimeMean": 207.0,
            "scoreTimeStd": 0.0,
            "parameters": {
                "booster": "gbtree",
                "colsample_bylevel": 0.6310123375077908,
                "colsample_bytree": 0.5793419860772329,
                "gamma": 0.27812651949435974,
                "learning_rate": 0.28372675488582666,
                "max_delta_step": 0.32100054052016713,
                "max_depth": 7,
                "min_child_weight": 3.164508656999045,
                "reg_alpha": 0.3350268377072012,
                "reg_lambda": 0.277777085792172,
                "subsample": 0.6537264142754459,
                "n_estimators": 6
            }
        },
        {
            "finishedAt": 1642671225610,
            "score": 0.5787716955941254,
            "testScoreGibMean": 0.5787716955941254,
            "testScoreMean": 0.5787716955941254,
            "testScoreStd": 0.0,
            "trainScoreMean": 0.5709515859766278,
            "trainScoreStd": 0.0,
            "time": 3597,
            "fitTimeMean": 3401.0,
            "fitTimeStd": 0.0,
            "scoreTimeMean": 196.0,
            "scoreTimeStd": 0.0,
            "parameters": {
                "booster": "gbtree",
                "colsample_bylevel": 0.5814387666348837,
                "colsample_bytree": 0.5633173898454188,
                "gamma": 0.374834184580071,
                "learning_rate": 0.3772877776804523,
                "max_delta_step": 0.002901030168709906,
                "max_depth": 3,
                "min_child_weight": 4.316174334019847,
                "reg_alpha": 0.7599350049297219,
                "reg_lambda": 0.9607476378699504,
                "subsample": 0.5264701571409542,
                "n_estimators": 3
            }
        },
        {
            "finishedAt": 1642671230407,
            "score": 0.4379172229639519,
            "testScoreGibMean": 0.4379172229639519,
            "testScoreMean": 0.4379172229639519,
            "testScoreStd": 0.0,
            "trainScoreMean": 0.47545909849749585,
            "trainScoreStd": 0.0,
            "time": 14225,
            "fitTimeMean": 13932.0,
            "fitTimeStd": 0.0,
            "scoreTimeMean": 293.0,
            "scoreTimeStd": 0.0,
            "parameters": {
                "booster": "gbtree",
                "colsample_bylevel": 0.9642035656883221,
                "colsample_bytree": 0.8097736246334424,
                "gamma": 0.9574226659339607,
                "learning_rate": 0.4524001760048111,
                "max_delta_step": 0.8135778196454572,
                "max_depth": 3,
                "min_child_weight": 2.797119260716762,
                "reg_alpha": 0.01579145221181444,
                "reg_lambda": 0.734373167980948,
                "subsample": 0.9966525199454146,
                "n_estimators": 19
            }
        },
        {
            "finishedAt": 1642671233114,
            "score": 0.46862483311081443,
            "testScoreGibMean": 0.46862483311081443,
            "testScoreMean": 0.46862483311081443,
            "testScoreStd": 0.0,
            "trainScoreMean": 0.49432387312186976,
            "trainScoreStd": 0.0,
            "time": 7679,
            "fitTimeMean": 7475.0,
            "fitTimeStd": 0.0,
            "scoreTimeMean": 204.0,
            "scoreTimeStd": 0.0,
            "parameters": {
                "booster": "gbtree",
                "colsample_bylevel": 0.7630447242082248,
                "colsample_bytree": 0.8390813468876195,
                "gamma": 0.7490577089486112,
                "learning_rate": 0.3155780780620495,
                "max_delta_step": 0.2650684085825009,
                "max_depth": 8,
                "min_child_weight": 4.988251144493991,
                "reg_alpha": 0.25472413644588077,
                "reg_lambda": 0.024234078457051278,
                "subsample": 0.5445225336012469,
                "n_estimators": 1
            }
        },
        {
            "finishedAt": 1642671238230,
            "score": 0.4499332443257677,
            "testScoreGibMean": 0.4499332443257677,
            "testScoreMean": 0.4499332443257677,
            "testScoreStd": 0.0,
            "trainScoreMean": 0.47061769616026705,
            "trainScoreStd": 5.551115123125783e-17,
            "time": 5097,
            "fitTimeMean": 4901.0,
            "fitTimeStd": 0.0,
            "scoreTimeMean": 196.0,
            "scoreTimeStd": 0.0,
            "parameters": {
                "booster": "gbtree",
                "colsample_bylevel": 0.7244822594224805,
                "colsample_bytree": 0.6980323079421638,
                "gamma": 0.7919254338973798,
                "learning_rate": 0.2973592979124784,
                "max_delta_step": 0.7239478979864309,
                "max_depth": 5,
                "min_child_weight": 3.6102206526835148,
                "reg_alpha": 0.012200168592136462,
                "reg_lambda": 0.37594474871276784,
                "subsample": 0.7954001124845729,
                "n_estimators": 2
            }
        },
        {
            "finishedAt": 1642671242923,
            "score": 0.5307076101468625,
            "testScoreGibMean": 0.5307076101468625,
            "testScoreMean": 0.5307076101468625,
            "testScoreStd": 0.0,
            "trainScoreMean": 0.6687813021702838,
            "trainScoreStd": 0.0,
            "time": 26755,
            "fitTimeMean": 26461.0,
            "fitTimeStd": 0.0,
            "scoreTimeMean": 294.0,
            "scoreTimeStd": 0.0,
            "parameters": {
                "booster": "gbtree",
                "colsample_bylevel": 0.7921290640551607,
                "colsample_bytree": 0.8800858869029287,
                "gamma": 0.18780840542641564,
                "learning_rate": 0.21526685912481427,
                "max_delta_step": 0.6702188581602341,
                "max_depth": 10,
                "min_child_weight": 2.482257577058368,
                "reg_alpha": 0.14085409353033673,
                "reg_lambda": 0.8219790781080967,
                "subsample": 0.9488269669253356,
                "n_estimators": 12
            }
        },
        {
            "finishedAt": 1642671250013,
            "score": 0.465954606141522,
            "testScoreGibMean": 0.465954606141522,
            "testScoreMean": 0.465954606141522,
            "testScoreStd": 0.0,
            "trainScoreMean": 0.5405676126878131,
            "trainScoreStd": 0.0,
            "time": 11690,
            "fitTimeMean": 11393.0,
            "fitTimeStd": 0.0,
            "scoreTimeMean": 297.0,
            "scoreTimeStd": 0.0,
            "parameters": {
                "booster": "gbtree",
                "colsample_bylevel": 0.7402054236091984,
                "colsample_bytree": 0.6015277112555358,
                "gamma": 0.6629766293162643,
                "learning_rate": 0.48860919068321174,
                "max_delta_step": 0.4670663068654348,
                "max_depth": 7,
                "min_child_weight": 1.5687984428684922,
                "reg_alpha": 0.946503918832818,
                "reg_lambda": 0.5638358222400057,
                "subsample": 0.8786757644438441,
                "n_estimators": 9
            }
        },
        {
            "finishedAt": 1642671251924,
            "score": 0.43457943925233644,
            "testScoreGibMean": 0.43457943925233644,
            "testScoreMean": 0.43457943925233644,
            "testScoreStd": 0.0,
            "trainScoreMean": 0.4682804674457429,
            "trainScoreStd": 0.0,
            "time": 8907,
            "fitTimeMean": 8710.0,
            "fitTimeStd": 0.0,
            "scoreTimeMean": 197.0,
            "scoreTimeStd": 0.0,
            "parameters": {
                "booster": "gbtree",
                "colsample_bylevel": 0.6180746045010099,
                "colsample_bytree": 0.714879365183334,
                "gamma": 0.39411360018619324,
                "learning_rate": 0.30428375838649,
                "max_delta_step": 0.12540299608822336,
                "max_depth": 5,
                "min_child_weight": 3.026286472563473,
                "reg_alpha": 0.6564722078579881,
                "reg_lambda": 0.7125112060388741,
                "subsample": 0.7617827651434012,
                "n_estimators": 8
            }
        },
        {
            "finishedAt": 1642671255828,
            "score": 0.48598130841121495,
            "testScoreGibMean": 0.48598130841121495,
            "testScoreMean": 0.48598130841121495,
            "testScoreStd": 0.0,
            "trainScoreMean": 0.5584307178631052,
            "trainScoreStd": 0.0,
            "time": 30200,
            "fitTimeMean": 29981.0,
            "fitTimeStd": 0.0,
            "scoreTimeMean": 219.0,
            "scoreTimeStd": 0.0,
            "parameters": {
                "booster": "gbtree",
                "colsample_bylevel": 0.969491300272977,
                "colsample_bytree": 0.9867296996838462,
                "gamma": 0.4914815298314197,
                "learning_rate": 0.23637438866129945,
                "max_delta_step": 0.7228576179347334,
                "max_depth": 6,
                "min_child_weight": 3.595447997896293,
                "reg_alpha": 0.8898850058868735,
                "reg_lambda": 0.5429457387219448,
                "subsample": 0.8833629923554682,
                "n_estimators": 20
            }
        },
        {
            "finishedAt": 1642671263038,
            "score": 0.5460614152202937,
            "testScoreGibMean": 0.5460614152202937,
            "testScoreMean": 0.5460614152202937,
            "testScoreStd": 0.0,
            "trainScoreMean": 0.7101836393989983,
            "trainScoreStd": 0.0,
            "time": 32621,
            "fitTimeMean": 32400.0,
            "fitTimeStd": 0.0,
            "scoreTimeMean": 221.0,
            "scoreTimeStd": 0.0,
            "parameters": {
                "booster": "gbtree",
                "colsample_bylevel": 0.7301151041355818,
                "colsample_bytree": 0.8336644625742637,
                "gamma": 0.5547126822961741,
                "learning_rate": 0.41616139210569236,
                "max_delta_step": 0.8747413210593046,
                "max_depth": 10,
                "min_child_weight": 1.6945265224408728,
                "reg_alpha": 0.5189586503858306,
                "reg_lambda": 0.18569330503288412,
                "subsample": 0.7339229861622221,
                "n_estimators": 17
            }
        },
        {
            "finishedAt": 1642671265115,
            "score": 0.44659546061415223,
            "testScoreGibMean": 0.44659546061415223,
            "testScoreMean": 0.44659546061415223,
            "testScoreStd": 0.0,
            "trainScoreMean": 0.4707846410684475,
            "trainScoreStd": 5.551115123125783e-17,
            "time": 9207,
            "fitTimeMean": 8999.0,
            "fitTimeStd": 0.0,
            "scoreTimeMean": 208.0,
            "scoreTimeStd": 0.0,
            "parameters": {
                "booster": "gbtree",
                "colsample_bylevel": 0.5012121917238439,
                "colsample_bytree": 0.6685237127623471,
                "gamma": 0.8462136572690205,
                "learning_rate": 0.23238539378794548,
                "max_delta_step": 0.45452572093455956,
                "max_depth": 5,
                "min_child_weight": 1.3374834822377686,
                "reg_alpha": 0.18692820493871765,
                "reg_lambda": 0.34516808638788443,
                "subsample": 0.7163836330942417,
                "n_estimators": 11
            }
        },
        {
            "finishedAt": 1642671265506,
            "score": 0.4893190921228304,
            "testScoreGibMean": 0.4893190921228304,
            "testScoreMean": 0.4893190921228304,
            "testScoreStd": 0.0,
            "trainScoreMean": 0.5459098497495827,
            "trainScoreStd": 0.0,
            "time": 15395,
            "fitTimeMean": 15079.0,
            "fitTimeStd": 0.0,
            "scoreTimeMean": 316.0,
            "scoreTimeStd": 0.0,
            "parameters": {
                "booster": "gbtree",
                "colsample_bylevel": 0.6649892762810137,
                "colsample_bytree": 0.5396838389615648,
                "gamma": 0.36806007365820026,
                "learning_rate": 0.10514626798877652,
                "max_delta_step": 0.6303148291660114,
                "max_depth": 7,
                "min_child_weight": 2.2557537956277316,
                "reg_alpha": 0.6989567892428236,
                "reg_lambda": 0.3634492834600569,
                "subsample": 0.5159625500066944,
                "n_estimators": 14
            }
        },
        {
            "finishedAt": 1642671266413,
            "score": 0.4379172229639519,
            "testScoreGibMean": 0.4379172229639519,
            "testScoreMean": 0.4379172229639519,
            "testScoreStd": 0.0,
            "trainScoreMean": 0.45191986644407345,
            "trainScoreStd": 0.0,
            "time": 3361,
            "fitTimeMean": 3166.0,
            "fitTimeStd": 0.0,
            "scoreTimeMean": 195.0,
            "scoreTimeStd": 0.0,
            "parameters": {
                "booster": "gbtree",
                "colsample_bylevel": 0.5383851463846974,
                "colsample_bytree": 0.8180043439168037,
                "gamma": 0.05840954527325515,
                "learning_rate": 0.3894719342791949,
                "max_delta_step": 0.6601019898657075,
                "max_depth": 3,
                "min_child_weight": 4.1211514430814695,
                "reg_alpha": 0.8514743323522207,
                "reg_lambda": 0.7363910935703712,
                "subsample": 0.7827340041689443,
                "n_estimators": 2
            }
        },
        {
            "finishedAt": 1642671271142,
            "score": 0.44659546061415223,
            "testScoreGibMean": 0.44659546061415223,
            "testScoreMean": 0.44659546061415223,
            "testScoreStd": 0.0,
            "trainScoreMean": 0.47378964941569285,
            "trainScoreStd": 0.0,
            "time": 5620,
            "fitTimeMean": 5410.0,
            "fitTimeStd": 0.0,
            "scoreTimeMean": 210.0,
            "scoreTimeStd": 0.0,
            "parameters": {
                "booster": "gbtree",
                "colsample_bylevel": 0.54031983601288,
                "colsample_bytree": 0.9777794874994701,
                "gamma": 0.4560315447537664,
                "learning_rate": 0.15893888501382306,
                "max_delta_step": 0.6749610058729155,
                "max_depth": 5,
                "min_child_weight": 2.3321868551964156,
                "reg_alpha": 0.8996282957922693,
                "reg_lambda": 0.668996194149075,
                "subsample": 0.8672340671062561,
                "n_estimators": 3
            }
        },
        {
            "finishedAt": 1642671273116,
            "score": 0.4706275033377837,
            "testScoreGibMean": 0.4706275033377837,
            "testScoreMean": 0.4706275033377837,
            "testScoreStd": 0.0,
            "trainScoreMean": 0.47813021702838066,
            "trainScoreStd": 0.0,
            "time": 6605,
            "fitTimeMean": 6318.0,
            "fitTimeStd": 0.0,
            "scoreTimeMean": 287.0,
            "scoreTimeStd": 0.0,
            "parameters": {
                "booster": "gbtree",
                "colsample_bylevel": 0.5214644138483584,
                "colsample_bytree": 0.8867380786133798,
                "gamma": 0.7350118851727607,
                "learning_rate": 0.37108227031910246,
                "max_delta_step": 0.42544151995374624,
                "max_depth": 4,
                "min_child_weight": 3.3801758564081292,
                "reg_alpha": 0.285974337920881,
                "reg_lambda": 0.44811292275754816,
                "subsample": 0.6729728366091907,
                "n_estimators": 6
            }
        },
        {
            "finishedAt": 1642671273235,
            "score": 0.5226969292389854,
            "testScoreGibMean": 0.5226969292389854,
            "testScoreMean": 0.5226969292389854,
            "testScoreStd": 0.0,
            "trainScoreMean": 0.5385642737896494,
            "trainScoreStd": 0.0,
            "time": 8105,
            "fitTimeMean": 7977.0,
            "fitTimeStd": 0.0,
            "scoreTimeMean": 128.0,
            "scoreTimeStd": 0.0,
            "parameters": {
                "booster": "gbtree",
                "colsample_bylevel": 0.8972485459616114,
                "colsample_bytree": 0.5836093245892857,
                "gamma": 0.3538981143103366,
                "learning_rate": 0.454919535729,
                "max_delta_step": 0.6000977437543811,
                "max_depth": 10,
                "min_child_weight": 3.0353885687357174,
                "reg_alpha": 0.9000878922577004,
                "reg_lambda": 0.5528388622113951,
                "subsample": 0.5125706785545735,
                "n_estimators": 1
            }
        },
        {
            "finishedAt": 1642671277923,
            "score": 0.4392523364485981,
            "testScoreGibMean": 0.4392523364485981,
            "testScoreMean": 0.4392523364485981,
            "testScoreStd": 0.0,
            "trainScoreMean": 0.4445742904841402,
            "trainScoreStd": 0.0,
            "time": 4799,
            "fitTimeMean": 4605.0,
            "fitTimeStd": 0.0,
            "scoreTimeMean": 194.0,
            "scoreTimeStd": 0.0,
            "parameters": {
                "booster": "gbtree",
                "colsample_bylevel": 0.7365412435615102,
                "colsample_bytree": 0.8444082619446545,
                "gamma": 0.49250726924709265,
                "learning_rate": 0.4377278138076952,
                "max_delta_step": 0.6088302064787079,
                "max_depth": 3,
                "min_child_weight": 0.7065948003695979,
                "reg_alpha": 0.5290150439332159,
                "reg_lambda": 0.7852123637741084,
                "subsample": 0.851538932851199,
                "n_estimators": 3
            }
        },
        {
            "finishedAt": 1642671278123,
            "score": 0.4279038718291055,
            "testScoreGibMean": 0.4279038718291055,
            "testScoreMean": 0.4279038718291055,
            "testScoreStd": 0.0,
            "trainScoreMean": 0.4464106844741235,
            "trainScoreStd": 0.0,
            "time": 4804,
            "fitTimeMean": 4602.0,
            "fitTimeStd": 0.0,
            "scoreTimeMean": 202.0,
            "scoreTimeStd": 0.0,
            "parameters": {
                "booster": "gbtree",
                "colsample_bylevel": 0.5983094346900695,
                "colsample_bytree": 0.6358722086941346,
                "gamma": 0.2152504148025276,
                "learning_rate": 0.26333877454135834,
                "max_delta_step": 0.6552760423503994,
                "max_depth": 3,
                "min_child_weight": 3.7179700490981396,
                "reg_alpha": 0.9599112777543806,
                "reg_lambda": 0.16727689946886343,
                "subsample": 0.8141591345795847,
                "n_estimators": 7
            }
        },
        {
            "finishedAt": 1642671278413,
            "score": 0.5427236315086782,
            "testScoreGibMean": 0.5427236315086782,
            "testScoreMean": 0.5427236315086782,
            "testScoreStd": 0.0,
            "trainScoreMean": 0.6956594323873122,
            "trainScoreStd": 0.0,
            "time": 26478,
            "fitTimeMean": 26197.0,
            "fitTimeStd": 0.0,
            "scoreTimeMean": 281.0,
            "scoreTimeStd": 0.0,
            "parameters": {
                "booster": "gbtree",
                "colsample_bylevel": 0.6745707969717898,
                "colsample_bytree": 0.7423794239755052,
                "gamma": 0.04823509856147579,
                "learning_rate": 0.46601016184692434,
                "max_delta_step": 0.7255666216664314,
                "max_depth": 9,
                "min_child_weight": 1.1436928170474236,
                "reg_alpha": 0.9492866548689445,
                "reg_lambda": 0.7283945911915191,
                "subsample": 0.6461802725699087,
                "n_estimators": 16
            }
        },
        {
            "finishedAt": 1642671286628,
            "score": 0.46461949265687585,
            "testScoreGibMean": 0.46461949265687585,
            "testScoreMean": 0.46461949265687585,
            "testScoreStd": 0.0,
            "trainScoreMean": 0.48263772954924883,
            "trainScoreStd": 5.551115123125783e-17,
            "time": 8202,
            "fitTimeMean": 7999.0,
            "fitTimeStd": 0.0,
            "scoreTimeMean": 203.0,
            "scoreTimeStd": 0.0,
            "parameters": {
                "booster": "gbtree",
                "colsample_bylevel": 0.9061821242181208,
                "colsample_bytree": 0.960626753823348,
                "gamma": 0.03523426619978687,
                "learning_rate": 0.17580365275903384,
                "max_delta_step": 0.8673364606529621,
                "max_depth": 5,
                "min_child_weight": 4.204277715838652,
                "reg_alpha": 0.4037180002921906,
                "reg_lambda": 0.1873394050335268,
                "subsample": 0.8157281322787706,
                "n_estimators": 3
            }
        },
        {
            "finishedAt": 1642671289826,
            "score": 0.4479305740987984,
            "testScoreGibMean": 0.4479305740987984,
            "testScoreMean": 0.4479305740987984,
            "testScoreStd": 0.0,
            "trainScoreMean": 0.4914858096828047,
            "trainScoreStd": 0.0,
            "time": 11697,
            "fitTimeMean": 11499.0,
            "fitTimeStd": 0.0,
            "scoreTimeMean": 198.0,
            "scoreTimeStd": 0.0,
            "parameters": {
                "booster": "gbtree",
                "colsample_bylevel": 0.9685957917891794,
                "colsample_bytree": 0.8290815027866816,
                "gamma": 0.18749788177521132,
                "learning_rate": 0.3752821496321307,
                "max_delta_step": 0.9903911323794193,
                "max_depth": 3,
                "min_child_weight": 0.9384240574603462,
                "reg_alpha": 0.013075225403182733,
                "reg_lambda": 0.696536466686134,
                "subsample": 0.6834197444822889,
                "n_estimators": 15
            }
        },
        {
            "finishedAt": 1642671291527,
            "score": 0.48664886515353806,
            "testScoreGibMean": 0.48664886515353806,
            "testScoreMean": 0.48664886515353806,
            "testScoreStd": 0.0,
            "trainScoreMean": 0.5495826377295493,
            "trainScoreStd": 0.0,
            "time": 20298,
            "fitTimeMean": 20184.0,
            "fitTimeStd": 0.0,
            "scoreTimeMean": 114.0,
            "scoreTimeStd": 0.0,
            "parameters": {
                "booster": "gbtree",
                "colsample_bylevel": 0.7498685529912683,
                "colsample_bytree": 0.8275360742343617,
                "gamma": 0.9494149173792953,
                "learning_rate": 0.11322969946626738,
                "max_delta_step": 0.5563390158544486,
                "max_depth": 7,
                "min_child_weight": 1.9372481943144237,
                "reg_alpha": 0.27032495086228536,
                "reg_lambda": 0.9092053755725539,
                "subsample": 0.8002618421299503,
                "n_estimators": 16
            }
        },
        {
            "finishedAt": 1642671295541,
            "score": 0.48598130841121495,
            "testScoreGibMean": 0.48598130841121495,
            "testScoreMean": 0.48598130841121495,
            "testScoreStd": 0.0,
            "trainScoreMean": 0.5500834724540902,
            "trainScoreStd": 0.0,
            "time": 17528,
            "fitTimeMean": 17497.0,
            "fitTimeStd": 0.0,
            "scoreTimeMean": 31.0,
            "scoreTimeStd": 0.0,
            "parameters": {
                "booster": "gbtree",
                "colsample_bylevel": 0.8006443110261645,
                "colsample_bytree": 0.9301855692012897,
                "gamma": 0.8380516828636355,
                "learning_rate": 0.3425823385248468,
                "max_delta_step": 0.8580227718989659,
                "max_depth": 5,
                "min_child_weight": 3.7986809290983854,
                "reg_alpha": 0.71724302451032,
                "reg_lambda": 0.722064801111322,
                "subsample": 0.8930366205292037,
                "n_estimators": 32
            }
        }
    ]
}