{
    "modelInputNRows": 7488,
    "modelInputNCols": 323,
    "modelInputIsSparse": false,
    "modelInputMemory": 19348992,
    "usedGridSearch": true,
    "gridSize": 24,
    "gridBestScore": 0.5787716955941254,
    "gridCells": [
        {
            "params": {
                "booster": "gbtree",
                "colsample_bylevel": 0.6310123375077908,
                "colsample_bytree": 0.5793419860772329,
                "gamma": 0.27812651949435974,
                "learning_rate": 0.28372675488582666,
                "max_delta_step": 0.32100054052016713,
                "max_depth": 7,
                "min_child_weight": 3.164508656999045,
                "reg_alpha": 0.3350268377072012,
                "reg_lambda": 0.277777085792172,
                "subsample": 0.6537264142754459,
                "n_estimators": 6
            },
            "score": 0.47463284379172227,
            "scoreStd": 0.0,
            "fitTime": 9.048,
            "fitTimeStd": 0.0,
            "scoreTime": 0.207,
            "scoreTimeStd": 0.0
        },
        {
            "params": {
                "booster": "gbtree",
                "colsample_bylevel": 0.9011846497143621,
                "colsample_bytree": 0.5475738966036632,
                "gamma": 0.36314018908931256,
                "learning_rate": 0.3964622139440436,
                "max_delta_step": 0.15994863542336868,
                "max_depth": 7,
                "min_child_weight": 4.053012539107565,
                "reg_alpha": 0.7941185757915866,
                "reg_lambda": 0.3676489566932564,
                "subsample": 0.708051969785499,
                "n_estimators": 1
            },
            "score": 0.465954606141522,
            "scoreStd": 0.0,
            "fitTime": 5.557,
            "fitTimeStd": 0.0,
            "scoreTime": 0.205,
            "scoreTimeStd": 0.0
        },
        {
            "params": {
                "booster": "gbtree",
                "colsample_bylevel": 0.7921290640551607,
                "colsample_bytree": 0.8800858869029287,
                "gamma": 0.18780840542641564,
                "learning_rate": 0.21526685912481427,
                "max_delta_step": 0.6702188581602341,
                "max_depth": 10,
                "min_child_weight": 2.482257577058368,
                "reg_alpha": 0.14085409353033673,
                "reg_lambda": 0.8219790781080967,
                "subsample": 0.9488269669253356,
                "n_estimators": 12
            },
            "score": 0.5307076101468625,
            "scoreStd": 0.0,
            "fitTime": 26.461,
            "fitTimeStd": 0.0,
            "scoreTime": 0.294,
            "scoreTimeStd": 0.0
        },
        {
            "params": {
                "booster": "gbtree",
                "colsample_bylevel": 0.9642035656883221,
                "colsample_bytree": 0.8097736246334424,
                "gamma": 0.9574226659339607,
                "learning_rate": 0.4524001760048111,
                "max_delta_step": 0.8135778196454572,
                "max_depth": 3,
                "min_child_weight": 2.797119260716762,
                "reg_alpha": 0.01579145221181444,
                "reg_lambda": 0.734373167980948,
                "subsample": 0.9966525199454146,
                "n_estimators": 19
            },
            "score": 0.4379172229639519,
            "scoreStd": 0.0,
            "fitTime": 13.932,
            "fitTimeStd": 0.0,
            "scoreTime": 0.293,
            "scoreTimeStd": 0.0
        },
        {
            "params": {
                "booster": "gbtree",
                "colsample_bylevel": 0.5814387666348837,
                "colsample_bytree": 0.5633173898454188,
                "gamma": 0.374834184580071,
                "learning_rate": 0.3772877776804523,
                "max_delta_step": 0.002901030168709906,
                "max_depth": 3,
                "min_child_weight": 4.316174334019847,
                "reg_alpha": 0.7599350049297219,
                "reg_lambda": 0.9607476378699504,
                "subsample": 0.5264701571409542,
                "n_estimators": 3
            },
            "score": 0.5787716955941254,
            "scoreStd": 0.0,
            "fitTime": 3.401,
            "fitTimeStd": 0.0,
            "scoreTime": 0.196,
            "scoreTimeStd": 0.0
        },
        {
            "params": {
                "booster": "gbtree",
                "colsample_bylevel": 0.7630447242082248,
                "colsample_bytree": 0.8390813468876195,
                "gamma": 0.7490577089486112,
                "learning_rate": 0.3155780780620495,
                "max_delta_step": 0.2650684085825009,
                "max_depth": 8,
                "min_child_weight": 4.988251144493991,
                "reg_alpha": 0.25472413644588077,
                "reg_lambda": 0.024234078457051278,
                "subsample": 0.5445225336012469,
                "n_estimators": 1
            },
            "score": 0.46862483311081443,
            "scoreStd": 0.0,
            "fitTime": 7.475,
            "fitTimeStd": 0.0,
            "scoreTime": 0.204,
            "scoreTimeStd": 0.0
        },
        {
            "params": {
                "booster": "gbtree",
                "colsample_bylevel": 0.969491300272977,
                "colsample_bytree": 0.9867296996838462,
                "gamma": 0.4914815298314197,
                "learning_rate": 0.23637438866129945,
                "max_delta_step": 0.7228576179347334,
                "max_depth": 6,
                "min_child_weight": 3.595447997896293,
                "reg_alpha": 0.8898850058868735,
                "reg_lambda": 0.5429457387219448,
                "subsample": 0.8833629923554682,
                "n_estimators": 20
            },
            "score": 0.48598130841121495,
            "scoreStd": 0.0,
            "fitTime": 29.981,
            "fitTimeStd": 0.0,
            "scoreTime": 0.219,
            "scoreTimeStd": 0.0
        },
        {
            "params": {
                "booster": "gbtree",
                "colsample_bylevel": 0.7301151041355818,
                "colsample_bytree": 0.8336644625742637,
                "gamma": 0.5547126822961741,
                "learning_rate": 0.41616139210569236,
                "max_delta_step": 0.8747413210593046,
                "max_depth": 10,
                "min_child_weight": 1.6945265224408728,
                "reg_alpha": 0.5189586503858306,
                "reg_lambda": 0.18569330503288412,
                "subsample": 0.7339229861622221,
                "n_estimators": 17
            },
            "score": 0.5460614152202937,
            "scoreStd": 0.0,
            "fitTime": 32.4,
            "fitTimeStd": 0.0,
            "scoreTime": 0.221,
            "scoreTimeStd": 0.0
        },
        {
            "params": {
                "booster": "gbtree",
                "colsample_bylevel": 0.7244822594224805,
                "colsample_bytree": 0.6980323079421638,
                "gamma": 0.7919254338973798,
                "learning_rate": 0.2973592979124784,
                "max_delta_step": 0.7239478979864309,
                "max_depth": 5,
                "min_child_weight": 3.6102206526835148,
                "reg_alpha": 0.012200168592136462,
                "reg_lambda": 0.37594474871276784,
                "subsample": 0.7954001124845729,
                "n_estimators": 2
            },
            "score": 0.4499332443257677,
            "scoreStd": 0.0,
            "fitTime": 4.901,
            "fitTimeStd": 0.0,
            "scoreTime": 0.196,
            "scoreTimeStd": 0.0
        },
        {
            "params": {
                "booster": "gbtree",
                "colsample_bylevel": 0.7402054236091984,
                "colsample_bytree": 0.6015277112555358,
                "gamma": 0.6629766293162643,
                "learning_rate": 0.48860919068321174,
                "max_delta_step": 0.4670663068654348,
                "max_depth": 7,
                "min_child_weight": 1.5687984428684922,
                "reg_alpha": 0.946503918832818,
                "reg_lambda": 0.5638358222400057,
                "subsample": 0.8786757644438441,
                "n_estimators": 9
            },
            "score": 0.465954606141522,
            "scoreStd": 0.0,
            "fitTime": 11.393,
            "fitTimeStd": 0.0,
            "scoreTime": 0.297,
            "scoreTimeStd": 0.0
        },
        {
            "params": {
                "booster": "gbtree",
                "colsample_bylevel": 0.6180746045010099,
                "colsample_bytree": 0.714879365183334,
                "gamma": 0.39411360018619324,
                "learning_rate": 0.30428375838649,
                "max_delta_step": 0.12540299608822336,
                "max_depth": 5,
                "min_child_weight": 3.026286472563473,
                "reg_alpha": 0.6564722078579881,
                "reg_lambda": 0.7125112060388741,
                "subsample": 0.7617827651434012,
                "n_estimators": 8
            },
            "score": 0.43457943925233644,
            "scoreStd": 0.0,
            "fitTime": 8.71,
            "fitTimeStd": 0.0,
            "scoreTime": 0.197,
            "scoreTimeStd": 0.0
        },
        {
            "params": {
                "booster": "gbtree",
                "colsample_bylevel": 0.6649892762810137,
                "colsample_bytree": 0.5396838389615648,
                "gamma": 0.36806007365820026,
                "learning_rate": 0.10514626798877652,
                "max_delta_step": 0.6303148291660114,
                "max_depth": 7,
                "min_child_weight": 2.2557537956277316,
                "reg_alpha": 0.6989567892428236,
                "reg_lambda": 0.3634492834600569,
                "subsample": 0.5159625500066944,
                "n_estimators": 14
            },
            "score": 0.4893190921228304,
            "scoreStd": 0.0,
            "fitTime": 15.079,
            "fitTimeStd": 0.0,
            "scoreTime": 0.316,
            "scoreTimeStd": 0.0
        },
        {
            "params": {
                "booster": "gbtree",
                "colsample_bylevel": 0.6745707969717898,
                "colsample_bytree": 0.7423794239755052,
                "gamma": 0.04823509856147579,
                "learning_rate": 0.46601016184692434,
                "max_delta_step": 0.7255666216664314,
                "max_depth": 9,
                "min_child_weight": 1.1436928170474236,
                "reg_alpha": 0.9492866548689445,
                "reg_lambda": 0.7283945911915191,
                "subsample": 0.6461802725699087,
                "n_estimators": 16
            },
            "score": 0.5427236315086782,
            "scoreStd": 0.0,
            "fitTime": 26.197,
            "fitTimeStd": 0.0,
            "scoreTime": 0.281,
            "scoreTimeStd": 0.0
        },
        {
            "params": {
                "booster": "gbtree",
                "colsample_bylevel": 0.5012121917238439,
                "colsample_bytree": 0.6685237127623471,
                "gamma": 0.8462136572690205,
                "learning_rate": 0.23238539378794548,
                "max_delta_step": 0.45452572093455956,
                "max_depth": 5,
                "min_child_weight": 1.3374834822377686,
                "reg_alpha": 0.18692820493871765,
                "reg_lambda": 0.34516808638788443,
                "subsample": 0.7163836330942417,
                "n_estimators": 11
            },
            "score": 0.44659546061415223,
            "scoreStd": 0.0,
            "fitTime": 8.999,
            "fitTimeStd": 0.0,
            "scoreTime": 0.208,
            "scoreTimeStd": 0.0
        },
        {
            "params": {
                "booster": "gbtree",
                "colsample_bylevel": 0.5383851463846974,
                "colsample_bytree": 0.8180043439168037,
                "gamma": 0.05840954527325515,
                "learning_rate": 0.3894719342791949,
                "max_delta_step": 0.6601019898657075,
                "max_depth": 3,
                "min_child_weight": 4.1211514430814695,
                "reg_alpha": 0.8514743323522207,
                "reg_lambda": 0.7363910935703712,
                "subsample": 0.7827340041689443,
                "n_estimators": 2
            },
            "score": 0.4379172229639519,
            "scoreStd": 0.0,
            "fitTime": 3.166,
            "fitTimeStd": 0.0,
            "scoreTime": 0.195,
            "scoreTimeStd": 0.0
        },
        {
            "params": {
                "booster": "gbtree",
                "colsample_bylevel": 0.8972485459616114,
                "colsample_bytree": 0.5836093245892857,
                "gamma": 0.3538981143103366,
                "learning_rate": 0.454919535729,
                "max_delta_step": 0.6000977437543811,
                "max_depth": 10,
                "min_child_weight": 3.0353885687357174,
                "reg_alpha": 0.9000878922577004,
                "reg_lambda": 0.5528388622113951,
                "subsample": 0.5125706785545735,
                "n_estimators": 1
            },
            "score": 0.5226969292389854,
            "scoreStd": 0.0,
            "fitTime": 7.977,
            "fitTimeStd": 0.0,
            "scoreTime": 0.128,
            "scoreTimeStd": 0.0
        },
        {
            "params": {
                "booster": "gbtree",
                "colsample_bylevel": 0.54031983601288,
                "colsample_bytree": 0.9777794874994701,
                "gamma": 0.4560315447537664,
                "learning_rate": 0.15893888501382306,
                "max_delta_step": 0.6749610058729155,
                "max_depth": 5,
                "min_child_weight": 2.3321868551964156,
                "reg_alpha": 0.8996282957922693,
                "reg_lambda": 0.668996194149075,
                "subsample": 0.8672340671062561,
                "n_estimators": 3
            },
            "score": 0.44659546061415223,
            "scoreStd": 0.0,
            "fitTime": 5.41,
            "fitTimeStd": 0.0,
            "scoreTime": 0.21,
            "scoreTimeStd": 0.0
        },
        {
            "params": {
                "booster": "gbtree",
                "colsample_bylevel": 0.5214644138483584,
                "colsample_bytree": 0.8867380786133798,
                "gamma": 0.7350118851727607,
                "learning_rate": 0.37108227031910246,
                "max_delta_step": 0.42544151995374624,
                "max_depth": 4,
                "min_child_weight": 3.3801758564081292,
                "reg_alpha": 0.285974337920881,
                "reg_lambda": 0.44811292275754816,
                "subsample": 0.6729728366091907,
                "n_estimators": 6
            },
            "score": 0.4706275033377837,
            "scoreStd": 0.0,
            "fitTime": 6.318,
            "fitTimeStd": 0.0,
            "scoreTime": 0.287,
            "scoreTimeStd": 0.0
        },
        {
            "params": {
                "booster": "gbtree",
                "colsample_bylevel": 0.7498685529912683,
                "colsample_bytree": 0.8275360742343617,
                "gamma": 0.9494149173792953,
                "learning_rate": 0.11322969946626738,
                "max_delta_step": 0.5563390158544486,
                "max_depth": 7,
                "min_child_weight": 1.9372481943144237,
                "reg_alpha": 0.27032495086228536,
                "reg_lambda": 0.9092053755725539,
                "subsample": 0.8002618421299503,
                "n_estimators": 16
            },
            "score": 0.48664886515353806,
            "scoreStd": 0.0,
            "fitTime": 20.184,
            "fitTimeStd": 0.0,
            "scoreTime": 0.114,
            "scoreTimeStd": 0.0
        },
        {
            "params": {
                "booster": "gbtree",
                "colsample_bylevel": 0.7365412435615102,
                "colsample_bytree": 0.8444082619446545,
                "gamma": 0.49250726924709265,
                "learning_rate": 0.4377278138076952,
                "max_delta_step": 0.6088302064787079,
                "max_depth": 3,
                "min_child_weight": 0.7065948003695979,
                "reg_alpha": 0.5290150439332159,
                "reg_lambda": 0.7852123637741084,
                "subsample": 0.851538932851199,
                "n_estimators": 3
            },
            "score": 0.4392523364485981,
            "scoreStd": 0.0,
            "fitTime": 4.605,
            "fitTimeStd": 0.0,
            "scoreTime": 0.194,
            "scoreTimeStd": 0.0
        },
        {
            "params": {
                "booster": "gbtree",
                "colsample_bylevel": 0.5983094346900695,
                "colsample_bytree": 0.6358722086941346,
                "gamma": 0.2152504148025276,
                "learning_rate": 0.26333877454135834,
                "max_delta_step": 0.6552760423503994,
                "max_depth": 3,
                "min_child_weight": 3.7179700490981396,
                "reg_alpha": 0.9599112777543806,
                "reg_lambda": 0.16727689946886343,
                "subsample": 0.8141591345795847,
                "n_estimators": 7
            },
            "score": 0.4279038718291055,
            "scoreStd": 0.0,
            "fitTime": 4.602,
            "fitTimeStd": 0.0,
            "scoreTime": 0.202,
            "scoreTimeStd": 0.0
        },
        {
            "params": {
                "booster": "gbtree",
                "colsample_bylevel": 0.8006443110261645,
                "colsample_bytree": 0.9301855692012897,
                "gamma": 0.8380516828636355,
                "learning_rate": 0.3425823385248468,
                "max_delta_step": 0.8580227718989659,
                "max_depth": 5,
                "min_child_weight": 3.7986809290983854,
                "reg_alpha": 0.71724302451032,
                "reg_lambda": 0.722064801111322,
                "subsample": 0.8930366205292037,
                "n_estimators": 32
            },
            "score": 0.48598130841121495,
            "scoreStd": 0.0,
            "fitTime": 17.497,
            "fitTimeStd": 0.0,
            "scoreTime": 0.031,
            "scoreTimeStd": 0.0
        },
        {
            "params": {
                "booster": "gbtree",
                "colsample_bylevel": 0.9685957917891794,
                "colsample_bytree": 0.8290815027866816,
                "gamma": 0.18749788177521132,
                "learning_rate": 0.3752821496321307,
                "max_delta_step": 0.9903911323794193,
                "max_depth": 3,
                "min_child_weight": 0.9384240574603462,
                "reg_alpha": 0.013075225403182733,
                "reg_lambda": 0.696536466686134,
                "subsample": 0.6834197444822889,
                "n_estimators": 15
            },
            "score": 0.4479305740987984,
            "scoreStd": 0.0,
            "fitTime": 11.499,
            "fitTimeStd": 0.0,
            "scoreTime": 0.198,
            "scoreTimeStd": 0.0
        },
        {
            "params": {
                "booster": "gbtree",
                "colsample_bylevel": 0.9061821242181208,
                "colsample_bytree": 0.960626753823348,
                "gamma": 0.03523426619978687,
                "learning_rate": 0.17580365275903384,
                "max_delta_step": 0.8673364606529621,
                "max_depth": 5,
                "min_child_weight": 4.204277715838652,
                "reg_alpha": 0.4037180002921906,
                "reg_lambda": 0.1873394050335268,
                "subsample": 0.8157281322787706,
                "n_estimators": 3
            },
            "score": 0.46461949265687585,
            "scoreStd": 0.0,
            "fitTime": 7.999,
            "fitTimeStd": 0.0,
            "scoreTime": 0.203,
            "scoreTimeStd": 0.0
        }
    ],
    "rawImportance": {
        "variables": [
            "dummy:country:IT",
            "dummy:operating_system:Windows",
            "dummy:payment_method:visa",
            "dummy:family:Jardin piscine",
            "dummy:device:desktop"
        ],
        "importances": [
            0.19645683467388153,
            0.18667510151863098,
            0.23222248256206512,
            0.1444547027349472,
            0.24019087851047516
        ]
    },
    "probaAware": true
}