{
    "metrics": {
        "mrocAUC": 0.517029238127199,
        "mcalibrationLoss": 0.26683834878897844,
        "precision": 0.3562779229445896,
        "recall": 0.36549459548550695,
        "f1": 0.32117829341096954,
        "accuracy": 0.4267515923566879,
        "hammingLoss": 0.5732484076433121,
        "logLoss": 1.0984652598077598
    },
    "processed_feature_names": [
        "nb_articles",
        "dummy:country:FR",
        "dummy:country:GB",
        "dummy:country:IT",
        "dummy:country:ES",
        "dummy:country:DE",
        "dummy:country:N/A",
        "dummy:country:__Others__",
        "dummy:shipping_fees:0",
        "dummy:shipping_fees:5,9",
        "dummy:shipping_fees:4,9",
        "dummy:shipping_fees:10,5",
        "dummy:shipping_fees:6,9",
        "dummy:shipping_fees:4,95",
        "dummy:shipping_fees:2,99",
        "dummy:shipping_fees:4,99",
        "dummy:shipping_fees:3,95",
        "dummy:shipping_fees:5,95",
        "dummy:shipping_fees:9,9",
        "dummy:shipping_fees:6",
        "dummy:shipping_fees:7,9",
        "dummy:shipping_fees:8,9",
        "dummy:shipping_fees:5",
        "dummy:shipping_fees:9,99",
        "dummy:shipping_fees:5,5",
        "dummy:shipping_fees:7",
        "dummy:shipping_fees:9",
        "dummy:shipping_fees:4",
        "dummy:shipping_fees:5,99",
        "dummy:shipping_fees:6,5",
        "dummy:shipping_fees:3,9",
        "dummy:shipping_fees:3,5",
        "dummy:shipping_fees:2,95",
        "dummy:shipping_fees:23,9",
        "dummy:shipping_fees:3,99",
        "dummy:shipping_fees:10",
        "dummy:shipping_fees:7,5",
        "dummy:shipping_fees:8",
        "dummy:shipping_fees:10,9",
        "dummy:shipping_fees:6,99",
        "dummy:shipping_fees:13,99",
        "dummy:shipping_fees:8,5",
        "dummy:shipping_fees:6,95",
        "dummy:shipping_fees:19,9",
        "dummy:shipping_fees:7,99",
        "dummy:shipping_fees:1,99",
        "dummy:shipping_fees:12",
        "dummy:shipping_fees:11",
        "dummy:shipping_fees:8,95",
        "dummy:shipping_fees:4,5",
        "dummy:shipping_fees:10,99",
        "dummy:shipping_fees:8,49",
        "dummy:shipping_fees:13,9",
        "dummy:shipping_fees:5,89",
        "dummy:shipping_fees:4,85",
        "dummy:shipping_fees:21,9",
        "dummy:shipping_fees:15",
        "dummy:shipping_fees:11,9",
        "dummy:shipping_fees:20",
        "dummy:shipping_fees:8,99",
        "dummy:shipping_fees:12,9",
        "dummy:shipping_fees:4,75",
        "dummy:shipping_fees:5,49",
        "dummy:shipping_fees:13,5",
        "dummy:shipping_fees:5,6",
        "dummy:shipping_fees:14,9",
        "dummy:shipping_fees:12,5",
        "dummy:shipping_fees:15,95",
        "dummy:shipping_fees:12,95",
        "dummy:shipping_fees:6,3",
        "dummy:shipping_fees:7,95",
        "dummy:shipping_fees:3,03",
        "dummy:shipping_fees:15,8",
        "dummy:shipping_fees:30",
        "dummy:shipping_fees:9,84",
        "dummy:shipping_fees:4,2",
        "dummy:shipping_fees:7,8",
        "dummy:shipping_fees:6,7",
        "dummy:shipping_fees:24,99",
        "dummy:shipping_fees:19,99",
        "dummy:shipping_fees:14,95",
        "dummy:shipping_fees:5,35",
        "dummy:shipping_fees:6,49",
        "dummy:shipping_fees:7,7",
        "dummy:shipping_fees:25,9",
        "dummy:shipping_fees:5,7",
        "dummy:shipping_fees:18,9",
        "dummy:shipping_fees:49",
        "dummy:shipping_fees:14",
        "dummy:shipping_fees:4,59",
        "dummy:shipping_fees:10,95",
        "dummy:shipping_fees:8,34",
        "dummy:shipping_fees:16,5",
        "dummy:shipping_fees:2,5",
        "dummy:shipping_fees:6,6",
        "dummy:shipping_fees:11,99",
        "dummy:shipping_fees:6,61",
        "dummy:shipping_fees:5,79",
        "dummy:shipping_fees:12,8",
        "dummy:shipping_fees:14,5",
        "dummy:shipping_fees:4,8",
        "dummy:shipping_fees:11,5",
        "dummy:shipping_fees:8,7",
        "dummy:shipping_fees:15,9",
        "dummy:shipping_fees:59",
        "dummy:shipping_fees:2,2",
        "dummy:shipping_fees:9,5",
        "dummy:shipping_fees:6,4",
        "dummy:shipping_fees:3,94",
        "dummy:shipping_fees:N/A",
        "dummy:shipping_fees:__Others__",
        "dummy:browser:Chrome",
        "dummy:browser:Chrome Mobile",
        "dummy:browser:Edge",
        "dummy:browser:Firefox",
        "dummy:browser:Mobile Safari",
        "dummy:browser:Safari",
        "dummy:browser:Samsung Internet",
        "dummy:browser:Google",
        "dummy:browser:Chrome Mobile iOS",
        "dummy:browser:Facebook",
        "dummy:browser:Opera",
        "dummy:browser:Chrome Mobile WebView",
        "dummy:browser:Firefox Mobile",
        "dummy:browser:MiuiBrowser",
        "dummy:browser:Amazon Silk",
        "dummy:browser:Other",
        "dummy:browser:Firefox iOS",
        "dummy:browser:Instagram",
        "dummy:browser:Edge Mobile",
        "dummy:browser:Mobile Safari UI/WKWebView",
        "dummy:browser:Opera Mobile",
        "dummy:browser:Waterfox",
        "dummy:browser:N/A",
        "dummy:browser:__Others__",
        "dummy:csat_presales:FALSE",
        "dummy:csat_presales:good",
        "dummy:csat_presales:neutral",
        "dummy:csat_presales:bad",
        "dummy:csat_presales:N/A",
        "dummy:csat_presales:__Others__",
        "dummy:operating_system:Windows",
        "dummy:operating_system:Android",
        "dummy:operating_system:iOS",
        "dummy:operating_system:Mac OS",
        "dummy:operating_system:Linux",
        "dummy:operating_system:Chrome OS",
        "dummy:operating_system:Other",
        "dummy:operating_system:N/A",
        "dummy:operating_system:__Others__",
        "dummy:day:lundi",
        "dummy:day:dimanche",
        "dummy:day:mardi",
        "dummy:day:mercredi",
        "dummy:day:jeudi",
        "dummy:day:samedi",
        "dummy:day:vendredi",
        "dummy:day:N/A",
        "dummy:day:__Others__",
        "dummy:payment_method:visa",
        "dummy:payment_method:paypal",
        "dummy:payment_method:mastercard",
        "dummy:payment_method:oney3x",
        "dummy:payment_method:transfer",
        "dummy:payment_method:payment-intent",
        "dummy:payment_method:sofort",
        "dummy:payment_method:cb",
        "dummy:payment_method:N/A",
        "dummy:payment_method:__Others__",
        "dummy:first_order:false",
        "dummy:first_order:true",
        "dummy:first_order:N/A",
        "dummy:first_order:__Others__",
        "dummy:has_manodvisor_contact:false",
        "dummy:has_manodvisor_contact:true",
        "dummy:has_manodvisor_contact:N/A",
        "dummy:has_manodvisor_contact:__Others__",
        "dummy:has_presales_contact:false",
        "dummy:has_presales_contact:true",
        "dummy:has_presales_contact:N/A",
        "dummy:has_presales_contact:__Others__",
        "dummy:bv_transaction:59,99",
        "dummy:bv_transaction:39,99",
        "dummy:bv_transaction:89,99",
        "dummy:bv_transaction:49,99",
        "dummy:bv_transaction:79,99",
        "dummy:bv_transaction:39,9",
        "dummy:bv_transaction:69,99",
        "dummy:bv_transaction:29,99",
        "dummy:bv_transaction:19,99",
        "dummy:bv_transaction:24,99",
        "dummy:bv_transaction:99,99",
        "dummy:bv_transaction:119,99",
        "dummy:bv_transaction:34,99",
        "dummy:bv_transaction:44,99",
        "dummy:bv_transaction:27,99",
        "dummy:bv_transaction:14,99",
        "dummy:bv_transaction:54,99",
        "dummy:bv_transaction:89,9",
        "dummy:bv_transaction:23,99",
        "dummy:bv_transaction:139,99",
        "dummy:bv_transaction:42,99",
        "dummy:bv_transaction:64,99",
        "dummy:bv_transaction:31,99",
        "dummy:bv_transaction:17,99",
        "dummy:bv_transaction:49,9",
        "dummy:bv_transaction:21,99",
        "dummy:bv_transaction:55,99",
        "dummy:bv_transaction:37,99",
        "dummy:bv_transaction:43,99",
        "dummy:bv_transaction:199,99",
        "dummy:bv_transaction:28,99",
        "dummy:bv_transaction:109,99",
        "dummy:bv_transaction:18,99",
        "dummy:bv_transaction:46,99",
        "dummy:bv_transaction:149,99",
        "dummy:bv_transaction:22,99",
        "dummy:bv_transaction:75,99",
        "dummy:bv_transaction:36,99",
        "dummy:bv_transaction:30,99",
        "dummy:bv_transaction:34,9",
        "dummy:bv_transaction:35,99",
        "dummy:bv_transaction:16,99",
        "dummy:bv_transaction:33,99",
        "dummy:bv_transaction:25,99",
        "dummy:bv_transaction:15,99",
        "dummy:bv_transaction:69,9",
        "dummy:bv_transaction:45,99",
        "dummy:bv_transaction:99,9",
        "dummy:bv_transaction:74,99",
        "dummy:bv_transaction:129,99",
        "dummy:bv_transaction:29,95",
        "dummy:bv_transaction:29,9",
        "dummy:bv_transaction:67,99",
        "dummy:bv_transaction:103,99",
        "dummy:bv_transaction:59,95",
        "dummy:bv_transaction:86,99",
        "dummy:bv_transaction:179,99",
        "dummy:bv_transaction:159",
        "dummy:bv_transaction:19,8",
        "dummy:bv_transaction:129,9",
        "dummy:bv_transaction:109,9",
        "dummy:bv_transaction:89,95",
        "dummy:bv_transaction:84,99",
        "dummy:bv_transaction:65,99",
        "dummy:bv_transaction:61,99",
        "dummy:bv_transaction:52,99",
        "dummy:bv_transaction:69,95",
        "dummy:bv_transaction:94,9",
        "dummy:bv_transaction:62,99",
        "dummy:bv_transaction:114,99",
        "dummy:bv_transaction:145,99",
        "dummy:bv_transaction:119,9",
        "dummy:bv_transaction:38,99",
        "dummy:bv_transaction:33,9",
        "dummy:bv_transaction:98,99",
        "dummy:bv_transaction:37,95",
        "dummy:bv_transaction:22,95",
        "dummy:bv_transaction:58,99",
        "dummy:bv_transaction:56,99",
        "dummy:bv_transaction:68,99",
        "dummy:bv_transaction:134,99",
        "dummy:bv_transaction:72,99",
        "dummy:bv_transaction:32,9",
        "dummy:bv_transaction:32,99",
        "dummy:bv_transaction:60,99",
        "dummy:bv_transaction:53,99",
        "dummy:bv_transaction:59,9",
        "dummy:bv_transaction:20,99",
        "dummy:bv_transaction:57,99",
        "dummy:bv_transaction:189,99",
        "dummy:bv_transaction:79,9",
        "dummy:bv_transaction:117,99",
        "dummy:bv_transaction:35,98",
        "dummy:bv_transaction:159,99",
        "dummy:bv_transaction:48,99",
        "dummy:bv_transaction:12,99",
        "dummy:bv_transaction:124,99",
        "dummy:bv_transaction:94,99",
        "dummy:bv_transaction:149,9",
        "dummy:bv_transaction:144,9",
        "dummy:bv_transaction:199",
        "dummy:bv_transaction:N/A",
        "dummy:bv_transaction:__Others__",
        "dummy:last_paid_channel:SHOPBOT",
        "dummy:last_paid_channel:DIRECT_ACCESS",
        "dummy:last_paid_channel:SEM",
        "dummy:last_paid_channel:SEO-SEARCH",
        "dummy:last_paid_channel:SEO-BRAND",
        "dummy:last_paid_channel:RETARGETING",
        "dummy:last_paid_channel:EMAIL",
        "dummy:last_paid_channel:AFFILIATION",
        "dummy:last_paid_channel:DISPLAY",
        "dummy:last_paid_channel:VIRAL-BRAND",
        "dummy:last_paid_channel:DISPLAY-BRAND",
        "dummy:last_paid_channel:N/A",
        "dummy:last_paid_channel:__Others__",
        "dummy:is_mf:false",
        "dummy:is_mf:true",
        "dummy:is_mf:N/A",
        "dummy:is_mf:__Others__",
        "dummy:month:ao\u00fbt",
        "dummy:month:N/A",
        "dummy:month:__Others__",
        "dummy:family:Jardin piscine",
        "dummy:family:Outillage",
        "dummy:family:Mobilier d'int\u00e9rieur",
        "dummy:family:Quincaillerie",
        "dummy:family:Salle de bain, WC",
        "dummy:family:Luminaire",
        "dummy:family:Plomberie chauffage",
        "dummy:family:Electricit\u00e9",
        "dummy:family:Animalerie",
        "dummy:family:Rev\u00eatement sol et mur",
        "dummy:family:Cuisine",
        "dummy:family:Construction mat\u00e9riaux",
        "dummy:family:N/A",
        "dummy:family:__Others__",
        "dummy:device:desktop",
        "dummy:device:phone",
        "dummy:device:tablet",
        "dummy:device:N/A",
        "dummy:device:__Others__"
    ],
    "classes": [
        "Promoter",
        "Passive",
        "Detractor"
    ],
    "confusion": {
        "totalRows": 2512,
        "perActual": {
            "Promoter": {
                "actualClassCount": 1843.0,
                "perPredicted": {
                    "Promoter": 800,
                    "Passive": 765,
                    "Detractor": 278
                }
            },
            "Passive": {
                "actualClassCount": 531.0,
                "perPredicted": {
                    "Promoter": 197,
                    "Passive": 244,
                    "Detractor": 90
                }
            },
            "Detractor": {
                "actualClassCount": 138.0,
                "perPredicted": {
                    "Promoter": 39,
                    "Passive": 71,
                    "Detractor": 28
                }
            }
        }
    },
    "oneVsAllRocAUC": {
        "Promoter": 0.5416584547680514,
        "Passive": 0.5120176516834599,
        "Detractor": 0.5220214766247878
    },
    "oneVsAllRocCurves": {
        "Promoter": [
            {
                "x": 0.0,
                "y": 0.0,
                "p": 1.334794282913208
            },
            {
                "x": 0.029895366218236172,
                "y": 0.041779706999457406,
                "p": 0.334794282913208
            },
            {
                "x": 0.15695067264573992,
                "y": 0.18014107433532284,
                "p": 0.3345504403114319
            },
            {
                "x": 0.2077727952167414,
                "y": 0.25773195876288657,
                "p": 0.33430641889572144
            },
            {
                "x": 0.2600896860986547,
                "y": 0.31199131850244166,
                "p": 0.33406326174736023
            },
            {
                "x": 0.351270553064275,
                "y": 0.43353228431904506,
                "p": 0.3338194489479065
            },
            {
                "x": 0.3976083707025411,
                "y": 0.47314161692892026,
                "p": 0.33357539772987366
            },
            {
                "x": 0.4678624813153961,
                "y": 0.5409658166033641,
                "p": 0.33333277702331543
            },
            {
                "x": 0.6442451420029895,
                "y": 0.7091698317959848,
                "p": 0.33309000730514526
            },
            {
                "x": 0.7698056801195815,
                "y": 0.7943570265870863,
                "p": 0.33284705877304077
            },
            {
                "x": 0.929745889387145,
                "y": 0.9316332067281606,
                "p": 0.3323611617088318
            },
            {
                "x": 1.0,
                "y": 1.0,
                "p": 0.3321181833744049
            }
        ],
        "Passive": [
            {
                "x": 0.0,
                "y": 0.0,
                "p": 1.3340632617473602
            },
            {
                "x": 0.0408884401817264,
                "y": 0.032015065913371,
                "p": 0.33406326174736023
            },
            {
                "x": 0.21302372539121656,
                "y": 0.1958568738229755,
                "p": 0.3338199555873871
            },
            {
                "x": 0.3457849570923776,
                "y": 0.352165725047081,
                "p": 0.3338194489479065
            },
            {
                "x": 0.42200908632004036,
                "y": 0.4595103578154426,
                "p": 0.333576500415802
            },
            {
                "x": 0.4906612821807168,
                "y": 0.5291902071563088,
                "p": 0.33357539772987366
            },
            {
                "x": 0.5845532559313478,
                "y": 0.6290018832391714,
                "p": 0.33260393142700195
            },
            {
                "x": 0.6249369005552751,
                "y": 0.6610169491525424,
                "p": 0.3326028287410736
            },
            {
                "x": 0.7435638566380616,
                "y": 0.7551789077212806,
                "p": 0.3323611617088318
            },
            {
                "x": 0.8914689550731953,
                "y": 0.9058380414312618,
                "p": 0.3323605954647064
            },
            {
                "x": 1.0,
                "y": 1.0,
                "p": 0.3321181833744049
            }
        ],
        "Detractor": [
            {
                "x": 0.0,
                "y": 0.0,
                "p": 1.3345504403114319
            },
            {
                "x": 0.12173546756529065,
                "y": 0.13768115942028986,
                "p": 0.33430641889572144
            },
            {
                "x": 0.15501263689974726,
                "y": 0.2028985507246377,
                "p": 0.33406326174736023
            },
            {
                "x": 0.4090143218197136,
                "y": 0.4057971014492754,
                "p": 0.3338194489479065
            },
            {
                "x": 0.4898904802021904,
                "y": 0.5362318840579711,
                "p": 0.333576500415802
            },
            {
                "x": 0.556866048862679,
                "y": 0.5652173913043478,
                "p": 0.33357539772987366
            },
            {
                "x": 0.6166807076663858,
                "y": 0.6159420289855072,
                "p": 0.33333277702331543
            },
            {
                "x": 0.7839090143218197,
                "y": 0.8405797101449275,
                "p": 0.33309000730514526
            },
            {
                "x": 0.9212299915754002,
                "y": 0.9420289855072463,
                "p": 0.3330889642238617
            },
            {
                "x": 0.9604043807919124,
                "y": 0.9782608695652174,
                "p": 0.33260393142700195
            },
            {
                "x": 1.0,
                "y": 1.0,
                "p": 0.3326028287410736
            }
        ]
    },
    "oneVsAllCalibrationCurves": {
        "Promoter": [
            {
                "y": 0,
                "x": 0,
                "n": 0
            },
            {
                "y": 0.7336783439490446,
                "x": 0.33342082531541395,
                "n": 2512.0
            },
            {
                "y": 1,
                "x": 1,
                "n": 0
            }
        ],
        "Passive": [
            {
                "y": 0,
                "x": 0,
                "n": 0
            },
            {
                "y": 0.21138535031847133,
                "x": 0.3330694962601373,
                "n": 2512.0
            },
            {
                "y": 1,
                "x": 1,
                "n": 0
            }
        ],
        "Detractor": [
            {
                "y": 0,
                "x": 0,
                "n": 0
            },
            {
                "y": 0.05493630573248408,
                "x": 0.3335096875241228,
                "n": 2512.0
            },
            {
                "y": 1,
                "x": 1,
                "n": 0
            }
        ]
    },
    "oneVsAllCalibrationLoss": {
        "Promoter": 0.4002575186336307,
        "Passive": 0.12168414594166597,
        "Detractor": 0.2785733817916387
    },
    "densityData": {
        "Promoter": {
            "correct": [
                0.0,
                0.0,
                0.0,
                0.0,
                0.0,
                0.0,
                0.0,
                0.0,
                0.0,
                0.0,
                0.0,
                0.0,
                0.0,
                0.0,
                0.0,
                0.0,
                0.0,
                0.0,
                0.0,
                0.0,
                0.0,
                0.0,
                0.0,
                0.0,
                0.0,
                0.0,
                0.0,
                0.0,
                0.0,
                0.0,
                0.0,
                0.0,
                0.0,
                362.9937240991431,
                0.0,
                0.0,
                0.0,
                0.0,
                0.0,
                0.0,
                0.0,
                0.0,
                0.0,
                0.0,
                0.0,
                0.0,
                0.0,
                0.0,
                0.0,
                0.0,
                0.0,
                0.0,
                0.0,
                0.0,
                0.0,
                0.0,
                0.0,
                0.0,
                0.0,
                0.0,
                0.0,
                0.0,
                0.0,
                0.0,
                0.0,
                0.0,
                0.0,
                0.0,
                0.0,
                0.0,
                0.0,
                0.0,
                0.0,
                0.0,
                0.0,
                0.0,
                0.0,
                0.0,
                0.0,
                0.0,
                0.0,
                0.0,
                0.0,
                0.0,
                0.0,
                0.0,
                0.0,
                0.0,
                0.0,
                0.0,
                0.0,
                0.0,
                0.0,
                0.0,
                0.0,
                0.0,
                0.0,
                0.0,
                0.0,
                0.0
            ],
            "incorrect": [
                0.0,
                0.0,
                0.0,
                0.0,
                0.0,
                0.0,
                0.0,
                0.0,
                0.0,
                0.0,
                0.0,
                0.0,
                0.0,
                0.0,
                0.0,
                0.0,
                0.0,
                0.0,
                0.0,
                0.0,
                0.0,
                0.0,
                0.0,
                0.0,
                0.0,
                0.0,
                0.0,
                0.0,
                0.0,
                0.0,
                0.0,
                0.0,
                3.144e-320,
                396.00792751891055,
                4.696190940368024e-303,
                0.0,
                0.0,
                0.0,
                0.0,
                0.0,
                0.0,
                0.0,
                0.0,
                0.0,
                0.0,
                0.0,
                0.0,
                0.0,
                0.0,
                0.0,
                0.0,
                0.0,
                0.0,
                0.0,
                0.0,
                0.0,
                0.0,
                0.0,
                0.0,
                0.0,
                0.0,
                0.0,
                0.0,
                0.0,
                0.0,
                0.0,
                0.0,
                0.0,
                0.0,
                0.0,
                0.0,
                0.0,
                0.0,
                0.0,
                0.0,
                0.0,
                0.0,
                0.0,
                0.0,
                0.0,
                0.0,
                0.0,
                0.0,
                0.0,
                0.0,
                0.0,
                0.0,
                0.0,
                0.0,
                0.0,
                0.0,
                0.0,
                0.0,
                0.0,
                0.0,
                0.0,
                0.0,
                0.0,
                0.0,
                0.0
            ],
            "correctMedian": 0.33333277702331543,
            "incorrectMedian": 0.33309000730514526
        },
        "Passive": {
            "correct": [
                0.0,
                0.0,
                0.0,
                0.0,
                0.0,
                0.0,
                0.0,
                0.0,
                0.0,
                0.0,
                0.0,
                0.0,
                0.0,
                0.0,
                0.0,
                0.0,
                0.0,
                0.0,
                0.0,
                0.0,
                0.0,
                0.0,
                0.0,
                0.0,
                0.0,
                0.0,
                0.0,
                0.0,
                0.0,
                0.0,
                0.0,
                0.0,
                0.0,
                217.57669121513345,
                0.0,
                0.0,
                0.0,
                0.0,
                0.0,
                0.0,
                0.0,
                0.0,
                0.0,
                0.0,
                0.0,
                0.0,
                0.0,
                0.0,
                0.0,
                0.0,
                0.0,
                0.0,
                0.0,
                0.0,
                0.0,
                0.0,
                0.0,
                0.0,
                0.0,
                0.0,
                0.0,
                0.0,
                0.0,
                0.0,
                0.0,
                0.0,
                0.0,
                0.0,
                0.0,
                0.0,
                0.0,
                0.0,
                0.0,
                0.0,
                0.0,
                0.0,
                0.0,
                0.0,
                0.0,
                0.0,
                0.0,
                0.0,
                0.0,
                0.0,
                0.0,
                0.0,
                0.0,
                0.0,
                0.0,
                0.0,
                0.0,
                0.0,
                0.0,
                0.0,
                0.0,
                0.0,
                0.0,
                0.0,
                0.0,
                0.0
            ],
            "incorrect": [
                0.0,
                0.0,
                0.0,
                0.0,
                0.0,
                0.0,
                0.0,
                0.0,
                0.0,
                0.0,
                0.0,
                0.0,
                0.0,
                0.0,
                0.0,
                0.0,
                0.0,
                0.0,
                0.0,
                0.0,
                0.0,
                0.0,
                0.0,
                0.0,
                0.0,
                0.0,
                0.0,
                0.0,
                0.0,
                0.0,
                0.0,
                0.0,
                0.0,
                129.51532187432997,
                0.0,
                0.0,
                0.0,
                0.0,
                0.0,
                0.0,
                0.0,
                0.0,
                0.0,
                0.0,
                0.0,
                0.0,
                0.0,
                0.0,
                0.0,
                0.0,
                0.0,
                0.0,
                0.0,
                0.0,
                0.0,
                0.0,
                0.0,
                0.0,
                0.0,
                0.0,
                0.0,
                0.0,
                0.0,
                0.0,
                0.0,
                0.0,
                0.0,
                0.0,
                0.0,
                0.0,
                0.0,
                0.0,
                0.0,
                0.0,
                0.0,
                0.0,
                0.0,
                0.0,
                0.0,
                0.0,
                0.0,
                0.0,
                0.0,
                0.0,
                0.0,
                0.0,
                0.0,
                0.0,
                0.0,
                0.0,
                0.0,
                0.0,
                0.0,
                0.0,
                0.0,
                0.0,
                0.0,
                0.0,
                0.0,
                0.0
            ],
            "correctMedian": 0.33357539772987366,
            "incorrectMedian": 0.33260393142700195
        },
        "Detractor": {
            "correct": [
                0.0,
                0.0,
                0.0,
                0.0,
                0.0,
                0.0,
                0.0,
                0.0,
                0.0,
                0.0,
                0.0,
                0.0,
                0.0,
                0.0,
                0.0,
                0.0,
                0.0,
                0.0,
                0.0,
                0.0,
                0.0,
                0.0,
                0.0,
                0.0,
                0.0,
                0.0,
                0.0,
                0.0,
                0.0,
                0.0,
                0.0,
                0.0,
                0.0,
                575.1382827694501,
                0.0,
                0.0,
                0.0,
                0.0,
                0.0,
                0.0,
                0.0,
                0.0,
                0.0,
                0.0,
                0.0,
                0.0,
                0.0,
                0.0,
                0.0,
                0.0,
                0.0,
                0.0,
                0.0,
                0.0,
                0.0,
                0.0,
                0.0,
                0.0,
                0.0,
                0.0,
                0.0,
                0.0,
                0.0,
                0.0,
                0.0,
                0.0,
                0.0,
                0.0,
                0.0,
                0.0,
                0.0,
                0.0,
                0.0,
                0.0,
                0.0,
                0.0,
                0.0,
                0.0,
                0.0,
                0.0,
                0.0,
                0.0,
                0.0,
                0.0,
                0.0,
                0.0,
                0.0,
                0.0,
                0.0,
                0.0,
                0.0,
                0.0,
                0.0,
                0.0,
                0.0,
                0.0,
                0.0,
                0.0,
                0.0,
                0.0
            ],
            "incorrect": [
                0.0,
                0.0,
                0.0,
                0.0,
                0.0,
                0.0,
                0.0,
                0.0,
                0.0,
                0.0,
                0.0,
                0.0,
                0.0,
                0.0,
                0.0,
                0.0,
                0.0,
                0.0,
                0.0,
                0.0,
                0.0,
                0.0,
                0.0,
                0.0,
                0.0,
                0.0,
                0.0,
                0.0,
                0.0,
                0.0,
                0.0,
                0.0,
                0.0,
                355.60547188940893,
                0.0,
                0.0,
                0.0,
                0.0,
                0.0,
                0.0,
                0.0,
                0.0,
                0.0,
                0.0,
                0.0,
                0.0,
                0.0,
                0.0,
                0.0,
                0.0,
                0.0,
                0.0,
                0.0,
                0.0,
                0.0,
                0.0,
                0.0,
                0.0,
                0.0,
                0.0,
                0.0,
                0.0,
                0.0,
                0.0,
                0.0,
                0.0,
                0.0,
                0.0,
                0.0,
                0.0,
                0.0,
                0.0,
                0.0,
                0.0,
                0.0,
                0.0,
                0.0,
                0.0,
                0.0,
                0.0,
                0.0,
                0.0,
                0.0,
                0.0,
                0.0,
                0.0,
                0.0,
                0.0,
                0.0,
                0.0,
                0.0,
                0.0,
                0.0,
                0.0,
                0.0,
                0.0,
                0.0,
                0.0,
                0.0,
                0.0
            ],
            "correctMedian": 0.333576500415802,
            "incorrectMedian": 0.33357539772987366
        }
    },
    "globalMetrics": {
        "testWeight": 2512,
        "targetAvg": [
            0.7336783439490446,
            0.21138535031847133,
            0.05493630573248408
        ],
        "targetStd": [
            0.4421224343484121,
            0.40837234543159034,
            0.22790126018133605
        ],
        "predictionAvg": [
            0.33342082531541395,
            0.3330694962601373,
            0.3335096875241228
        ],
        "predictionStd": [
            0.0008155666824352375,
            0.00071123067271502,
            0.00048649574034533943
        ]
    }
}