{
  "state": "DONE",
  "preSearchDescription": {
    "gridLength": 24,
    "searchStrategy": "RANDOM",
    "importantParams": [
      {
        "name": "trees",
        "val": "300"
      },
      {
        "name": "max_depth",
        "min": "3",
        "max": "10"
      }
    ]
  },
  "postSearchDescription": {
    "importantParams": [
      {
        "name": "trees",
        "val": "3"
      },
      {
        "name": "max_depth",
        "val": "3"
      }
    ]
  },
  "resumed": false,
  "timeOrderingEnabled": false,
  "sampleWeightsEnabled": false,
  "modelId": "m1",
  "progress": {
    "top_level_todo": [],
    "stack": [],
    "top_level_done": [
      {
        "name": "Loading train set",
        "time": 132
      },
      {
        "name": "Loading test set",
        "time": 57
      },
      {
        "name": "Collecting statistics",
        "time": 81
      },
      {
        "name": "Preprocessing train set",
        "time": 129
      },
      {
        "name": "Preprocessing test set",
        "time": 77
      },
      {
        "name": "Hyperparameter searching",
        "time": 79564
      },
      {
        "name": "Fitting model",
        "time": 592
      },
      {
        "name": "Saving model",
        "time": 5
      },
      {
        "name": "Scoring model",
        "time": 201
      }
    ]
  },
  "startTime": 1642671215596,
  "endTime": 1642671296831,
  "preprocessingTime": 480,
  "trainingTime": 80755,
  "hyperparamsSearchTime": 79564
}