{
  "type": "metrics",
  "params": {
    "objectSmartId": "main_dataset",
    "objectType": "DATASET",
    "metricId": "col_stats:MEAN:Customer_Effort_Score"
  },
  "owner": "alexandra-houssin_student2021@wilder.school",
  "listed": false,
  "name": "Avg of Customer_Effort_Score on main_dataset",
  "dashboardCreationId": "lsoxBTm",
  "versionTag": {
    "versionNumber": 0,
    "lastModifiedBy": {
      "login": "alexandra-houssin_student2021@wilder.school"
    },
    "lastModifiedOn": 1642677049474
  },
  "creationTag": {
    "versionNumber": 0,
    "lastModifiedBy": {
      "login": "alexandra-houssin_student2021@wilder.school"
    },
    "lastModifiedOn": 1642677049474
  },
  "tags": [],
  "customFields": {},
  "checklists": {
    "checklists": []
  }
}