{
  "type": "chart",
  "params": {
    "datasetSmartName": "Day_of_the_week",
    "engineType": "LINO",
    "refreshableSelection": {
      "selection": {
        "useMemTable": false,
        "filter": {
          "distinct": false,
          "enabled": false
        },
        "partitionSelectionMethod": "ALL",
        "latestPartitionsN": 1,
        "ordering": {
          "enabled": false,
          "rules": []
        },
        "samplingMethod": "HEAD_SEQUENTIAL",
        "maxRecords": 10000,
        "targetRatio": 0.02,
        "withinFirstN": -1,
        "maxReadUncompressedBytes": -1
      },
      "autoRefreshSample": false,
      "_refreshTrigger": 0
    },
    "def": {
      "type": "grouped_columns",
      "variant": "normal",
      "name": "NPS : Ratio to average by Day of the Week",
      "userEditedName": true,
      "genericDimension0": [
        {
          "column": "Day_of_the_week_words",
          "type": "ALPHANUM",
          "numParams": {
            "emptyBinsMode": "ZEROS"
          },
          "maxValues": 20,
          "generateOthersCategory": true,
          "oneTickPerBin": false,
          "filters": [],
          "isA": "dimension",
          "possibleSorts": [
            {
              "type": "NATURAL",
              "label": "Natural ordering",
              "sortAscending": true
            },
            {
              "type": "AGGREGATION",
              "measureIdx": 0,
              "label": "Average of NPS, descending"
            },
            {
              "type": "AGGREGATION",
              "measureIdx": 0,
              "label": "Average of NPS, ascending",
              "sortAscending": true
            }
          ],
          "sort": {
            "type": "NATURAL",
            "label": "Natural ordering",
            "sortAscending": true
          }
        }
      ],
      "genericDimension1": [],
      "facetDimension": [],
      "animationDimension": [],
      "genericMeasures": [
        {
          "column": "NPS",
          "function": "AVG",
          "type": "NUMERICAL",
          "displayed": true,
          "isA": "measure",
          "displayAxis": "axis1",
          "displayType": "column",
          "computeMode": "AVG_RATIO",
          "computeModeDim": 0,
          "multiplier": "Auto"
        }
      ],
      "xDimension": [],
      "yDimension": [],
      "uaXDimension": [],
      "uaYDimension": [],
      "uaSize": [],
      "uaShape": [],
      "uaColor": [],
      "uaTooltip": [],
      "groupDimension": [],
      "xMeasure": [],
      "yMeasure": [],
      "colorMeasure": [],
      "sizeMeasure": [],
      "geometry": [],
      "tooltipMeasures": [],
      "boxplotBreakdownDim": [],
      "boxplotValue": [],
      "filters": [],
      "axis1LogScale": false,
      "axis2LogScale": false,
      "includeZero": true,
      "smoothing": true,
      "showLegend": true,
      "showXAxis": false,
      "showInChartValues": false,
      "showInChartLabels": true,
      "strokeWidth": 2,
      "fillOpacity": 0.6,
      "showXAxisLabel": false,
      "showYAxisLabel": true,
      "displayXAxis": true,
      "displayYAxis": true,
      "hexbinRadius": 20,
      "hexbinNumber": 20,
      "hexbinRadiusMode": "NUM_HEXAGONS",
      "yCustomExtent": {
        "editMode": "AUTO",
        "manualExtent": [
          null,
          null
        ]
      },
      "xCustomExtent": {
        "editMode": "AUTO",
        "manualExtent": [
          null,
          null
        ]
      },
      "chartHeight": 72,
      "singleXAxis": true,
      "multiTooltips": false,
      "animationFrameDuration": 3000,
      "animationRepeat": true,
      "colorOptions": {
        "singleColor": "#2678B1",
        "transparency": 1.0,
        "colorPalette": "__dku_custom__",
        "ccScaleMode": "NORMAL",
        "customPalette": {
          "id": "__dku_custom__",
          "name": "Custom Palette",
          "colors": [
            "#f06548",
            "#fdc766",
            "#7bc9a6",
            "#4ec5da",
            "#548ecb",
            "#97668f",
            "#5e2974",
            "#0d326c"
          ],
          "values": [
            null,
            null,
            null,
            null,
            null,
            null,
            null
          ],
          "fixedValues": false
        },
        "paletteType": "CONTINUOUS",
        "quantizationMode": "NONE",
        "numQuantizeSteps": 5,
        "paletteMiddleValue": 0.0,
        "customColors": {
          "m_NPS_AVG_1": "#0d326c"
        },
        "heatDensityMapIntensity": 0.5,
        "heatDensityMapRadius": 0.5
      },
      "bubblesOptions": {
        "defaultRadius": 5.0,
        "singleShape": "FILLED_CIRCLE"
      },
      "computeMode": "NORMAL",
      "xAxisMode": "NORMAL",
      "yAxisMode": "NORMAL",
      "pieOptions": {
        "donutHoleSize": 54.0
      },
      "scatterOptions": {
        "equalScales": false,
        "identityLine": false
      },
      "mapOptions": {
        "tilesLayer": "cartodb-positron",
        "lockSquareGrid": false
      },
      "mapGridOptions": {
        "gridLonDeg": 0.5,
        "gridLatDeg": 0.5
      },
      "disableSafetyLimits": false,
      "useLiveProcessingIfAvailable": true,
      "legendPlacement": "OUTER_RIGHT"
    },
    "maxDataBytes": 157286400
  },
  "owner": "aline-dubuy_student2021@wilder.school",
  "listed": false,
  "name": "NPS : Ratio to average by Day of the Week on Day_of_the_week",
  "dashboardCreationId": "t4UH7Fb",
  "versionTag": {
    "versionNumber": 3,
    "lastModifiedBy": {
      "login": "guillaume.arp@gmail.com"
    },
    "lastModifiedOn": 1642751702991
  },
  "creationTag": {
    "versionNumber": 0,
    "lastModifiedBy": {
      "login": "aline-dubuy_student2021@wilder.school"
    },
    "lastModifiedOn": 1642726507858
  },
  "tags": [],
  "customFields": {},
  "checklists": {
    "checklists": []
  }
}