{
  "type": "metrics",
  "params": {
    "objectSmartId": "manomano_dataset_stacked_prepared",
    "objectType": "DATASET",
    "metricId": "reporting:WARNING_COUNT"
  },
  "owner": "aline-dubuy_student2021@wilder.school",
  "listed": false,
  "name": "AlertDetractors",
  "versionTag": {
    "versionNumber": 0,
    "lastModifiedBy": {
      "login": "aline-dubuy_student2021@wilder.school"
    },
    "lastModifiedOn": 1642623923067
  },
  "creationTag": {
    "versionNumber": 0,
    "lastModifiedBy": {
      "login": "aline-dubuy_student2021@wilder.school"
    },
    "lastModifiedOn": 1642623923067
  },
  "tags": [],
  "customFields": {},
  "checklists": {
    "checklists": []
  }
}