{
  "type": "filters",
  "params": {
    "datasetSmartName": "dataset_comments_2grams"
  },
  "owner": "alexandra-houssin_student2021@wilder.school",
  "listed": false,
  "name": "Filters on dataset_comments_2grams",
  "dashboardCreationId": "lsoxBTm",
  "versionTag": {
    "versionNumber": 0,
    "lastModifiedBy": {
      "login": "alexandra-houssin_student2021@wilder.school"
    },
    "lastModifiedOn": 1642628817522
  },
  "creationTag": {
    "versionNumber": 0,
    "lastModifiedBy": {
      "login": "alexandra-houssin_student2021@wilder.school"
    },
    "lastModifiedOn": 1642628817522
  },
  "tags": [],
  "customFields": {},
  "checklists": {
    "checklists": []
  }
}