{
  "type": "dataset_table",
  "params": {
    "datasetSmartName": "manomano_dataset_stacked_prepared",
    "shakerScript": {
      "steps": [],
      "maxProcessedMemTableBytes": -1,
      "columnsSelection": {
        "mode": "ALL"
      },
      "columnWidthsByName": {
        "id": 100,
        "comment": 204,
        "original_comment": 204,
        "score": 100,
        "data_scale": 100,
        "data_source": 162,
        "created_at": 183,
        "date": 100,
        "date_parsed": 183,
        "day": 100,
        "month": 100,
        "is_mf": 100,
        "device": 100,
        "family": 169,
        "is_b2b": 100,
        "reason": 314,
        "browser": 232,
        "category": 300,
        "language": 106,
        "platform": 100,
        "provider": 225,
        "first_order": 100,
        "nb_articles": 100,
        "csat_presales": 113,
        "shipping_fees": 113,
        "bv_transaction": 120,
        "payment_method": 120,
        "operating_system": 162,
        "last_paid_channel": 143,
        "has_presales_contact": 165,
        "shipping_fees_bucket": 165,
        "bv_transaction_bucket": 173,
        "has_manodvisor_contact": 180,
        "themes": 204,
        "tags": 176,
        "Customer_Effort_Score": 173,
        "Customer_Effort_Score_copy": 210,
        "Customer_Effort_Score_category": 240,
        "country": 100,
        "GeoPoint": 197,
        "Tags_  Delivery Fees": 165,
        "Tags_  Finding Compatible Products": 270,
        "Tags_ Returns Info": 150,
        "Tags_ Lacking Payment Methods": 233,
        "Tags_  Delivery Options": 188,
        "Tags_ Signup/Login": 150,
        "Tags_  Product Info": 158,
        "Tags_ Using Coupons": 158,
        "Tags_  Finding Products": 188,
        "Tags_ Difficulty Paying": 188,
        "Tags_ Presales Support": 180
      },
      "coloring": {
        "scheme": "INDIVIDUAL_COLUMNS_VALUES",
        "individualColumns": [
          "day",
          "Customer_Effort_Score_category"
        ],
        "valueColoringMode": "HASH"
      },
      "sorting": [
        {
          "column": "tags",
          "ascending": true
        }
      ],
      "analysisColumnData": {},
      "explorationSampling": {
        "selection": {
          "maxStoredBytes": 104857600,
          "timeout": -1,
          "filter": {
            "distinct": false,
            "enabled": false
          },
          "partitionSelectionMethod": "ALL",
          "latestPartitionsN": 1,
          "ordering": {
            "enabled": false,
            "rules": []
          },
          "samplingMethod": "HEAD_SEQUENTIAL",
          "maxRecords": 300000,
          "targetRatio": 0.02,
          "withinFirstN": -1,
          "maxReadUncompressedBytes": -1
        },
        "autoRefreshSample": false,
        "_refreshTrigger": 3
      },
      "vizSampling": {
        "selection": {
          "useMemTable": false,
          "filter": {
            "distinct": false,
            "enabled": false
          },
          "partitionSelectionMethod": "ALL",
          "latestPartitionsN": 1,
          "ordering": {
            "enabled": false,
            "rules": []
          },
          "samplingMethod": "FULL",
          "maxRecords": -1,
          "targetRatio": 0.02,
          "withinFirstN": -1,
          "maxReadUncompressedBytes": -1
        },
        "autoRefreshSample": false,
        "_refreshTrigger": 0
      },
      "exploreUIParams": {
        "autoRefresh": true
      },
      "globalSearchQuery": "",
      "explorationFilters": [],
      "previewMode": "ALL_ROWS"
    }
  },
  "owner": "aline-dubuy_student2021@wilder.school",
  "listed": false,
  "name": "dataset",
  "dashboardCreationId": "Cr11ymn",
  "versionTag": {
    "versionNumber": 0,
    "lastModifiedBy": {
      "login": "aline-dubuy_student2021@wilder.school"
    },
    "lastModifiedOn": 1642624309404
  },
  "creationTag": {
    "versionNumber": 0,
    "lastModifiedBy": {
      "login": "aline-dubuy_student2021@wilder.school"
    },
    "lastModifiedOn": 1642624309404
  },
  "tags": [],
  "customFields": {},
  "checklists": {
    "checklists": []
  }
}