{
  "type": "managed-folder_content",
  "params": {
    "folderSmartId": "mJKhqG1y",
    "filePath": "/wordcloud.png",
    "isDirectory": false
  },
  "owner": "aurore-lemaitre_student2021@wilder.school",
  "listed": false,
  "name": "Content of folder Detractors/wordcloud.png",
  "dashboardCreationId": "083B16y",
  "versionTag": {
    "versionNumber": 0,
    "lastModifiedBy": {
      "login": "aurore-lemaitre_student2021@wilder.school"
    },
    "lastModifiedOn": 1642630669460
  },
  "creationTag": {
    "versionNumber": 0,
    "lastModifiedBy": {
      "login": "aurore-lemaitre_student2021@wilder.school"
    },
    "lastModifiedOn": 1642630669460
  },
  "tags": [],
  "customFields": {},
  "checklists": {
    "checklists": []
  }
}