{
  "type": "metrics",
  "params": {
    "objectSmartId": "main_dataset_CES_get_dummies",
    "objectType": "DATASET",
    "metricId": "reporting:BUILD_SUCCESS"
  },
  "owner": "aline-dubuy_student2021@wilder.school",
  "listed": false,
  "name": "Built on main_dataset_CES_get_dummies",
  "dashboardCreationId": "Cr11ymn",
  "versionTag": {
    "versionNumber": 0,
    "lastModifiedBy": {
      "login": "aline-dubuy_student2021@wilder.school"
    },
    "lastModifiedOn": 1642676234844
  },
  "creationTag": {
    "versionNumber": 0,
    "lastModifiedBy": {
      "login": "aline-dubuy_student2021@wilder.school"
    },
    "lastModifiedOn": 1642676234844
  },
  "tags": [],
  "customFields": {},
  "checklists": {
    "checklists": []
  }
}