{
  "type": "chart",
  "params": {
    "datasetSmartName": "dataset_comments_2grams",
    "engineType": "LINO",
    "refreshableSelection": {
      "selection": {
        "useMemTable": false,
        "filter": {
          "distinct": false,
          "enabled": false
        },
        "partitionSelectionMethod": "ALL",
        "latestPartitionsN": 1,
        "ordering": {
          "enabled": false,
          "rules": []
        },
        "samplingMethod": "HEAD_SEQUENTIAL",
        "maxRecords": 10000,
        "targetRatio": 0.02,
        "withinFirstN": -1,
        "maxReadUncompressedBytes": -1
      },
      "autoRefreshSample": false,
      "_refreshTrigger": 0
    },
    "def": {
      "type": "grouped_columns",
      "variant": "normal",
      "name": "Chart",
      "userEditedName": false,
      "genericDimension0": [],
      "genericDimension1": [],
      "facetDimension": [],
      "animationDimension": [],
      "genericMeasures": [],
      "xDimension": [],
      "yDimension": [],
      "uaXDimension": [],
      "uaYDimension": [],
      "uaSize": [],
      "uaShape": [],
      "uaColor": [],
      "uaTooltip": [],
      "groupDimension": [],
      "xMeasure": [],
      "yMeasure": [],
      "colorMeasure": [],
      "sizeMeasure": [],
      "geometry": [],
      "tooltipMeasures": [],
      "boxplotBreakdownDim": [],
      "boxplotValue": [],
      "axis1LogScale": false,
      "axis2LogScale": false,
      "includeZero": true,
      "smoothing": true,
      "showLegend": true,
      "showXAxis": false,
      "showInChartValues": false,
      "showInChartLabels": true,
      "strokeWidth": 1,
      "fillOpacity": 0.6,
      "showXAxisLabel": true,
      "showYAxisLabel": true,
      "displayXAxis": true,
      "displayYAxis": true,
      "hexbinRadius": 20,
      "hexbinNumber": 20,
      "hexbinRadiusMode": "NUM_HEXAGONS",
      "yCustomExtent": {
        "editMode": "AUTO",
        "manualExtent": [
          null,
          null
        ]
      },
      "xCustomExtent": {
        "editMode": "AUTO",
        "manualExtent": [
          null,
          null
        ]
      },
      "chartHeight": 200,
      "singleXAxis": true,
      "multiTooltips": false,
      "animationFrameDuration": 3000,
      "animationRepeat": true,
      "colorOptions": {
        "singleColor": "#2678B1",
        "transparency": 0.75,
        "colorPalette": "default",
        "ccScaleMode": "NORMAL",
        "customPalette": {
          "id": "__dku_custom__",
          "name": "Custom Palette",
          "colors": [],
          "values": [],
          "fixedValues": false
        },
        "paletteType": "CONTINUOUS",
        "quantizationMode": "NONE",
        "numQuantizeSteps": 5,
        "paletteMiddleValue": 0.0,
        "customColors": {},
        "heatDensityMapIntensity": 0.5,
        "heatDensityMapRadius": 0.5
      },
      "bubblesOptions": {
        "defaultRadius": 5.0,
        "singleShape": "FILLED_CIRCLE"
      },
      "computeMode": "NORMAL",
      "xAxisMode": "NORMAL",
      "yAxisMode": "NORMAL",
      "pieOptions": {
        "donutHoleSize": 54.0
      },
      "scatterOptions": {
        "equalScales": false,
        "identityLine": false
      },
      "mapOptions": {
        "tilesLayer": "cartodb-positron",
        "lockSquareGrid": false
      },
      "mapGridOptions": {
        "gridLonDeg": 0.6,
        "gridLatDeg": 0.6
      },
      "disableSafetyLimits": false,
      "useLiveProcessingIfAvailable": true,
      "legendPlacement": "OUTER_RIGHT"
    },
    "maxDataBytes": 0
  },
  "owner": "aline-dubuy_student2021@wilder.school",
  "listed": false,
  "name": "Chart on dataset_comments_2grams",
  "dashboardCreationId": "Cr11ymn",
  "versionTag": {
    "versionNumber": 0,
    "lastModifiedBy": {
      "login": "aline-dubuy_student2021@wilder.school"
    },
    "lastModifiedOn": 1642673736786
  },
  "creationTag": {
    "versionNumber": 0,
    "lastModifiedBy": {
      "login": "aline-dubuy_student2021@wilder.school"
    },
    "lastModifiedOn": 1642673736786
  },
  "tags": [],
  "customFields": {},
  "checklists": {
    "checklists": []
  }
}