{
  "type": "project_activity",
  "params": {
    "projectKey": "MANOMANO1"
  },
  "owner": "alexandra-houssin_student2021@wilder.school",
  "listed": false,
  "name": "Activity of Mano Mano (MANOMANO1)",
  "dashboardCreationId": "Cr11ymn",
  "versionTag": {
    "versionNumber": 0,
    "lastModifiedBy": {
      "login": "alexandra-houssin_student2021@wilder.school"
    },
    "lastModifiedOn": 1642695163059
  },
  "creationTag": {
    "versionNumber": 0,
    "lastModifiedBy": {
      "login": "alexandra-houssin_student2021@wilder.school"
    },
    "lastModifiedOn": 1642695163059
  },
  "tags": [],
  "customFields": {},
  "checklists": {
    "checklists": []
  }
}