{
  "type": "managed-folder_content",
  "params": {
    "folderSmartId": "Bar3hANf",
    "filePath": "/wordcloud_customer_effort_score_category_promoter.png",
    "isDirectory": false
  },
  "owner": "guillaume.arp@gmail.com",
  "listed": false,
  "name": "File /wordcloud_customer_effort_score_category_promoter.png of test_ngrams",
  "dashboardCreationId": "083B16y",
  "versionTag": {
    "versionNumber": 0,
    "lastModifiedBy": {
      "login": "guillaume.arp@gmail.com"
    },
    "lastModifiedOn": 1642629532267
  },
  "creationTag": {
    "versionNumber": 0,
    "lastModifiedBy": {
      "login": "guillaume.arp@gmail.com"
    },
    "lastModifiedOn": 1642629532267
  },
  "tags": [],
  "customFields": {},
  "checklists": {
    "checklists": []
  }
}