{
  "type": "filters",
  "params": {
    "datasetSmartName": "dataset_comments_prepared_3grams"
  },
  "owner": "guillaume.arp@gmail.com",
  "listed": false,
  "name": "Filters on dataset_comments_prepared_3grams",
  "dashboardCreationId": "083B16y",
  "versionTag": {
    "versionNumber": 0,
    "lastModifiedBy": {
      "login": "guillaume.arp@gmail.com"
    },
    "lastModifiedOn": 1642629019945
  },
  "creationTag": {
    "versionNumber": 0,
    "lastModifiedBy": {
      "login": "guillaume.arp@gmail.com"
    },
    "lastModifiedOn": 1642629019945
  },
  "tags": [],
  "customFields": {},
  "checklists": {
    "checklists": []
  }
}