{
  "type": "managed-folder_content",
  "params": {
    "folderSmartId": "7xA1rOmv",
    "filePath": "/wordcloud.png",
    "isDirectory": false
  },
  "owner": "aline-dubuy_student2021@wilder.school",
  "listed": false,
  "name": "Content of folder Passives/wordcloud.png",
  "dashboardCreationId": "Cr11ymn",
  "versionTag": {
    "versionNumber": 0,
    "lastModifiedBy": {
      "login": "aline-dubuy_student2021@wilder.school"
    },
    "lastModifiedOn": 1642675599770
  },
  "creationTag": {
    "versionNumber": 0,
    "lastModifiedBy": {
      "login": "aline-dubuy_student2021@wilder.school"
    },
    "lastModifiedOn": 1642675599770
  },
  "tags": [],
  "customFields": {},
  "checklists": {
    "checklists": []
  }
}