{
  "type": "metrics",
  "params": {
    "objectSmartId": "main_dataset",
    "objectType": "DATASET",
    "metricId": "col_stats:COUNT_DISTINCT:Customer_Effort_Score_category"
  },
  "owner": "aline-dubuy_student2021@wilder.school",
  "listed": false,
  "name": "Distinct value count of Customer_Effort_Score_category on main_dataset",
  "dashboardCreationId": "Cr11ymn",
  "versionTag": {
    "versionNumber": 0,
    "lastModifiedBy": {
      "login": "aline-dubuy_student2021@wilder.school"
    },
    "lastModifiedOn": 1642626284347
  },
  "creationTag": {
    "versionNumber": 0,
    "lastModifiedBy": {
      "login": "aline-dubuy_student2021@wilder.school"
    },
    "lastModifiedOn": 1642626284347
  },
  "tags": [],
  "customFields": {},
  "checklists": {
    "checklists": []
  }
}