{
  "type": "chart",
  "params": {
    "datasetSmartName": "forceast_df_prepared",
    "engineType": "LINO",
    "refreshableSelection": {
      "selection": {
        "useMemTable": false,
        "filter": {
          "distinct": false,
          "enabled": false
        },
        "partitionSelectionMethod": "ALL",
        "latestPartitionsN": 1,
        "ordering": {
          "enabled": false,
          "rules": []
        },
        "samplingMethod": "HEAD_SEQUENTIAL",
        "maxRecords": 10000,
        "targetRatio": 0.02,
        "withinFirstN": -1,
        "maxReadUncompressedBytes": -1
      },
      "autoRefreshSample": false,
      "_refreshTrigger": 0
    },
    "def": {
      "type": "lines",
      "variant": "normal",
      "name": "Avg. of predicted NPS by date",
      "userEditedName": false,
      "genericDimension0": [
        {
          "column": "date",
          "type": "DATE",
          "numParams": {
            "emptyBinsMode": "AVERAGE"
          },
          "dateParams": {
            "mode": "AUTOMATIC"
          },
          "maxValues": 0,
          "generateOthersCategory": true,
          "oneTickPerBin": false,
          "filters": [],
          "isA": "dimension",
          "possibleSorts": [
            {
              "type": "NATURAL",
              "label": "Natural ordering",
              "sortAscending": true
            },
            {
              "type": "AGGREGATION",
              "measureIdx": 0,
              "label": "Average of predicted NPS, descending"
            },
            {
              "type": "AGGREGATION",
              "measureIdx": 0,
              "label": "Average of predicted NPS, ascending",
              "sortAscending": true
            },
            {
              "type": "AGGREGATION",
              "measureIdx": 1,
              "label": "Average of % detractor, descending"
            },
            {
              "type": "AGGREGATION",
              "measureIdx": 1,
              "label": "Average of % detractor, ascending",
              "sortAscending": true
            },
            {
              "type": "AGGREGATION",
              "measureIdx": 2,
              "label": "Average of % promoter, descending"
            },
            {
              "type": "AGGREGATION",
              "measureIdx": 2,
              "label": "Average of % promoter, ascending",
              "sortAscending": true
            },
            {
              "type": "AGGREGATION",
              "measureIdx": 3,
              "label": "Average of NPS, descending"
            },
            {
              "type": "AGGREGATION",
              "measureIdx": 3,
              "label": "Average of NPS, ascending",
              "sortAscending": true
            },
            {
              "type": "AGGREGATION",
              "measureIdx": 4,
              "label": "Average of predicted % detractor, descending"
            },
            {
              "type": "AGGREGATION",
              "measureIdx": 4,
              "label": "Average of predicted % detractor, ascending",
              "sortAscending": true
            },
            {
              "type": "AGGREGATION",
              "measureIdx": 5,
              "label": "Average of predicted % promoter, descending"
            },
            {
              "type": "AGGREGATION",
              "measureIdx": 5,
              "label": "Average of predicted % promoter, ascending",
              "sortAscending": true
            }
          ],
          "sort": {
            "type": "NATURAL",
            "label": "Natural ordering",
            "sortAscending": true
          }
        }
      ],
      "genericDimension1": [],
      "facetDimension": [],
      "animationDimension": [],
      "genericMeasures": [
        {
          "column": "predicted NPS",
          "function": "AVG",
          "type": "NUMERICAL",
          "displayed": true,
          "isA": "measure",
          "displayAxis": "axis1",
          "displayType": "column",
          "computeMode": "NORMAL",
          "computeModeDim": 0
        },
        {
          "column": "% detractor",
          "function": "AVG",
          "type": "NUMERICAL",
          "displayed": true,
          "isA": "measure",
          "displayAxis": "axis1",
          "displayType": "column",
          "computeMode": "NORMAL",
          "computeModeDim": 0
        },
        {
          "column": "% promoter",
          "function": "AVG",
          "type": "NUMERICAL",
          "displayed": true,
          "isA": "measure",
          "displayAxis": "axis1",
          "displayType": "column",
          "computeMode": "NORMAL",
          "computeModeDim": 0
        },
        {
          "column": "NPS",
          "function": "AVG",
          "type": "NUMERICAL",
          "displayed": true,
          "isA": "measure",
          "displayAxis": "axis1",
          "displayType": "column",
          "computeMode": "NORMAL",
          "computeModeDim": 0
        },
        {
          "column": "predicted % detractor",
          "function": "AVG",
          "type": "NUMERICAL",
          "displayed": true,
          "isA": "measure",
          "displayAxis": "axis1",
          "displayType": "column",
          "computeMode": "NORMAL",
          "computeModeDim": 0
        },
        {
          "column": "predicted % promoter",
          "function": "AVG",
          "type": "NUMERICAL",
          "displayed": true,
          "isA": "measure",
          "displayAxis": "axis1",
          "displayType": "column",
          "computeMode": "NORMAL",
          "computeModeDim": 0
        }
      ],
      "xDimension": [],
      "yDimension": [],
      "uaXDimension": [],
      "uaYDimension": [],
      "uaSize": [],
      "uaShape": [],
      "uaColor": [],
      "uaTooltip": [],
      "groupDimension": [],
      "xMeasure": [],
      "yMeasure": [],
      "colorMeasure": [],
      "sizeMeasure": [],
      "geometry": [],
      "tooltipMeasures": [],
      "boxplotBreakdownDim": [],
      "boxplotValue": [],
      "filters": [],
      "axis1LogScale": false,
      "axis2LogScale": false,
      "includeZero": true,
      "smoothing": true,
      "showLegend": true,
      "showXAxis": false,
      "showInChartValues": false,
      "showInChartLabels": true,
      "strokeWidth": 4,
      "fillOpacity": 0.6,
      "showXAxisLabel": false,
      "showYAxisLabel": true,
      "displayXAxis": true,
      "displayYAxis": true,
      "hexbinRadius": 20,
      "hexbinNumber": 20,
      "hexbinRadiusMode": "NUM_HEXAGONS",
      "yCustomExtent": {
        "editMode": "AUTO",
        "manualExtent": [
          null,
          null
        ]
      },
      "xCustomExtent": {
        "editMode": "AUTO",
        "manualExtent": [
          null,
          null
        ]
      },
      "chartHeight": 200,
      "singleXAxis": true,
      "multiTooltips": false,
      "animationFrameDuration": 3000,
      "animationRepeat": true,
      "colorOptions": {
        "singleColor": "#2678B1",
        "transparency": 0.75,
        "colorPalette": "__dku_custom__",
        "ccScaleMode": "NORMAL",
        "customPalette": {
          "id": "__dku_custom__",
          "name": "Custom Palette",
          "colors": [
            "#0d326c",
            "#aec7e8",
            "#ff7f0e",
            "#ffbb78",
            "#fc654e",
            "#4bc4af",
            "#d62728",
            "#ff9896",
            "#9467bd",
            "#c5b0d5",
            "#8c564b",
            "#c49c94",
            "#e377c2",
            "#f7b6d2",
            "#7f7f7f",
            "#c7c7c7",
            "#bcbd22",
            "#dbdb8d",
            "#17becf",
            "#9edae5",
            "#393b79",
            "#5254a3",
            "#6b6ecf",
            "#9c9ede",
            "#637939",
            "#8ca252",
            "#b5cf6b",
            "#cedb9c",
            "#8c6d31",
            "#bd9e39",
            "#e7ba52",
            "#e7cb94",
            "#843c39",
            "#ad494a",
            "#d6616b",
            "#e7969c",
            "#7b4173",
            "#a55194",
            "#ce6dbd",
            "#de9ed6"
          ],
          "values": [
            null,
            null,
            null,
            null,
            null,
            null,
            null,
            null,
            null,
            null,
            null,
            null,
            null,
            null,
            null,
            null,
            null,
            null,
            null,
            null,
            null,
            null,
            null,
            null,
            null,
            null,
            null,
            null,
            null,
            null,
            null,
            null,
            null,
            null,
            null,
            null,
            null,
            null,
            null,
            null
          ],
          "fixedValues": false
        },
        "paletteType": "CONTINUOUS",
        "quantizationMode": "NONE",
        "numQuantizeSteps": 5,
        "paletteMiddleValue": 0.0,
        "customColors": {
          "m_NPS_AVG_1": "#aec7e8",
          "m_predicted NPS_AVG_1": "#0d326c",
          "m_% detractor_AVG_1": "#d6616b",
          "m_% promoter_AVG_1": "#b5cf6b",
          "m_predicted % detractor_AVG_1": "#fc654e",
          "m_predicted % promoter_AVG_1": "#4bc4af"
        },
        "heatDensityMapIntensity": 0.5,
        "heatDensityMapRadius": 0.5
      },
      "bubblesOptions": {
        "defaultRadius": 5.0,
        "singleShape": "FILLED_CIRCLE"
      },
      "computeMode": "NORMAL",
      "xAxisMode": "NORMAL",
      "yAxisMode": "NORMAL",
      "pieOptions": {
        "donutHoleSize": 54.0
      },
      "scatterOptions": {
        "equalScales": false,
        "identityLine": false
      },
      "mapOptions": {
        "tilesLayer": "cartodb-positron",
        "lockSquareGrid": false
      },
      "mapGridOptions": {
        "gridLonDeg": 0.5,
        "gridLatDeg": 0.5
      },
      "disableSafetyLimits": false,
      "useLiveProcessingIfAvailable": true,
      "legendPlacement": "OUTER_BOTTOM"
    },
    "maxDataBytes": 157286400
  },
  "owner": "alexandra-houssin_student2021@wilder.school",
  "listed": false,
  "name": "Avg. of predicted NPS by date on forceast_df_prepared",
  "dashboardCreationId": "Cr11ymn",
  "versionTag": {
    "versionNumber": 10,
    "lastModifiedBy": {
      "login": "guillaume.arp@gmail.com"
    },
    "lastModifiedOn": 1642715883382
  },
  "creationTag": {
    "versionNumber": 0,
    "lastModifiedBy": {
      "login": "alexandra-houssin_student2021@wilder.school"
    },
    "lastModifiedOn": 1642706370350
  },
  "tags": [],
  "customFields": {},
  "checklists": {
    "checklists": []
  }
}