{
  "type": "metrics",
  "params": {
    "objectSmartId": "main_dataset_CES_get_dummies",
    "objectType": "DATASET",
    "metricId": "col_stats:MIN:NPS"
  },
  "owner": "aline-dubuy_student2021@wilder.school",
  "listed": false,
  "name": "Min of NPS on main_dataset_CES_get_dummies",
  "dashboardCreationId": "t4UH7Fb",
  "versionTag": {
    "versionNumber": 0,
    "lastModifiedBy": {
      "login": "aline-dubuy_student2021@wilder.school"
    },
    "lastModifiedOn": 1642718177456
  },
  "creationTag": {
    "versionNumber": 0,
    "lastModifiedBy": {
      "login": "aline-dubuy_student2021@wilder.school"
    },
    "lastModifiedOn": 1642718177456
  },
  "tags": [],
  "customFields": {},
  "checklists": {
    "checklists": []
  }
}