{
  "type": "managed-folder_content",
  "params": {
    "folderSmartId": "Rr2V4pe8",
    "filePath": "/wordcloud.png",
    "isDirectory": false
  },
  "owner": "aurore-lemaitre_student2021@wilder.school",
  "listed": false,
  "name": "Content of folder Promoters/wordcloud.png",
  "dashboardCreationId": "083B16y",
  "versionTag": {
    "versionNumber": 0,
    "lastModifiedBy": {
      "login": "aurore-lemaitre_student2021@wilder.school"
    },
    "lastModifiedOn": 1642631022848
  },
  "creationTag": {
    "versionNumber": 0,
    "lastModifiedBy": {
      "login": "aurore-lemaitre_student2021@wilder.school"
    },
    "lastModifiedOn": 1642631022848
  },
  "tags": [],
  "customFields": {},
  "checklists": {
    "checklists": []
  }
}