{
  "type": "metrics",
  "params": {
    "objectSmartId": "main_dataset",
    "objectType": "DATASET",
    "metricId": "python:% of detractors:Python probe"
  },
  "owner": "aline-dubuy_student2021@wilder.school",
  "listed": false,
  "name": "% of detractors (Python probe) of main_dataset",
  "dashboardCreationId": "Cr11ymn",
  "versionTag": {
    "versionNumber": 0,
    "lastModifiedBy": {
      "login": "aline-dubuy_student2021@wilder.school"
    },
    "lastModifiedOn": 1642683061624
  },
  "creationTag": {
    "versionNumber": 0,
    "lastModifiedBy": {
      "login": "aline-dubuy_student2021@wilder.school"
    },
    "lastModifiedOn": 1642683061624
  },
  "tags": [],
  "customFields": {},
  "checklists": {
    "checklists": []
  }
}