{
  "dashboardAuthorizations": {
    "allAuthorized": false,
    "authorizations": [
      {
        "objectRef": {
          "objectId": "manomano_dataset_stacked_prepared",
          "objectType": "DATASET"
        },
        "modes": [
          "READ"
        ]
      },
      {
        "objectRef": {
          "objectId": "main_dataset",
          "objectType": "DATASET"
        },
        "modes": [
          "READ"
        ]
      },
      {
        "objectRef": {
          "objectId": "dataset_comments_2grams",
          "objectType": "DATASET"
        },
        "modes": [
          "READ"
        ]
      },
      {
        "objectRef": {
          "objectId": "dataset_comments_prepared_3grams",
          "objectType": "DATASET"
        },
        "modes": [
          "READ"
        ]
      },
      {
        "objectRef": {
          "objectId": "Bar3hANf",
          "objectType": "MANAGED_FOLDER"
        },
        "modes": [
          "READ"
        ]
      },
      {
        "objectRef": {
          "objectId": "mJKhqG1y",
          "objectType": "MANAGED_FOLDER"
        },
        "modes": [
          "READ"
        ]
      },
      {
        "objectRef": {
          "objectId": "7xA1rOmv",
          "objectType": "MANAGED_FOLDER"
        },
        "modes": [
          "READ"
        ]
      },
      {
        "objectRef": {
          "objectId": "Rr2V4pe8",
          "objectType": "MANAGED_FOLDER"
        },
        "modes": [
          "READ"
        ]
      },
      {
        "objectRef": {
          "objectId": "main_dataset_CES",
          "objectType": "DATASET"
        },
        "modes": [
          "READ"
        ]
      },
      {
        "objectRef": {
          "objectId": "main_dataset_CES_get_dummies",
          "objectType": "DATASET"
        },
        "modes": [
          "READ"
        ]
      },
      {
        "objectRef": {
          "objectId": "main_dataset_tags_folded",
          "objectType": "DATASET"
        },
        "modes": [
          "READ"
        ]
      },
      {
        "objectRef": {
          "objectId": "main_dataset_payment_method",
          "objectType": "DATASET"
        },
        "modes": [
          "READ"
        ]
      },
      {
        "objectRef": {
          "objectId": "main_dataset_shipping_fees",
          "objectType": "DATASET"
        },
        "modes": [
          "READ"
        ]
      },
      {
        "objectRef": {
          "objectId": "percentage_score_per_date",
          "objectType": "DATASET"
        },
        "modes": [
          "READ"
        ]
      },
      {
        "objectRef": {
          "objectId": "percentage_score_per_date_prepared",
          "objectType": "DATASET"
        },
        "modes": [
          "READ"
        ]
      },
      {
        "objectRef": {
          "objectId": "forceast_df_prepared",
          "objectType": "DATASET"
        },
        "modes": [
          "READ"
        ]
      },
      {
        "objectRef": {
          "objectId": "Day_of_the_week",
          "objectType": "DATASET"
        },
        "modes": [
          "READ"
        ]
      }
    ]
  },
  "exposedObjects": {
    "objects": []
  },
  "projectType": "REGULAR",
  "projectAppType": "APP_TEMPLATE",
  "owner": "guillaume.arp@gmail.com",
  "permissionsVersion": "V2",
  "permissions": [
    {
      "group": "space_administrators",
      "admin": true,
      "readProjectContent": false,
      "writeProjectContent": false,
      "exportDatasetsData": false,
      "readDashboards": false,
      "writeDashboards": false,
      "moderateDashboards": false,
      "shareToWorkspaces": false,
      "runScenarios": false,
      "manageDashboardAuthorizations": false,
      "manageExposedElements": false,
      "manageAdditionalDashboardUsers": false,
      "executeApp": false
    }
  ],
  "additionalDashboardUsers": {
    "users": []
  },
  "tutorialProject": false,
  "settings": {
    "flowAnchorSourcesAndSinks": true,
    "flowDisplaySettings": {
      "zonesGraphRenderingAlgorithm": "DOT_OLDRANK",
      "zonesGraphConnectZones": true
    },
    "gitCommitMode": "AUTO",
    "disableAutomaticTriggers": false,
    "integrations": {
      "integrations": []
    },
    "flowBuildSettings": {
      "mergeSparkPipelines": false,
      "pruneBeforeSparkPipelines": true,
      "mergeSqlPipelines": false,
      "pruneBeforeSqlPipelines": true
    },
    "limitsSettings": {
      "memSampleBytes": {
        "soft": -1,
        "hard": -1
      },
      "shakerMemTableBytes": {
        "soft": -1,
        "hard": -1
      },
      "attachmentBytes": {
        "soft": -1,
        "hard": -1
      }
    },
    "relocationSettings": {
      "sqlLikeRecipesInitializationMode": "RESOLVED_TABLE_REFERENCES"
    },
    "recipeEnginesPreferences": {
      "forbiddenEngines": [],
      "enginesPreferenceOrder": [],
      "forbiddenByRecipeType": {},
      "preferenceByRecipeType": {}
    },
    "codeEnvs": {
      "python": {
        "mode": "INHERIT",
        "preventOverride": false
      },
      "r": {
        "mode": "INHERIT",
        "preventOverride": false
      },
      "julia": {
        "mode": "INHERIT",
        "preventOverride": false
      }
    },
    "container": {
      "containerMode": "INHERIT"
    },
    "datasetsCreationSettings": {
      "useGlobal": true,
      "preferedStorageFormats": "CSV_ESCAPING_NOGZIP_FORHIVE,CSV_EXCEL_GZIP,PARQUET_HIVE",
      "virtualizable": false,
      "allowUploadsWithoutConnection": true
    },
    "hiveEngineCreationSettings": {
      "useGlobal": true,
      "executionEngine": "HIVECLI_LOCAL"
    },
    "sparkEngineCreationSettings": {
      "useGlobal": true,
      "executionEngine": "SPARK_SUBMIT",
      "useGlobalMetastore": false
    },
    "impalaEngineCreationSettings": {
      "useGlobal": true,
      "streamMode": true
    },
    "wikiSettings": {
      "promoted": false
    },
    "cluster": {
      "clusterMode": "INHERIT"
    },
    "k8sCluster": {
      "clusterMode": "INHERIT"
    },
    "virtualWebAppBackendSettings": {
      "mode": "INHERIT",
      "preventOverride": false,
      "infra": {
        "containerSelection": {
          "containerMode": "INHERIT"
        },
        "overrideGlobalK8sExposition": false,
        "exposition": {
          "type": "local_process",
          "params": {}
        },
        "scaling": {
          "initialReplicas": 1,
          "hpa": false,
          "hpaTargetCPUPercent": 0,
          "hpaMetrics": [],
          "hpaMinPods": 0,
          "hpaMaxPods": 0,
          "hpaAnnotations": []
        },
        "deploymentModifier": {}
      }
    }
  },
  "name": "Mano Mano",
  "imgPattern": 2,
  "showInitials": false,
  "metrics": {
    "probes": [],
    "engineConfig": {
      "padRunsWithMetrics": false,
      "hive": {
        "active": true,
        "extraConf": []
      },
      "basic": {},
      "dss": {
        "active": true,
        "selection": {
          "useMemTable": false,
          "filter": {
            "distinct": false,
            "enabled": false
          },
          "partitionSelectionMethod": "ALL",
          "latestPartitionsN": 1,
          "ordering": {
            "enabled": false,
            "rules": []
          },
          "samplingMethod": "FULL",
          "maxRecords": -1,
          "targetRatio": 0.02,
          "withinFirstN": -1,
          "maxReadUncompressedBytes": -1
        }
      },
      "sql": {
        "active": true
      },
      "impala": {
        "active": true
      },
      "spark": {
        "active": true,
        "extraConf": []
      },
      "python": {}
    },
    "displayedState": {
      "columns": [],
      "metrics": []
    }
  },
  "metricsChecks": {
    "runOnBuild": false,
    "checks": [],
    "displayedState": {
      "checks": []
    }
  },
  "versionTag": {
    "versionNumber": 56,
    "lastModifiedBy": {
      "login": "aline-dubuy_student2021@wilder.school"
    },
    "lastModifiedOn": 1642726507689
  },
  "creationTag": {
    "versionNumber": 0,
    "lastModifiedBy": {
      "login": "guillaume.arp@gmail.com"
    },
    "lastModifiedOn": 1642265024037
  },
  "shortDesc": "The project *Mano Mano* was created by guillaume.arp on Jan 15th 2022",
  "tags": [],
  "customFields": {},
  "checklists": {
    "checklists": [
      {
        "title": "Your new project\u0027s Todo",
        "createdOn": 0,
        "items": [
          {
            "done": true,
            "text": "Create the project",
            "createdOn": 1642265024042,
            "createdBy": "guillaume.arp@gmail.com",
            "stateChangedOn": 0
          },
          {
            "done": true,
            "text": "Stacking datasets",
            "createdOn": 1642590953535,
            "createdBy": "aurore-lemaitre_student2021@wilder.school",
            "stateChangedOn": 0
          },
          {
            "done": true,
            "text": "Preparing dataset",
            "createdOn": 1642590968080,
            "createdBy": "aurore-lemaitre_student2021@wilder.school",
            "stateChangedOn": 0
          },
          {
            "done": true,
            "text": "get_dummies sur les tags",
            "createdOn": 1642609065951,
            "createdBy": "aurore-lemaitre_student2021@wilder.school",
            "stateChangedOn": 0
          }
        ]
      }
    ]
  }
}