{
  "params": {
    "ttPolicy": "SPLIT_SINGLE_DATASET",
    "ssdSplitMode": "RANDOM",
    "splitBeforePrepare": true,
    "ssdSelection": {
      "useMemTable": false,
      "filter": {
        "distinct": false,
        "enabled": false
      },
      "partitionSelectionMethod": "ALL",
      "latestPartitionsN": 1,
      "ordering": {
        "enabled": false,
        "rules": []
      },
      "samplingMethod": "HEAD_SEQUENTIAL",
      "maxRecords": 10000,
      "targetRatio": 0.02,
      "withinFirstN": -1,
      "maxReadUncompressedBytes": -1
    },
    "ssdTrainingRatio": 0.75,
    "ssdSeed": 1337,
    "testOnLargerValues": true,
    "kfold": false,
    "nFolds": 5,
    "instanceIdRefresher": 0,
    "subSamplingSeed": 1337
  },
  "generationDate": 1642670837480,
  "policyId": "type\u003dSPLIT_SINGLE_DATASET,split\u003dRANDOM,splitBeforePrepare\u003dtrue,ds\u003dmain_dataset,sel\u003d(method\u003dhead-s,records\u003d10000),r\u003d0.75,s\u003d1337",
  "instanceId": "71e4f26d247738046403cf18f8eb0591-0",
  "format": "csv1",
  "schema": {
    "columns": [
      {"name":"id","type":"bigint"},
      {"name":"comment","type":"string"},
      {"name":"tokens","type":"string"},
      {"name":"original_comment","type":"string"},
      {"name":"Customer_Effort_Score","type":"bigint"},
      {"name":"Customer_Effort_Score_copy","type":"string"},
      {"name":"Customer_Effort_Score_category","type":"string"},
      {"name":"created_at","type":"date"},
      {"name":"date","type":"string"},
      {"name":"date_parsed","type":"date"},
      {"name":"day","type":"string"},
      {"name":"month","type":"string"},
      {"name":"is_mf","type":"boolean"},
      {"name":"device","type":"string"},
      {"name":"browser","type":"string"},
      {"name":"operating_system","type":"string"},
      {"name":"family","type":"string"},
      {"name":"is_b2b","type":"string"},
      {"name":"reason","type":"string"},
      {"name":"category","type":"string"},
      {"name":"country","type":"string"},
      {"name":"GeoPoint","type":"string"},
      {"name":"provider","type":"string"},
      {"name":"first_order","type":"boolean"},
      {"name":"nb_articles","type":"bigint"},
      {"name":"csat_presales","type":"string"},
      {"name":"shipping_fees","type":"string"},
      {"name":"bv_transaction","type":"string"},
      {"name":"payment_method","type":"string"},
      {"name":"last_paid_channel","type":"string"},
      {"name":"has_presales_contact","type":"boolean"},
      {"name":"has_manodvisor_contact","type":"boolean"},
      {"name":"shipping_fees_bucket","type":"string"},
      {"name":"bv_transaction_bucket","type":"string"},
      {"name":"themes","type":"string"},
      {"name":"tags","type":"string"},
      {"name":"Tags_  Delivery Fees","type":"bigint"},
      {"name":"Tags_  Finding Compatible Products","type":"bigint"},
      {"name":"Tags_ Returns Info","type":"bigint"},
      {"name":"Tags_ Lacking Payment Methods","type":"bigint"},
      {"name":"Tags_  Delivery Options","type":"bigint"},
      {"name":"Tags_ Signup/Login","type":"bigint"},
      {"name":"Tags_  Product Info","type":"bigint"},
      {"name":"Tags_ Using Coupons","type":"bigint"},
      {"name":"Tags_  Finding Products","type":"bigint"},
      {"name":"Tags_ Difficulty Paying","type":"bigint"},
      {"name":"Tags_ Presales Support","type":"bigint"}
    ],
    "userModified": false
  },
  "trainPath": "train-71e4f26d247738046403cf18f8eb0591-0.csv.gz",
  "testPath": "test-71e4f26d247738046403cf18f8eb0591-0.csv.gz",
  "trainRows": 7488,
  "testRows": 2512,
  "fullRows": 0
}