{
    "per_feature": {
        "date": {
            "stats": {}
        },
        "reason": {
            "stats": {}
        },
        "country": {
            "stats": {
                "mostFrequentValue": "FR",
                "leastFrequentValue": "DE"
            },
            "dropped_modality": "DE",
            "category_possible_values": [
                "FR",
                "IT",
                "GB",
                "ES"
            ],
            "category_possible_counts": [
                35230,
                8609,
                6398,
                6293
            ]
        },
        "Tags_ Lacking Payment Methods": {
            "stats": {}
        },
        "Tags_  Product Info": {
            "stats": {}
        },
        "email quality": {
            "stats": {}
        },
        "Tags_ Using Coupons": {
            "stats": {}
        },
        "nb_of_the_day": {
            "stats": {}
        },
        "Tags_  Finding Compatible Products": {
            "stats": {}
        },
        " guest account": {
            "stats": {}
        },
        "GeoPoint": {
            "stats": {}
        },
        "themes": {
            "stats": {}
        },
        "is_b2b": {
            "stats": {}
        },
        "id": {
            "stats": {}
        },
        "day": {
            "stats": {}
        },
        "payment_method": {
            "stats": {
                "mostFrequentValue": "visa",
                "leastFrequentValue": "cb"
            },
            "dropped_modality": "cb",
            "category_possible_values": [
                "visa",
                "paypal",
                "mastercard",
                "oney3x",
                "payment-intent",
                "transfer",
                "sofort"
            ],
            "category_possible_counts": [
                24153,
                17964,
                16777,
                725,
                533,
                342,
                152
            ]
        },
        "Customer_Effort_Score": {
            "stats": {}
        },
        "Tags_  Finding Products": {
            "stats": {}
        },
        "nb_of_the_month": {
            "stats": {}
        },
        "has_presales_contact": {
            "stats": {
                "mostFrequentValue": "false",
                "leastFrequentValue": "true"
            },
            "dropped_modality": "true",
            "category_possible_values": [
                "false"
            ],
            "category_possible_counts": [
                60414
            ]
        },
        "bv_transaction_bucket": {
            "stats": {
                "mostFrequentValue": "001 - 100",
                "leastFrequentValue": "0"
            },
            "dropped_modality": "0",
            "category_possible_values": [
                "001 - 100",
                "101 - 150",
                "151 - 200",
                "201 - 300",
                "301 - 400",
                "401 - 500",
                "601 - 800",
                "501 - 600",
                "801 - 1000",
                "1001 - 2000",
                "2000 +"
            ],
            "category_possible_counts": [
                42836,
                6793,
                3873,
                3456,
                1547,
                744,
                463,
                422,
                243,
                240,
                37
            ]
        },
        "bv_transaction": {
            "stats": {
                "min": 0.96,
                "average": 104.4619877998946,
                "median": 58.0,
                "max": 4928.88,
                "p99": 752.2255999999988,
                "std": 159.0843569028983
            },
            "missing_impute_with_value": 104.4619877998946
        },
        "tags": {
            "stats": {}
        },
        "is_mf": {
            "stats": {
                "mostFrequentValue": "false",
                "leastFrequentValue": "true"
            },
            "dropped_modality": "true",
            "category_possible_values": [
                "false"
            ],
            "category_possible_counts": [
                57537
            ]
        },
        "month": {
            "stats": {}
        },
        "Tags_  Delivery Options": {
            "stats": {}
        },
        "position": {
            "stats": {}
        },
        "device": {
            "stats": {
                "mostFrequentValue": "desktop",
                "leastFrequentValue": "tablet"
            },
            "dropped_modality": "tablet",
            "category_possible_values": [
                "desktop",
                "phone"
            ],
            "category_possible_counts": [
                38142,
                17802
            ]
        },
        "shipping_fees": {
            "stats": {
                "min": 0.0,
                "average": 4.58120929849126,
                "median": 0.0,
                "max": 300.0,
                "p99": 40.88379999999997,
                "std": 9.265016556919758
            },
            "missing_impute_with_value": 4.58120929849126
        },
        "Tags_ Difficulty Paying": {
            "stats": {}
        },
        "Tags_ Presales Support": {
            "stats": {}
        },
        "created_at": {
            "stats": {}
        },
        "Customer_Effort_Score_copy": {
            "stats": {}
        },
        "provider": {
            "stats": {
                "mostFrequentValue": "vidaXL",
                "leastFrequentValue": "Textile Concept"
            },
            "category_possible_values": [
                "vidaXL",
                "Songmics",
                "WilTec",
                "Aosom",
                "ID Market",
                "Sos_access",
                "A Super Mall",
                "Maxoutil",
                "Made4home",
                "Deuba",
                "Electropapa",
                "relaxdays",
                "Plumbworld",
                "BES Elettronica",
                "Outillage de Saint Etienne",
                "Espace-B",
                "DOMO ONLINE",
                "Living and Home",
                "Bakaji",
                "STOEX",
                "Conrad",
                "Arebos",
                "Brico Concept",
                "tectake",
                "Aosom France",
                "Produce Shop",
                "BCIE",
                "SoBuy",
                "FDS",
                "HUANSTONG",
                "Happy Shopping",
                "ADEPEM",
                "Webmotoculture",
                "GT GROUP",
                "Espinosa",
                "SVH",
                "Home Discount Ltd.",
                "BricoT",
                "Cayenne MF",
                "Deuba ",
                "Coremplus",
                "Value Lights",
                "GetGoods",
                "Jardimax",
                "Alexis Robert",
                "Provence Outillage",
                "AlicesGarden",
                "Elegant Showers",
                "Westfalia Brico",
                "Yeppon",
                "Rubinetteriashop",
                "Yaheetech",
                "Provence Outillage MF",
                "Maxoutil.",
                "CentraleBrico",
                "BuyaParcel",
                "Aosom MF IT",
                "Ecoland's",
                "Ecoland",
                "Wiltec",
                "electronic-star",
                "Expertbynet",
                "Aosom France MF",
                "TackLife",
                "BVM Pi\u00e8ces",
                "Mon Magasin G\u00e9n\u00e9ral",
                "R.On.",
                "Powertoolmate",
                "Maxter Accessoires",
                "LSDLP",
                "sanitaire-distribution",
                "Livea",
                "KEROPPA",
                "Outillage online",
                "FIXTOUT",
                "Pi\u00e8ces Pneus",
                "Homelody",
                "Images Shopping ",
                "La Maison Electrique",
                "MTS",
                "Mobil Meubles",
                "OC-PRO",
                "Enexo",
                "Sanundo",
                "Thsinde FR",
                "Trade Shop",
                "Besoin D'Habitat",
                "Yaheetech UK",
                "EDesign",
                "EMC Motoculture",
                "Habitat&Jardin",
                "DIEFFEMATIC",
                "Electropolis",
                "Bearsu",
                "Ledkia",
                "Europalamp",
                "Centrocom",
                "Nouveaux Marchands",
                "ECD-Germany",
                "Cablematic",
                "Jardiaffaires"
            ],
            "category_possible_counts": [
                3190,
                1317,
                1171,
                928,
                891,
                804,
                697,
                678,
                519,
                436,
                398,
                378,
                328,
                322,
                318,
                314,
                310,
                305,
                303,
                297,
                295,
                291,
                280,
                272,
                270,
                267,
                265,
                261,
                260,
                260,
                254,
                252,
                251,
                240,
                237,
                233,
                232,
                230,
                229,
                225,
                214,
                212,
                211,
                200,
                189,
                181,
                180,
                179,
                175,
                170,
                166,
                164,
                162,
                160,
                158,
                154,
                154,
                152,
                146,
                143,
                141,
                141,
                141,
                140,
                138,
                134,
                127,
                127,
                126,
                125,
                121,
                121,
                121,
                120,
                120,
                118,
                118,
                117,
                117,
                116,
                115,
                115,
                113,
                113,
                111,
                110,
                110,
                110,
                108,
                106,
                106,
                105,
                105,
                105,
                104,
                104,
                104,
                104,
                103,
                102,
                100
            ]
        },
        "browser": {
            "stats": {
                "mostFrequentValue": "Chrome",
                "leastFrequentValue": "UC Browser"
            },
            "dropped_modality": "UC Browser",
            "category_possible_values": [
                "Chrome",
                "Chrome Mobile",
                "Edge",
                "Firefox",
                "Safari",
                "Mobile Safari",
                "Samsung Internet",
                "Google",
                "Chrome Mobile iOS",
                "Facebook",
                "Opera",
                "Other",
                "Chrome Mobile WebView",
                "MiuiBrowser",
                "Firefox Mobile",
                "Amazon Silk",
                "Mobile Safari UI/WKWebView",
                "Edge Mobile",
                "Instagram",
                "Firefox iOS",
                "Opera Mobile",
                "Apple Mail",
                "Pinterest",
                "Chromium",
                "Waterfox",
                "Maxthon",
                "Pale Moon",
                "Sogou Explorer"
            ],
            "category_possible_counts": [
                22469,
                10069,
                6131,
                5837,
                5523,
                4798,
                2012,
                1528,
                700,
                424,
                345,
                200,
                170,
                122,
                119,
                71,
                37,
                23,
                21,
                17,
                11,
                9,
                7,
                4,
                4,
                1,
                1,
                1
            ]
        },
        "csat_presales": {
            "stats": {
                "mostFrequentValue": "FALSE",
                "leastFrequentValue": "bad"
            },
            "dropped_modality": "bad",
            "category_possible_values": [
                "FALSE",
                "good",
                "neutral"
            ],
            "category_possible_counts": [
                60472,
                145,
                23
            ]
        },
        "operating_system": {
            "stats": {
                "mostFrequentValue": "Windows",
                "leastFrequentValue": "Other"
            },
            "dropped_modality": "Other",
            "category_possible_values": [
                "Windows",
                "Android",
                "iOS",
                "Mac OS",
                "Linux",
                "Chrome OS"
            ],
            "category_possible_counts": [
                30166,
                15313,
                7200,
                7068,
                461,
                247
            ]
        },
        "tokens": {
            "stats": {}
        },
        "original_comment": {
            "stats": {}
        },
        "date_parsed": {
            "stats": {}
        },
        "first_order": {
            "stats": {
                "mostFrequentValue": "false",
                "leastFrequentValue": "true"
            },
            "dropped_modality": "true",
            "category_possible_values": [
                "false"
            ],
            "category_possible_counts": [
                32421
            ]
        },
        "nb_articles": {
            "stats": {
                "min": 1.0,
                "average": 1.242865386200643,
                "median": 1.0,
                "max": 28.0,
                "p99": 4.0,
                "std": 0.7697386630036399
            },
            "missing_impute_with_value": 1.242865386200643
        },
        "has_manodvisor_contact": {
            "stats": {
                "mostFrequentValue": "false",
                "leastFrequentValue": "true"
            },
            "dropped_modality": "true",
            "category_possible_values": [
                "false"
            ],
            "category_possible_counts": [
                60559
            ]
        },
        "Tags_  Delivery Fees": {
            "stats": {}
        },
        "last_paid_channel": {
            "stats": {
                "mostFrequentValue": "SHOPBOT",
                "leastFrequentValue": "SMS"
            },
            "dropped_modality": "SMS",
            "category_possible_values": [
                "SHOPBOT",
                "DIRECT_ACCESS",
                "SEM",
                "SEO-SEARCH",
                "SEO-BRAND",
                "AFFILIATION",
                "EMAIL",
                "RETARGETING",
                "DISPLAY",
                "VIRAL-BRAND",
                "REFERING_SITE",
                "PINTEREST",
                "DISPLAY-BRAND"
            ],
            "category_possible_counts": [
                30224,
                10004,
                6743,
                4571,
                3393,
                1948,
                1746,
                1413,
                136,
                64,
                53,
                9,
                4
            ]
        },
        "Customer_Effort_Score_category": {
            "stats": {}
        },
        "Tags_ Signup/Login": {
            "stats": {}
        },
        "Tags_ Returns Info": {
            "stats": {}
        },
        "shipping_fees_bucket": {
            "stats": {
                "mostFrequentValue": "000",
                "leastFrequentValue": "101 - 500"
            },
            "dropped_modality": "101 - 500",
            "category_possible_values": [
                "000",
                "001 - 005",
                "006 - 010",
                "011 - 020",
                "020 - 050",
                "051 - 100"
            ],
            "category_possible_counts": [
                34100,
                10341,
                9789,
                4144,
                1908,
                319
            ]
        },
        "comment": {
            "stats": {}
        },
        "family": {
            "stats": {
                "mostFrequentValue": "Jardin piscine",
                "leastFrequentValue": "Construction mat\u00e9riaux"
            },
            "dropped_modality": "__DKU_N/A__",
            "category_possible_values": [
                "Jardin piscine",
                "Outillage",
                "Mobilier d'int\u00e9rieur",
                "Plomberie chauffage",
                "Quincaillerie",
                "Salle de bain, WC",
                "Luminaire",
                "Electricit\u00e9",
                "Animalerie",
                "Rev\u00eatement sol et mur",
                "Cuisine",
                "Construction mat\u00e9riaux"
            ],
            "category_possible_counts": [
                13458,
                10813,
                10332,
                4742,
                4151,
                4105,
                3918,
                3615,
                1785,
                1456,
                1352,
                923
            ]
        },
        "category": {
            "stats": {}
        }
    },
    "feature_order": [
        "date",
        "reason",
        "country",
        "Tags_ Lacking Payment Methods",
        "Tags_  Product Info",
        "email quality",
        "Tags_ Using Coupons",
        "nb_of_the_day",
        "Tags_  Finding Compatible Products",
        " guest account",
        "GeoPoint",
        "themes",
        "is_b2b",
        "id",
        "day",
        "payment_method",
        "Customer_Effort_Score",
        "Tags_  Finding Products",
        "nb_of_the_month",
        "has_presales_contact",
        "bv_transaction_bucket",
        "bv_transaction",
        "tags",
        "is_mf",
        "month",
        "Tags_  Delivery Options",
        "position",
        "device",
        "shipping_fees",
        "Tags_ Difficulty Paying",
        "Tags_ Presales Support",
        "created_at",
        "Customer_Effort_Score_copy",
        "provider",
        "browser",
        "csat_presales",
        "operating_system",
        "tokens",
        "original_comment",
        "date_parsed",
        "first_order",
        "nb_articles",
        "has_manodvisor_contact",
        "Tags_  Delivery Fees",
        "last_paid_channel",
        "Customer_Effort_Score_category",
        "Tags_ Signup/Login",
        "Tags_ Returns Info",
        "shipping_fees_bucket",
        "comment",
        "family",
        "category"
    ]
}