{
    "details": {
        "country": {
            "levels": [
                "FR",
                "IT",
                "GB",
                "ES"
            ],
            "with_others": false
        },
        "payment_method": {
            "levels": [
                "visa",
                "paypal",
                "mastercard",
                "oney3x",
                "payment-intent",
                "transfer",
                "sofort"
            ],
            "with_others": false
        },
        "has_presales_contact": {
            "levels": [
                "false"
            ],
            "with_others": false
        },
        "bv_transaction_bucket": {
            "levels": [
                "001 - 100",
                "101 - 150",
                "151 - 200",
                "201 - 300",
                "301 - 400",
                "401 - 500",
                "601 - 800",
                "501 - 600",
                "801 - 1000",
                "1001 - 2000",
                "2000 +"
            ],
            "with_others": false
        },
        "is_mf": {
            "levels": [
                "false"
            ],
            "with_others": false
        },
        "device": {
            "levels": [
                "desktop",
                "phone"
            ],
            "with_others": false
        },
        "provider": {
            "levels": [
                "vidaXL",
                "Songmics",
                "WilTec",
                "Aosom",
                "ID Market",
                "Sos_access",
                "A Super Mall",
                "Maxoutil",
                "Made4home",
                "Deuba",
                "Electropapa",
                "relaxdays",
                "Plumbworld",
                "BES Elettronica",
                "Outillage de Saint Etienne",
                "Espace-B",
                "DOMO ONLINE",
                "Living and Home",
                "Bakaji",
                "STOEX",
                "Conrad",
                "Arebos",
                "Brico Concept",
                "tectake",
                "Aosom France",
                "Produce Shop",
                "BCIE",
                "SoBuy",
                "FDS",
                "HUANSTONG",
                "Happy Shopping",
                "ADEPEM",
                "Webmotoculture",
                "GT GROUP",
                "Espinosa",
                "SVH",
                "Home Discount Ltd.",
                "BricoT",
                "Cayenne MF",
                "Deuba ",
                "Coremplus",
                "Value Lights",
                "GetGoods",
                "Jardimax",
                "Alexis Robert",
                "Provence Outillage",
                "AlicesGarden",
                "Elegant Showers",
                "Westfalia Brico",
                "Yeppon",
                "Rubinetteriashop",
                "Yaheetech",
                "Provence Outillage MF",
                "Maxoutil.",
                "CentraleBrico",
                "BuyaParcel",
                "Aosom MF IT",
                "Ecoland's",
                "Ecoland",
                "Wiltec",
                "electronic-star",
                "Expertbynet",
                "Aosom France MF",
                "TackLife",
                "BVM Pi\u00e8ces",
                "Mon Magasin G\u00e9n\u00e9ral",
                "R.On.",
                "Powertoolmate",
                "Maxter Accessoires",
                "LSDLP",
                "sanitaire-distribution",
                "Livea",
                "KEROPPA",
                "Outillage online",
                "FIXTOUT",
                "Pi\u00e8ces Pneus",
                "Homelody",
                "Images Shopping ",
                "La Maison Electrique",
                "MTS",
                "Mobil Meubles",
                "OC-PRO",
                "Enexo",
                "Sanundo",
                "Thsinde FR",
                "Trade Shop",
                "Besoin D'Habitat",
                "Yaheetech UK",
                "EDesign",
                "EMC Motoculture",
                "Habitat&Jardin",
                "DIEFFEMATIC",
                "Electropolis",
                "Bearsu",
                "Ledkia",
                "Europalamp",
                "Centrocom",
                "Nouveaux Marchands",
                "ECD-Germany",
                "Cablematic",
                "Jardiaffaires"
            ],
            "with_others": false
        },
        "browser": {
            "levels": [
                "Chrome",
                "Chrome Mobile",
                "Edge",
                "Firefox",
                "Safari",
                "Mobile Safari",
                "Samsung Internet",
                "Google",
                "Chrome Mobile iOS",
                "Facebook",
                "Opera",
                "Other",
                "Chrome Mobile WebView",
                "MiuiBrowser",
                "Firefox Mobile",
                "Amazon Silk",
                "Mobile Safari UI/WKWebView",
                "Edge Mobile",
                "Instagram",
                "Firefox iOS",
                "Opera Mobile",
                "Apple Mail",
                "Pinterest",
                "Chromium",
                "Waterfox",
                "Maxthon",
                "Pale Moon",
                "Sogou Explorer"
            ],
            "with_others": false
        },
        "csat_presales": {
            "levels": [
                "FALSE",
                "good",
                "neutral"
            ],
            "with_others": false
        },
        "operating_system": {
            "levels": [
                "Windows",
                "Android",
                "iOS",
                "Mac OS",
                "Linux",
                "Chrome OS"
            ],
            "with_others": false
        },
        "first_order": {
            "levels": [
                "false"
            ],
            "with_others": false
        },
        "has_manodvisor_contact": {
            "levels": [
                "false"
            ],
            "with_others": false
        },
        "last_paid_channel": {
            "levels": [
                "SHOPBOT",
                "DIRECT_ACCESS",
                "SEM",
                "SEO-SEARCH",
                "SEO-BRAND",
                "AFFILIATION",
                "EMAIL",
                "RETARGETING",
                "DISPLAY",
                "VIRAL-BRAND",
                "REFERING_SITE",
                "PINTEREST",
                "DISPLAY-BRAND"
            ],
            "with_others": false
        },
        "shipping_fees_bucket": {
            "levels": [
                "000",
                "001 - 005",
                "006 - 010",
                "011 - 020",
                "020 - 050",
                "051 - 100"
            ],
            "with_others": false
        },
        "family": {
            "levels": [
                "Jardin piscine",
                "Outillage",
                "Mobilier d'int\u00e9rieur",
                "Plomberie chauffage",
                "Quincaillerie",
                "Salle de bain, WC",
                "Luminaire",
                "Electricit\u00e9",
                "Animalerie",
                "Rev\u00eatement sol et mur",
                "Cuisine",
                "Construction mat\u00e9riaux"
            ],
            "with_others": false
        }
    }
}