{
  "name": "ETL",
  "color": "#8C2DA7",
  "items": [
    {
      "objectId": "country_latitude_and_longitude_prepared",
      "objectType": "DATASET"
    },
    {
      "objectId": "manomano_dataset_stacked",
      "objectType": "DATASET"
    },
    {
      "objectId": "world_country_and_usa_states_latitude_and_longitude_values",
      "objectType": "DATASET"
    },
    {
      "objectId": "manomano_dataset_august",
      "objectType": "DATASET"
    },
    {
      "objectId": "manomano_dataset_october",
      "objectType": "DATASET"
    },
    {
      "objectId": "manomano_dataset_november",
      "objectType": "DATASET"
    },
    {
      "objectId": "manomano_dataset_september",
      "objectType": "DATASET"
    },
    {
      "objectId": "compute_country_latitude_and_longitude_prepared",
      "objectType": "RECIPE"
    },
    {
      "objectId": "compute_manomano_dataset_stacked",
      "objectType": "RECIPE"
    },
    {
      "objectId": "data_cleaning",
      "objectType": "RECIPE"
    },
    {
      "objectId": "main_dataset",
      "objectType": "DATASET"
    }
  ],
  "shared": [],
  "tags": [],
  "customFields": {},
  "checklists": {
    "checklists": []
  }
}