{
  "name": "Prediction",
  "color": "#087ABF",
  "items": [
    {
      "objectId": "percentage_score_per_date",
      "objectType": "DATASET"
    },
    {
      "objectId": "percentage_score_per_date_prepared",
      "objectType": "DATASET"
    },
    {
      "objectId": "resemple",
      "objectType": "DATASET"
    },
    {
      "objectId": "XHxreSjZ",
      "objectType": "MANAGED_FOLDER"
    },
    {
      "objectId": "forceast_df",
      "objectType": "DATASET"
    },
    {
      "objectId": "perf_metrics",
      "objectType": "DATASET"
    },
    {
      "objectId": "eval_df",
      "objectType": "DATASET"
    },
    {
      "objectId": "compute_percentage_score_per_date",
      "objectType": "RECIPE"
    },
    {
      "objectId": "compute_percentage_score_per_date_prepared",
      "objectType": "RECIPE"
    },
    {
      "objectId": "compute_resemple",
      "objectType": "RECIPE"
    },
    {
      "objectId": "compute_XHxreSjZ",
      "objectType": "RECIPE"
    },
    {
      "objectId": "compute_forceast_df",
      "objectType": "RECIPE"
    },
    {
      "objectId": "forceast_df_prepared",
      "objectType": "DATASET"
    },
    {
      "objectId": "compute_forceast_df_prepared",
      "objectType": "RECIPE"
    },
    {
      "objectId": "Day_of_the_week",
      "objectType": "DATASET"
    },
    {
      "objectId": "compute_Day_of_the_week",
      "objectType": "RECIPE"
    }
  ],
  "shared": [],
  "tags": [],
  "customFields": {},
  "checklists": {
    "checklists": []
  }
}