{
  "name": "NLP",
  "color": "#C54F00",
  "items": [
    {
      "objectId": "dataset_comments",
      "objectType": "DATASET"
    },
    {
      "objectId": "compute_dataset_comments",
      "objectType": "RECIPE"
    },
    {
      "objectId": "dataset_comments_tokens_test",
      "objectType": "DATASET"
    },
    {
      "objectId": "compute_dataset_comments_tokens_test",
      "objectType": "RECIPE"
    },
    {
      "objectId": "dataset_comments_2grams",
      "objectType": "DATASET"
    },
    {
      "objectId": "compute_dataset_comments_2grams",
      "objectType": "RECIPE"
    },
    {
      "objectId": "dataset_comments_prepared_3grams",
      "objectType": "DATASET"
    },
    {
      "objectId": "compute_dataset_comments_prepared_3grams",
      "objectType": "RECIPE"
    },
    {
      "objectId": "compute_dataset_comments_tokens_promoters",
      "objectType": "RECIPE"
    },
    {
      "objectId": "dataset_comments_tokens_promoters",
      "objectType": "DATASET"
    },
    {
      "objectId": "compute_dataset_comments_tokens_Detractors",
      "objectType": "RECIPE"
    },
    {
      "objectId": "dataset_comments_tokens_Detractors",
      "objectType": "DATASET"
    },
    {
      "objectId": "compute_dataset_comments_tokens_Passives",
      "objectType": "RECIPE"
    },
    {
      "objectId": "dataset_comments_tokens_Passives",
      "objectType": "DATASET"
    },
    {
      "objectId": "compute_mJKhqG1y",
      "objectType": "RECIPE"
    },
    {
      "objectId": "mJKhqG1y",
      "objectType": "MANAGED_FOLDER"
    },
    {
      "objectId": "compute_7xA1rOmv",
      "objectType": "RECIPE"
    },
    {
      "objectId": "7xA1rOmv",
      "objectType": "MANAGED_FOLDER"
    },
    {
      "objectId": "compute_Rr2V4pe8",
      "objectType": "RECIPE"
    },
    {
      "objectId": "Rr2V4pe8",
      "objectType": "MANAGED_FOLDER"
    }
  ],
  "shared": [],
  "tags": [],
  "customFields": {},
  "checklists": {
    "checklists": []
  }
}