{
    "per_feature": {
        "date": {
            "stats": {}
        },
        "reason": {
            "stats": {}
        },
        "country": {
            "stats": {
                "mostFrequentValue": "FR",
                "leastFrequentValue": "DE"
            },
            "category_possible_values": [
                "FR",
                "GB",
                "IT",
                "ES",
                "DE"
            ],
            "category_possible_counts": [
                4466,
                911,
                871,
                854,
                386
            ]
        },
        "shipping_fees": {
            "stats": {
                "mostFrequentValue": "0",
                "leastFrequentValue": "18,53"
            },
            "category_possible_values": [
                "0",
                "5,9",
                "4,9",
                "10,5",
                "6,9",
                "4,95",
                "2,99",
                "4,99",
                "3,95",
                "5,95",
                "9,9",
                "6",
                "7,9",
                "8,9",
                "5",
                "9,99",
                "5,5",
                "7",
                "9",
                "4",
                "5,99",
                "6,5",
                "3,9",
                "3,5",
                "2,95",
                "23,9",
                "3,99",
                "10",
                "7,5",
                "8",
                "10,9",
                "6,99",
                "13,99",
                "8,5",
                "6,95",
                "19,9",
                "7,99",
                "1,99",
                "12",
                "11",
                "8,95",
                "4,5",
                "10,99",
                "8,49",
                "13,9",
                "5,89",
                "4,85",
                "21,9",
                "15",
                "11,9",
                "20",
                "8,99",
                "12,9",
                "4,75",
                "5,49",
                "13,5",
                "5,6",
                "14,9",
                "12,5",
                "15,95",
                "12,95",
                "6,3",
                "7,95",
                "3,03",
                "15,8",
                "30",
                "9,84",
                "4,2",
                "7,8",
                "6,7",
                "24,99",
                "19,99",
                "14,95",
                "5,35",
                "6,49",
                "7,7",
                "25,9",
                "5,7",
                "18,9",
                "49",
                "14",
                "4,59",
                "10,95",
                "8,34",
                "16,5",
                "2,5",
                "6,6",
                "11,99",
                "6,61",
                "5,79",
                "12,8",
                "14,5",
                "4,8",
                "11,5",
                "8,7",
                "15,9",
                "59",
                "2,2",
                "9,5",
                "6,4",
                "3,94"
            ],
            "category_possible_counts": [
                4196,
                129,
                124,
                119,
                104,
                95,
                88,
                83,
                79,
                68,
                66,
                56,
                53,
                50,
                47,
                46,
                45,
                42,
                41,
                41,
                39,
                36,
                35,
                34,
                34,
                32,
                31,
                31,
                30,
                29,
                29,
                28,
                27,
                27,
                26,
                23,
                22,
                22,
                19,
                19,
                18,
                17,
                17,
                17,
                16,
                15,
                15,
                14,
                14,
                14,
                14,
                13,
                13,
                13,
                12,
                12,
                12,
                12,
                11,
                11,
                11,
                10,
                10,
                10,
                10,
                10,
                10,
                10,
                9,
                9,
                9,
                9,
                8,
                8,
                8,
                8,
                8,
                8,
                8,
                7,
                7,
                7,
                7,
                7,
                7,
                7,
                7,
                7,
                7,
                6,
                6,
                6,
                6,
                6,
                6,
                6,
                6,
                6,
                6,
                6,
                5
            ]
        },
        "Tags_ Lacking Payment Methods": {
            "stats": {}
        },
        "Tags_ Difficulty Paying": {
            "stats": {}
        },
        "Tags_ Presales Support": {
            "stats": {}
        },
        "Tags_  Product Info": {
            "stats": {}
        },
        "created_at": {
            "stats": {}
        },
        "Customer_Effort_Score_copy": {
            "stats": {}
        },
        "Tags_ Using Coupons": {
            "stats": {}
        },
        "Tags_  Finding Compatible Products": {
            "stats": {}
        },
        "GeoPoint": {
            "stats": {}
        },
        "themes": {
            "stats": {}
        },
        "is_b2b": {
            "stats": {}
        },
        "provider": {
            "stats": {}
        },
        "browser": {
            "stats": {
                "mostFrequentValue": "Chrome",
                "leastFrequentValue": "Waterfox"
            },
            "category_possible_values": [
                "Chrome",
                "Chrome Mobile",
                "Edge",
                "Firefox",
                "Mobile Safari",
                "Safari",
                "Samsung Internet",
                "Google",
                "Chrome Mobile iOS",
                "Facebook",
                "Opera",
                "Chrome Mobile WebView",
                "Firefox Mobile",
                "MiuiBrowser",
                "Amazon Silk",
                "Other",
                "Firefox iOS",
                "Instagram",
                "Edge Mobile",
                "Mobile Safari UI/WKWebView",
                "Opera Mobile",
                "Waterfox"
            ],
            "category_possible_counts": [
                2735,
                1226,
                734,
                722,
                660,
                648,
                248,
                201,
                97,
                80,
                45,
                30,
                15,
                14,
                10,
                7,
                5,
                4,
                3,
                2,
                1,
                1
            ]
        },
        "csat_presales": {
            "stats": {
                "mostFrequentValue": "FALSE",
                "leastFrequentValue": "bad"
            },
            "category_possible_values": [
                "FALSE",
                "good",
                "neutral",
                "bad"
            ],
            "category_possible_counts": [
                7459,
                23,
                4,
                2
            ]
        },
        "operating_system": {
            "stats": {
                "mostFrequentValue": "Windows",
                "leastFrequentValue": "Other"
            },
            "category_possible_values": [
                "Windows",
                "Android",
                "iOS",
                "Mac OS",
                "Linux",
                "Chrome OS",
                "Other"
            ],
            "category_possible_counts": [
                3657,
                1908,
                993,
                845,
                51,
                27,
                7
            ]
        },
        "tokens": {
            "stats": {}
        },
        "id": {
            "stats": {}
        },
        "original_comment": {
            "stats": {}
        },
        "day": {
            "stats": {
                "mostFrequentValue": "lundi",
                "leastFrequentValue": "vendredi"
            },
            "category_possible_values": [
                "lundi",
                "dimanche",
                "mardi",
                "mercredi",
                "jeudi",
                "samedi",
                "vendredi"
            ],
            "category_possible_counts": [
                1655,
                1327,
                1086,
                1024,
                889,
                755,
                752
            ]
        },
        "payment_method": {
            "stats": {
                "mostFrequentValue": "visa",
                "leastFrequentValue": "cb"
            },
            "category_possible_values": [
                "visa",
                "paypal",
                "mastercard",
                "oney3x",
                "transfer",
                "payment-intent",
                "sofort",
                "cb"
            ],
            "category_possible_counts": [
                3023,
                2156,
                2107,
                109,
                40,
                29,
                17,
                7
            ]
        },
        "Customer_Effort_Score": {
            "stats": {}
        },
        "date_parsed": {
            "stats": {}
        },
        "first_order": {
            "stats": {
                "mostFrequentValue": "false",
                "leastFrequentValue": "true"
            },
            "category_possible_values": [
                "false",
                "true"
            ],
            "category_possible_counts": [
                4088,
                3400
            ]
        },
        "nb_articles": {
            "stats": {
                "min": 1.0,
                "average": 1.2374465811965811,
                "median": 1.0,
                "max": 14.0,
                "p99": 4.0,
                "std": 0.7109045869355716
            },
            "missing_impute_with_value": 1.2374465811965811
        },
        "has_manodvisor_contact": {
            "stats": {
                "mostFrequentValue": "false",
                "leastFrequentValue": "true"
            },
            "category_possible_values": [
                "false",
                "true"
            ],
            "category_possible_counts": [
                7476,
                12
            ]
        },
        "Tags_  Finding Products": {
            "stats": {}
        },
        "has_presales_contact": {
            "stats": {
                "mostFrequentValue": "false",
                "leastFrequentValue": "true"
            },
            "category_possible_values": [
                "false",
                "true"
            ],
            "category_possible_counts": [
                7431,
                57
            ]
        },
        "Tags_  Delivery Fees": {
            "stats": {}
        },
        "bv_transaction_bucket": {
            "stats": {}
        },
        "bv_transaction": {
            "stats": {
                "mostFrequentValue": "59,99",
                "leastFrequentValue": "131,51"
            },
            "category_possible_values": [
                "59,99",
                "39,99",
                "89,99",
                "49,99",
                "79,99",
                "39,9",
                "69,99",
                "29,99",
                "19,99",
                "24,99",
                "99,99",
                "119,99",
                "34,99",
                "44,99",
                "27,99",
                "14,99",
                "54,99",
                "89,9",
                "23,99",
                "139,99",
                "42,99",
                "64,99",
                "31,99",
                "17,99",
                "49,9",
                "21,99",
                "55,99",
                "37,99",
                "43,99",
                "199,99",
                "28,99",
                "109,99",
                "18,99",
                "46,99",
                "149,99",
                "22,99",
                "75,99",
                "36,99",
                "30,99",
                "34,9",
                "35,99",
                "16,99",
                "33,99",
                "25,99",
                "15,99",
                "69,9",
                "45,99",
                "99,9",
                "74,99",
                "129,99",
                "29,95",
                "29,9",
                "67,99",
                "103,99",
                "59,95",
                "86,99",
                "179,99",
                "159",
                "19,8",
                "129,9",
                "109,9",
                "89,95",
                "84,99",
                "65,99",
                "61,99",
                "52,99",
                "69,95",
                "94,9",
                "62,99",
                "114,99",
                "145,99",
                "119,9",
                "38,99",
                "33,9",
                "98,99",
                "37,95",
                "22,95",
                "58,99",
                "56,99",
                "68,99",
                "134,99",
                "72,99",
                "32,9",
                "32,99",
                "60,99",
                "53,99",
                "59,9",
                "20,99",
                "57,99",
                "189,99",
                "79,9",
                "117,99",
                "35,98",
                "159,99",
                "48,99",
                "12,99",
                "124,99",
                "94,99",
                "149,9",
                "144,9",
                "199"
            ],
            "category_possible_counts": [
                44,
                29,
                29,
                28,
                27,
                27,
                26,
                26,
                23,
                23,
                22,
                22,
                21,
                20,
                19,
                19,
                19,
                18,
                17,
                17,
                16,
                16,
                16,
                16,
                15,
                15,
                15,
                15,
                15,
                14,
                14,
                14,
                14,
                14,
                14,
                14,
                13,
                13,
                13,
                13,
                13,
                13,
                12,
                12,
                12,
                12,
                12,
                11,
                11,
                11,
                11,
                11,
                11,
                11,
                11,
                11,
                11,
                10,
                10,
                10,
                10,
                10,
                10,
                10,
                10,
                10,
                10,
                10,
                10,
                10,
                10,
                9,
                9,
                9,
                9,
                9,
                9,
                9,
                9,
                9,
                8,
                8,
                8,
                8,
                8,
                8,
                8,
                8,
                8,
                8,
                8,
                8,
                8,
                8,
                8,
                8,
                8,
                8,
                7,
                7,
                7
            ]
        },
        "last_paid_channel": {
            "stats": {
                "mostFrequentValue": "SHOPBOT",
                "leastFrequentValue": "DISPLAY-BRAND"
            },
            "category_possible_values": [
                "SHOPBOT",
                "DIRECT_ACCESS",
                "SEM",
                "SEO-SEARCH",
                "SEO-BRAND",
                "RETARGETING",
                "EMAIL",
                "AFFILIATION",
                "DISPLAY",
                "VIRAL-BRAND",
                "DISPLAY-BRAND"
            ],
            "category_possible_counts": [
                3238,
                2195,
                735,
                316,
                289,
                245,
                204,
                198,
                21,
                3,
                1
            ]
        },
        "tags": {
            "stats": {}
        },
        "Customer_Effort_Score_category": {
            "stats": {}
        },
        "is_mf": {
            "stats": {
                "mostFrequentValue": "false",
                "leastFrequentValue": "true"
            },
            "category_possible_values": [
                "false",
                "true"
            ],
            "category_possible_counts": [
                7105,
                383
            ]
        },
        "Tags_ Signup/Login": {
            "stats": {}
        },
        "month": {
            "stats": {
                "mostFrequentValue": "ao\u00fbt",
                "leastFrequentValue": "ao\u00fbt"
            },
            "category_possible_values": [
                "ao\u00fbt"
            ],
            "category_possible_counts": [
                7488
            ]
        },
        "Tags_ Returns Info": {
            "stats": {}
        },
        "shipping_fees_bucket": {
            "stats": {}
        },
        "Tags_  Delivery Options": {
            "stats": {}
        },
        "comment": {
            "stats": {}
        },
        "family": {
            "stats": {
                "mostFrequentValue": "Jardin piscine",
                "leastFrequentValue": "Construction mat\u00e9riaux"
            },
            "category_possible_values": [
                "Jardin piscine",
                "Outillage",
                "Mobilier d'int\u00e9rieur",
                "Quincaillerie",
                "Salle de bain, WC",
                "Luminaire",
                "Plomberie chauffage",
                "Electricit\u00e9",
                "Animalerie",
                "Rev\u00eatement sol et mur",
                "Cuisine",
                "Construction mat\u00e9riaux"
            ],
            "category_possible_counts": [
                2516,
                1165,
                1046,
                456,
                452,
                394,
                394,
                387,
                241,
                185,
                140,
                112
            ]
        },
        "category": {
            "stats": {}
        },
        "device": {
            "stats": {
                "mostFrequentValue": "desktop",
                "leastFrequentValue": "tablet"
            },
            "category_possible_values": [
                "desktop",
                "phone",
                "tablet"
            ],
            "category_possible_counts": [
                4587,
                2315,
                586
            ]
        },
        "position": {
            "stats": {
                "min": 0.0,
                "average": 0.9985309829059829,
                "median": 1.0,
                "max": 1.0,
                "p99": 1.0,
                "std": 0.03830215403344063
            },
            "missing_impute_with_value": 0.9985309829059829
        }
    },
    "feature_order": [
        "date",
        "reason",
        "country",
        "shipping_fees",
        "Tags_ Lacking Payment Methods",
        "Tags_ Difficulty Paying",
        "Tags_ Presales Support",
        "Tags_  Product Info",
        "created_at",
        "Customer_Effort_Score_copy",
        "Tags_ Using Coupons",
        "Tags_  Finding Compatible Products",
        "GeoPoint",
        "themes",
        "is_b2b",
        "provider",
        "browser",
        "csat_presales",
        "operating_system",
        "tokens",
        "id",
        "original_comment",
        "day",
        "payment_method",
        "Customer_Effort_Score",
        "date_parsed",
        "first_order",
        "nb_articles",
        "has_manodvisor_contact",
        "Tags_  Finding Products",
        "has_presales_contact",
        "Tags_  Delivery Fees",
        "bv_transaction_bucket",
        "bv_transaction",
        "last_paid_channel",
        "tags",
        "Customer_Effort_Score_category",
        "is_mf",
        "Tags_ Signup/Login",
        "month",
        "Tags_ Returns Info",
        "shipping_fees_bucket",
        "Tags_  Delivery Options",
        "comment",
        "family",
        "category",
        "device",
        "position"
    ]
}