target_column,model,MSE,MASE,MAPE,sMAPE,MSIS,RMSE,ND,mean_wQuantileLoss,run_time,model_params,training_session
__aggregated__,TrivialIdentity,6.898718770345051,0.9731487725463174,0.09992585534662703,0.0911544035892745,38.92595196981825,2.6265412180936836,0.042925294360084416,0.04292529419670345,0.12847548723220825,"{""model_name"": ""TrivialIdentity"", ""frequency"": ""D"", ""prediction_length"": 10, ""use_external_features"": false, ""timeseries_number"": 3, ""timeseries_average_length"": 112, ""model_parameters"": {""activated"": true}}",2022-01-20T18:51:04.519365Z
__aggregated__,SeasonalNaive,5.115523338317871,0.8430032856122313,0.0917726440842022,0.08238314346959068,33.720131217972586,2.2617522716508702,0.03641522039179717,0.03641522055517814,0.12508809566497803,"{""model_name"": ""SeasonalNaive"", ""frequency"": ""D"", ""prediction_length"": 10, ""use_external_features"": false, ""timeseries_number"": 3, ""timeseries_average_length"": 112, ""model_parameters"": {""activated"": true}, ""season_length"": 7}",2022-01-20T18:51:04.519365Z
__aggregated__,FeedForward,4.696084181467692,0.7889378295500773,0.07774375305378728,0.0692758856315722,9.105989018419752,2.167045034480754,0.03522223546639146,0.027761053387062612,39.40105998143554,"{""model_name"": ""FeedForward"", ""frequency"": ""D"", ""prediction_length"": 10, ""use_external_features"": false, ""timeseries_number"": 3, ""timeseries_average_length"": 112, ""model_parameters"": {""activated"": true, ""kwargs"": {""num_hidden_dimensions"": ""[40, 40]""}}, ""epoch"": 10, ""batch_size"": 32, ""num_batches_per_epoch"": 50, ""mxnet.context"": ""cpu(0)""}",2022-01-20T18:51:04.519365Z
% detractor,TrivialIdentity,2.0660301208496095,0.9687834166283867,0.22660228564325574,0.19987497885133038,38.75133480648552,,,,,"{""model_name"": ""TrivialIdentity"", ""frequency"": ""D"", ""prediction_length"": 10, ""use_external_features"": false, ""timeseries_number"": 3, ""timeseries_average_length"": 112, ""model_parameters"": {""activated"": true}}",2022-01-20T18:51:04.519365Z
% detractor,SeasonalNaive,1.835129737854004,0.9200599923923727,0.21574235153573557,0.18654284903266383,36.80239907614492,,,,,"{""model_name"": ""SeasonalNaive"", ""frequency"": ""D"", ""prediction_length"": 10, ""use_external_features"": false, ""timeseries_number"": 3, ""timeseries_average_length"": 112, ""model_parameters"": {""activated"": true}, ""season_length"": 7}",2022-01-20T18:51:04.519365Z
% detractor,FeedForward,1.0093607902526855,0.6714989397881138,0.17172412607520296,0.1461760593576032,4.8447888674123964,,,,,"{""model_name"": ""FeedForward"", ""frequency"": ""D"", ""prediction_length"": 10, ""use_external_features"": false, ""timeseries_number"": 3, ""timeseries_average_length"": 112, ""model_parameters"": {""activated"": true, ""kwargs"": {""num_hidden_dimensions"": ""[40, 40]""}}, ""epoch"": 10, ""batch_size"": 32, ""num_batches_per_epoch"": 50, ""mxnet.context"": ""cpu(0)""}",2022-01-20T18:51:04.519365Z
% promoter,TrivialIdentity,5.80291519165039,0.9121939763356042,0.026733321767949673,0.026722251132740515,36.48775905342416,,,,,"{""model_name"": ""TrivialIdentity"", ""frequency"": ""D"", ""prediction_length"": 10, ""use_external_features"": false, ""timeseries_number"": 3, ""timeseries_average_length"": 112, ""model_parameters"": {""activated"": true}}",2022-01-20T18:51:04.519365Z
% promoter,SeasonalNaive,3.9705810546875,0.7542871997131588,0.021842263807686675,0.022045006148820327,30.171487988526355,,,,,"{""model_name"": ""SeasonalNaive"", ""frequency"": ""D"", ""prediction_length"": 10, ""use_external_features"": false, ""timeseries_number"": 3, ""timeseries_average_length"": 112, ""model_parameters"": {""activated"": true}, ""season_length"": 7}",2022-01-20T18:51:04.519365Z
% promoter,FeedForward,5.600091552734375,0.8990706346360703,0.026218410623555444,0.026141658373490827,13.80710075295805,,,,,"{""model_name"": ""FeedForward"", ""frequency"": ""D"", ""prediction_length"": 10, ""use_external_features"": false, ""timeseries_number"": 3, ""timeseries_average_length"": 112, ""model_parameters"": {""activated"": true, ""kwargs"": {""num_hidden_dimensions"": ""[40, 40]""}}, ""epoch"": 10, ""batch_size"": 32, ""num_batches_per_epoch"": 50, ""mxnet.context"": ""cpu(0)""}",2022-01-20T18:51:04.519365Z
NPS,TrivialIdentity,12.827210998535156,1.0384689246749617,0.04644195862867568,0.0468659807837526,41.53876204954509,,,,,"{""model_name"": ""TrivialIdentity"", ""frequency"": ""D"", ""prediction_length"": 10, ""use_external_features"": false, ""timeseries_number"": 3, ""timeseries_average_length"": 112, ""model_parameters"": {""activated"": true}}",2022-01-20T18:51:04.519365Z
NPS,SeasonalNaive,9.54085922241211,0.8546626647311624,0.03773331690918435,0.03856157522728789,34.18650658924649,,,,,"{""model_name"": ""SeasonalNaive"", ""frequency"": ""D"", ""prediction_length"": 10, ""use_external_features"": false, ""timeseries_number"": 3, ""timeseries_average_length"": 112, ""model_parameters"": {""activated"": true}, ""season_length"": 7}",2022-01-20T18:51:04.519365Z
NPS,FeedForward,7.478800201416016,0.7962439142260478,0.03528872246260343,0.0355099391636226,8.666077434888809,,,,,"{""model_name"": ""FeedForward"", ""frequency"": ""D"", ""prediction_length"": 10, ""use_external_features"": false, ""timeseries_number"": 3, ""timeseries_average_length"": 112, ""model_parameters"": {""activated"": true, ""kwargs"": {""num_hidden_dimensions"": ""[40, 40]""}}, ""epoch"": 10, ""batch_size"": 32, ""num_batches_per_epoch"": 50, ""mxnet.context"": ""cpu(0)""}",2022-01-20T18:51:04.519365Z
