[
    {
        "test_score_gib": 0.7449933244325768,
        "train_score": 0.745575959933222,
        "test_score": 0.7449933244325768,
        "num_samples": 1498,
        "fit_time": 1360,
        "score_time": 102,
        "time": 1462,
        "parameters": {
            "C": 0.04312567330563202,
            "penalty": "l1"
        },
        "done_at": 1642670849918,
        "split_id": 0
    },
    {
        "test_score_gib": 0.7429906542056075,
        "train_score": 0.7429048414023373,
        "test_score": 0.7429906542056075,
        "num_samples": 1498,
        "fit_time": 2584,
        "score_time": 84,
        "time": 2668,
        "parameters": {
            "C": 0.1117117100877812,
            "penalty": "l1"
        },
        "done_at": 1642670851122,
        "split_id": 0
    },
    {
        "test_score_gib": 0.7423230974632844,
        "train_score": 0.7430717863105175,
        "test_score": 0.7423230974632844,
        "num_samples": 1498,
        "fit_time": 2549,
        "score_time": 107,
        "time": 2656,
        "parameters": {
            "C": 0.12957048308573,
            "penalty": "l1"
        },
        "done_at": 1642670851137,
        "split_id": 0
    },
    {
        "test_score_gib": 0.7409879839786382,
        "train_score": 0.7393989983305509,
        "test_score": 0.7409879839786382,
        "num_samples": 1498,
        "fit_time": 3209,
        "score_time": 190,
        "time": 3399,
        "parameters": {
            "C": 0.19231013028052318,
            "penalty": "l1"
        },
        "done_at": 1642670853325,
        "split_id": 0
    },
    {
        "test_score_gib": 0.7429906542056075,
        "train_score": 0.7429048414023373,
        "test_score": 0.7429906542056075,
        "num_samples": 1498,
        "fit_time": 2622,
        "score_time": 95,
        "time": 2717,
        "parameters": {
            "C": 0.11162762950112586,
            "penalty": "l1"
        },
        "done_at": 1642670853930,
        "split_id": 0
    },
    {
        "test_score_gib": 0.705607476635514,
        "train_score": 0.7293823038397329,
        "test_score": 0.705607476635514,
        "num_samples": 1498,
        "fit_time": 6197,
        "score_time": 183,
        "time": 6380,
        "parameters": {
            "C": 0.6874918416894568,
            "penalty": "l1"
        },
        "done_at": 1642670854919,
        "split_id": 0
    },
    {
        "test_score_gib": 0.7463284379172229,
        "train_score": 0.7462437395659433,
        "test_score": 0.7463284379172229,
        "num_samples": 1498,
        "fit_time": 403,
        "score_time": 104,
        "time": 507,
        "parameters": {
            "C": 0.028913249690739662,
            "penalty": "l1"
        },
        "done_at": 1642670855433,
        "split_id": 0
    },
    {
        "test_score_gib": 0.6895861148197597,
        "train_score": 0.7227045075125209,
        "test_score": 0.6895861148197597,
        "num_samples": 1498,
        "fit_time": 7105,
        "score_time": 89,
        "time": 7194,
        "parameters": {
            "C": 1.184598783704618,
            "penalty": "l1"
        },
        "done_at": 1642670858321,
        "split_id": 0
    },
    {
        "test_score_gib": 0.7276368491321762,
        "train_score": 0.7375626043405676,
        "test_score": 0.7276368491321762,
        "num_samples": 1498,
        "fit_time": 5698,
        "score_time": 175,
        "time": 5873,
        "parameters": {
            "C": 0.350832868632624,
            "penalty": "l1"
        },
        "done_at": 1642670861311,
        "split_id": 0
    },
    {
        "test_score_gib": 0.7456608811748998,
        "train_score": 0.7462437395659433,
        "test_score": 0.7456608811748998,
        "num_samples": 1498,
        "fit_time": 1214,
        "score_time": 88,
        "time": 1302,
        "parameters": {
            "C": 0.031639652526966364,
            "penalty": "l1"
        },
        "done_at": 1642670862621,
        "split_id": 0
    },
    {
        "test_score_gib": 0.670894526034713,
        "train_score": 0.7161936560934892,
        "test_score": 0.670894526034713,
        "num_samples": 1498,
        "fit_time": 20188,
        "score_time": 207,
        "time": 20395,
        "parameters": {
            "C": 3.2659138022948104,
            "penalty": "l1"
        },
        "done_at": 1642670878722,
        "split_id": 0
    },
    {
        "test_score_gib": 0.7082777036048065,
        "train_score": 0.7320534223706177,
        "test_score": 0.7082777036048065,
        "num_samples": 1498,
        "fit_time": 5488,
        "score_time": 203,
        "time": 5691,
        "parameters": {
            "C": 0.5927880970264232,
            "penalty": "l1"
        },
        "done_at": 1642670884419,
        "split_id": 0
    },
    {
        "test_score_gib": 0.664218958611482,
        "train_score": 0.7110183639398998,
        "test_score": 0.664218958611482,
        "num_samples": 1498,
        "fit_time": 44878,
        "score_time": 15,
        "time": 44893,
        "parameters": {
            "C": 8.536074774230183,
            "penalty": "l1"
        },
        "done_at": 1642670898827,
        "split_id": 0
    },
    {
        "test_score_gib": 0.6568758344459279,
        "train_score": 0.7090150250417362,
        "test_score": 0.6568758344459279,
        "num_samples": 1498,
        "fit_time": 71388,
        "score_time": 301,
        "time": 71689,
        "parameters": {
            "C": 80.23080310991743,
            "penalty": "l1"
        },
        "done_at": 1642670925018,
        "split_id": 0
    },
    {
        "test_score_gib": 0.7349799732977303,
        "train_score": 0.7373956594323873,
        "test_score": 0.7349799732977303,
        "num_samples": 1498,
        "fit_time": 4178,
        "score_time": 210,
        "time": 4388,
        "parameters": {
            "C": 0.2786418145698191,
            "penalty": "l1"
        },
        "done_at": 1642670929424,
        "split_id": 0
    },
    {
        "test_score_gib": 0.7189586114819759,
        "train_score": 0.733889816360601,
        "test_score": 0.7189586114819759,
        "num_samples": 1498,
        "fit_time": 5693,
        "score_time": 209,
        "time": 5902,
        "parameters": {
            "C": 0.4617594140166071,
            "penalty": "l1"
        },
        "done_at": 1642670935415,
        "split_id": 0
    },
    {
        "test_score_gib": 0.6608811748998665,
        "train_score": 0.7101836393989983,
        "test_score": 0.6608811748998665,
        "num_samples": 1498,
        "fit_time": 53788,
        "score_time": 93,
        "time": 53881,
        "parameters": {
            "C": 14.395719242854096,
            "penalty": "l1"
        },
        "done_at": 1642670938312,
        "split_id": 0
    },
    {
        "test_score_gib": 0.678237650200267,
        "train_score": 0.7173622704507513,
        "test_score": 0.678237650200267,
        "num_samples": 1498,
        "fit_time": 10099,
        "score_time": 102,
        "time": 10201,
        "parameters": {
            "C": 2.172863839147633,
            "penalty": "l1"
        },
        "done_at": 1642670945620,
        "split_id": 0
    },
    {
        "test_score_gib": 0.7449933244325768,
        "train_score": 0.7454090150250418,
        "test_score": 0.7449933244325768,
        "num_samples": 1498,
        "fit_time": 2493,
        "score_time": 101,
        "time": 2594,
        "parameters": {
            "C": 0.056394093716936156,
            "penalty": "l1"
        },
        "done_at": 1642670948230,
        "split_id": 0
    },
    {
        "test_score_gib": 0.7423230974632844,
        "train_score": 0.7425709515859766,
        "test_score": 0.7423230974632844,
        "num_samples": 1498,
        "fit_time": 2599,
        "score_time": 99,
        "time": 2698,
        "parameters": {
            "C": 0.14212438265209226,
            "penalty": "l1"
        },
        "done_at": 1642670951014,
        "split_id": 0
    },
    {
        "test_score_gib": 0.6568758344459279,
        "train_score": 0.7090150250417362,
        "test_score": 0.6568758344459279,
        "num_samples": 1498,
        "fit_time": 88508,
        "score_time": 93,
        "time": 88601,
        "parameters": {
            "C": 85.93981621066565,
            "penalty": "l1"
        },
        "done_at": 1642670951232,
        "split_id": 0
    },
    {
        "test_score_gib": 0.6608811748998665,
        "train_score": 0.7100166944908181,
        "test_score": 0.6608811748998665,
        "num_samples": 1498,
        "fit_time": 63613,
        "score_time": 82,
        "time": 63695,
        "parameters": {
            "C": 15.01323571092296,
            "penalty": "l1"
        },
        "done_at": 1642670962527,
        "split_id": 0
    },
    {
        "test_score_gib": 0.6688918558077437,
        "train_score": 0.7148580968280468,
        "test_score": 0.6688918558077437,
        "num_samples": 1498,
        "fit_time": 17036,
        "score_time": 72,
        "time": 17108,
        "parameters": {
            "C": 4.795958678895322,
            "penalty": "l1"
        },
        "done_at": 1642670968129,
        "split_id": 0
    },
    {
        "test_score_gib": 0.664218958611482,
        "train_score": 0.7105175292153589,
        "test_score": 0.664218958611482,
        "num_samples": 1498,
        "fit_time": 32486,
        "score_time": 14,
        "time": 32500,
        "parameters": {
            "C": 10.982143020352607,
            "penalty": "l1"
        },
        "done_at": 1642670970837,
        "split_id": 0
    }
]