{
    "startedAt": 1642670848444,
    "gridSize": 24,
    "nThreads": 4,
    "nSplits": 1,
    "metric": "ACCURACY",
    "timeout": null,
    "gridPoints": [
        {
            "finishedAt": 1642670849918,
            "score": 0.7449933244325768,
            "testScoreGibMean": 0.7449933244325768,
            "testScoreMean": 0.7449933244325768,
            "testScoreStd": 0.0,
            "trainScoreMean": 0.7455759599332219,
            "trainScoreStd": 1.1102230246251565e-16,
            "time": 1462,
            "fitTimeMean": 1360.0,
            "fitTimeStd": 0.0,
            "scoreTimeMean": 102.0,
            "scoreTimeStd": 0.0,
            "parameters": {
                "C": 0.04312567330563202,
                "penalty": "l1"
            }
        },
        {
            "finishedAt": 1642670851122,
            "score": 0.7429906542056075,
            "testScoreGibMean": 0.7429906542056075,
            "testScoreMean": 0.7429906542056075,
            "testScoreStd": 0.0,
            "trainScoreMean": 0.7429048414023373,
            "trainScoreStd": 0.0,
            "time": 2668,
            "fitTimeMean": 2584.0,
            "fitTimeStd": 0.0,
            "scoreTimeMean": 84.0,
            "scoreTimeStd": 0.0,
            "parameters": {
                "C": 0.1117117100877812,
                "penalty": "l1"
            }
        },
        {
            "finishedAt": 1642670851137,
            "score": 0.7423230974632844,
            "testScoreGibMean": 0.7423230974632844,
            "testScoreMean": 0.7423230974632844,
            "testScoreStd": 0.0,
            "trainScoreMean": 0.7430717863105175,
            "trainScoreStd": 0.0,
            "time": 2656,
            "fitTimeMean": 2549.0,
            "fitTimeStd": 0.0,
            "scoreTimeMean": 107.0,
            "scoreTimeStd": 0.0,
            "parameters": {
                "C": 0.12957048308573,
                "penalty": "l1"
            }
        },
        {
            "finishedAt": 1642670853325,
            "score": 0.7409879839786382,
            "testScoreGibMean": 0.7409879839786382,
            "testScoreMean": 0.7409879839786382,
            "testScoreStd": 0.0,
            "trainScoreMean": 0.739398998330551,
            "trainScoreStd": 1.1102230246251565e-16,
            "time": 3399,
            "fitTimeMean": 3209.0,
            "fitTimeStd": 0.0,
            "scoreTimeMean": 190.0,
            "scoreTimeStd": 0.0,
            "parameters": {
                "C": 0.19231013028052318,
                "penalty": "l1"
            }
        },
        {
            "finishedAt": 1642670853930,
            "score": 0.7429906542056075,
            "testScoreGibMean": 0.7429906542056075,
            "testScoreMean": 0.7429906542056075,
            "testScoreStd": 0.0,
            "trainScoreMean": 0.7429048414023373,
            "trainScoreStd": 0.0,
            "time": 2717,
            "fitTimeMean": 2622.0,
            "fitTimeStd": 0.0,
            "scoreTimeMean": 95.0,
            "scoreTimeStd": 0.0,
            "parameters": {
                "C": 0.11162762950112586,
                "penalty": "l1"
            }
        },
        {
            "finishedAt": 1642670854919,
            "score": 0.705607476635514,
            "testScoreGibMean": 0.705607476635514,
            "testScoreMean": 0.705607476635514,
            "testScoreStd": 0.0,
            "trainScoreMean": 0.7293823038397329,
            "trainScoreStd": 0.0,
            "time": 6380,
            "fitTimeMean": 6197.0,
            "fitTimeStd": 0.0,
            "scoreTimeMean": 183.0,
            "scoreTimeStd": 0.0,
            "parameters": {
                "C": 0.6874918416894568,
                "penalty": "l1"
            }
        },
        {
            "finishedAt": 1642670855433,
            "score": 0.7463284379172229,
            "testScoreGibMean": 0.7463284379172229,
            "testScoreMean": 0.7463284379172229,
            "testScoreStd": 0.0,
            "trainScoreMean": 0.7462437395659433,
            "trainScoreStd": 0.0,
            "time": 507,
            "fitTimeMean": 403.0,
            "fitTimeStd": 0.0,
            "scoreTimeMean": 104.0,
            "scoreTimeStd": 0.0,
            "parameters": {
                "C": 0.028913249690739662,
                "penalty": "l1"
            }
        },
        {
            "finishedAt": 1642670858321,
            "score": 0.6895861148197597,
            "testScoreGibMean": 0.6895861148197597,
            "testScoreMean": 0.6895861148197597,
            "testScoreStd": 0.0,
            "trainScoreMean": 0.722704507512521,
            "trainScoreStd": 1.1102230246251565e-16,
            "time": 7194,
            "fitTimeMean": 7105.0,
            "fitTimeStd": 0.0,
            "scoreTimeMean": 89.0,
            "scoreTimeStd": 0.0,
            "parameters": {
                "C": 1.184598783704618,
                "penalty": "l1"
            }
        },
        {
            "finishedAt": 1642670861311,
            "score": 0.7276368491321762,
            "testScoreGibMean": 0.7276368491321762,
            "testScoreMean": 0.7276368491321762,
            "testScoreStd": 0.0,
            "trainScoreMean": 0.7375626043405678,
            "trainScoreStd": 1.1102230246251565e-16,
            "time": 5873,
            "fitTimeMean": 5698.0,
            "fitTimeStd": 0.0,
            "scoreTimeMean": 175.0,
            "scoreTimeStd": 0.0,
            "parameters": {
                "C": 0.350832868632624,
                "penalty": "l1"
            }
        },
        {
            "finishedAt": 1642670862621,
            "score": 0.7456608811748998,
            "testScoreGibMean": 0.7456608811748998,
            "testScoreMean": 0.7456608811748998,
            "testScoreStd": 0.0,
            "trainScoreMean": 0.7462437395659433,
            "trainScoreStd": 0.0,
            "time": 1302,
            "fitTimeMean": 1214.0,
            "fitTimeStd": 0.0,
            "scoreTimeMean": 88.0,
            "scoreTimeStd": 0.0,
            "parameters": {
                "C": 0.031639652526966364,
                "penalty": "l1"
            }
        },
        {
            "finishedAt": 1642670878722,
            "score": 0.670894526034713,
            "testScoreGibMean": 0.670894526034713,
            "testScoreMean": 0.670894526034713,
            "testScoreStd": 0.0,
            "trainScoreMean": 0.7161936560934893,
            "trainScoreStd": 1.1102230246251565e-16,
            "time": 20395,
            "fitTimeMean": 20188.0,
            "fitTimeStd": 0.0,
            "scoreTimeMean": 207.0,
            "scoreTimeStd": 0.0,
            "parameters": {
                "C": 3.2659138022948104,
                "penalty": "l1"
            }
        },
        {
            "finishedAt": 1642670884419,
            "score": 0.7082777036048065,
            "testScoreGibMean": 0.7082777036048065,
            "testScoreMean": 0.7082777036048065,
            "testScoreStd": 0.0,
            "trainScoreMean": 0.7320534223706177,
            "trainScoreStd": 0.0,
            "time": 5691,
            "fitTimeMean": 5488.0,
            "fitTimeStd": 0.0,
            "scoreTimeMean": 203.0,
            "scoreTimeStd": 0.0,
            "parameters": {
                "C": 0.5927880970264232,
                "penalty": "l1"
            }
        },
        {
            "finishedAt": 1642670898827,
            "score": 0.664218958611482,
            "testScoreGibMean": 0.664218958611482,
            "testScoreMean": 0.664218958611482,
            "testScoreStd": 0.0,
            "trainScoreMean": 0.7110183639398998,
            "trainScoreStd": 0.0,
            "time": 44893,
            "fitTimeMean": 44878.0,
            "fitTimeStd": 0.0,
            "scoreTimeMean": 15.0,
            "scoreTimeStd": 0.0,
            "parameters": {
                "C": 8.536074774230183,
                "penalty": "l1"
            }
        },
        {
            "finishedAt": 1642670925018,
            "score": 0.6568758344459279,
            "testScoreGibMean": 0.6568758344459279,
            "testScoreMean": 0.6568758344459279,
            "testScoreStd": 0.0,
            "trainScoreMean": 0.7090150250417362,
            "trainScoreStd": 0.0,
            "time": 71689,
            "fitTimeMean": 71388.0,
            "fitTimeStd": 0.0,
            "scoreTimeMean": 301.0,
            "scoreTimeStd": 0.0,
            "parameters": {
                "C": 80.23080310991743,
                "penalty": "l1"
            }
        },
        {
            "finishedAt": 1642670929424,
            "score": 0.7349799732977303,
            "testScoreGibMean": 0.7349799732977303,
            "testScoreMean": 0.7349799732977303,
            "testScoreStd": 0.0,
            "trainScoreMean": 0.7373956594323873,
            "trainScoreStd": 0.0,
            "time": 4388,
            "fitTimeMean": 4178.0,
            "fitTimeStd": 0.0,
            "scoreTimeMean": 210.0,
            "scoreTimeStd": 0.0,
            "parameters": {
                "C": 0.2786418145698191,
                "penalty": "l1"
            }
        },
        {
            "finishedAt": 1642670935415,
            "score": 0.7189586114819759,
            "testScoreGibMean": 0.7189586114819759,
            "testScoreMean": 0.7189586114819759,
            "testScoreStd": 0.0,
            "trainScoreMean": 0.733889816360601,
            "trainScoreStd": 0.0,
            "time": 5902,
            "fitTimeMean": 5693.0,
            "fitTimeStd": 0.0,
            "scoreTimeMean": 209.0,
            "scoreTimeStd": 0.0,
            "parameters": {
                "C": 0.4617594140166071,
                "penalty": "l1"
            }
        },
        {
            "finishedAt": 1642670938312,
            "score": 0.6608811748998665,
            "testScoreGibMean": 0.6608811748998665,
            "testScoreMean": 0.6608811748998665,
            "testScoreStd": 0.0,
            "trainScoreMean": 0.7101836393989983,
            "trainScoreStd": 0.0,
            "time": 53881,
            "fitTimeMean": 53788.0,
            "fitTimeStd": 0.0,
            "scoreTimeMean": 93.0,
            "scoreTimeStd": 0.0,
            "parameters": {
                "C": 14.395719242854096,
                "penalty": "l1"
            }
        },
        {
            "finishedAt": 1642670945620,
            "score": 0.678237650200267,
            "testScoreGibMean": 0.678237650200267,
            "testScoreMean": 0.678237650200267,
            "testScoreStd": 0.0,
            "trainScoreMean": 0.7173622704507513,
            "trainScoreStd": 0.0,
            "time": 10201,
            "fitTimeMean": 10099.0,
            "fitTimeStd": 0.0,
            "scoreTimeMean": 102.0,
            "scoreTimeStd": 0.0,
            "parameters": {
                "C": 2.172863839147633,
                "penalty": "l1"
            }
        },
        {
            "finishedAt": 1642670948230,
            "score": 0.7449933244325768,
            "testScoreGibMean": 0.7449933244325768,
            "testScoreMean": 0.7449933244325768,
            "testScoreStd": 0.0,
            "trainScoreMean": 0.7454090150250418,
            "trainScoreStd": 0.0,
            "time": 2594,
            "fitTimeMean": 2493.0,
            "fitTimeStd": 0.0,
            "scoreTimeMean": 101.0,
            "scoreTimeStd": 0.0,
            "parameters": {
                "C": 0.056394093716936156,
                "penalty": "l1"
            }
        },
        {
            "finishedAt": 1642670951014,
            "score": 0.7423230974632844,
            "testScoreGibMean": 0.7423230974632844,
            "testScoreMean": 0.7423230974632844,
            "testScoreStd": 0.0,
            "trainScoreMean": 0.7425709515859766,
            "trainScoreStd": 0.0,
            "time": 2698,
            "fitTimeMean": 2599.0,
            "fitTimeStd": 0.0,
            "scoreTimeMean": 99.0,
            "scoreTimeStd": 0.0,
            "parameters": {
                "C": 0.14212438265209226,
                "penalty": "l1"
            }
        },
        {
            "finishedAt": 1642670951232,
            "score": 0.6568758344459279,
            "testScoreGibMean": 0.6568758344459279,
            "testScoreMean": 0.6568758344459279,
            "testScoreStd": 0.0,
            "trainScoreMean": 0.7090150250417362,
            "trainScoreStd": 0.0,
            "time": 88601,
            "fitTimeMean": 88508.0,
            "fitTimeStd": 0.0,
            "scoreTimeMean": 93.0,
            "scoreTimeStd": 0.0,
            "parameters": {
                "C": 85.93981621066565,
                "penalty": "l1"
            }
        },
        {
            "finishedAt": 1642670962527,
            "score": 0.6608811748998665,
            "testScoreGibMean": 0.6608811748998665,
            "testScoreMean": 0.6608811748998665,
            "testScoreStd": 0.0,
            "trainScoreMean": 0.7100166944908181,
            "trainScoreStd": 0.0,
            "time": 63695,
            "fitTimeMean": 63613.0,
            "fitTimeStd": 0.0,
            "scoreTimeMean": 82.0,
            "scoreTimeStd": 0.0,
            "parameters": {
                "C": 15.01323571092296,
                "penalty": "l1"
            }
        },
        {
            "finishedAt": 1642670968129,
            "score": 0.6688918558077437,
            "testScoreGibMean": 0.6688918558077437,
            "testScoreMean": 0.6688918558077437,
            "testScoreStd": 0.0,
            "trainScoreMean": 0.7148580968280468,
            "trainScoreStd": 0.0,
            "time": 17108,
            "fitTimeMean": 17036.0,
            "fitTimeStd": 0.0,
            "scoreTimeMean": 72.0,
            "scoreTimeStd": 0.0,
            "parameters": {
                "C": 4.795958678895322,
                "penalty": "l1"
            }
        },
        {
            "finishedAt": 1642670970837,
            "score": 0.664218958611482,
            "testScoreGibMean": 0.664218958611482,
            "testScoreMean": 0.664218958611482,
            "testScoreStd": 0.0,
            "trainScoreMean": 0.7105175292153589,
            "trainScoreStd": 0.0,
            "time": 32500,
            "fitTimeMean": 32486.0,
            "fitTimeStd": 0.0,
            "scoreTimeMean": 14.0,
            "scoreTimeStd": 0.0,
            "parameters": {
                "C": 10.982143020352607,
                "penalty": "l1"
            }
        }
    ]
}