{
    "modelInputNRows": 7488,
    "modelInputNCols": 293,
    "modelInputIsSparse": false,
    "modelInputMemory": 17551872,
    "usedGridSearch": true,
    "gridSize": 24,
    "gridBestScore": 0.7463284379172229,
    "gridCells": [
        {
            "params": {
                "C": 0.1117117100877812,
                "penalty": "l1"
            },
            "score": 0.7429906542056075,
            "scoreStd": 0.0,
            "fitTime": 2.584,
            "fitTimeStd": 0.0,
            "scoreTime": 0.084,
            "scoreTimeStd": 0.0
        },
        {
            "params": {
                "C": 0.04312567330563202,
                "penalty": "l1"
            },
            "score": 0.7449933244325768,
            "scoreStd": 0.0,
            "fitTime": 1.36,
            "fitTimeStd": 0.0,
            "scoreTime": 0.102,
            "scoreTimeStd": 0.0
        },
        {
            "params": {
                "C": 0.12957048308573,
                "penalty": "l1"
            },
            "score": 0.7423230974632844,
            "scoreStd": 0.0,
            "fitTime": 2.549,
            "fitTimeStd": 0.0,
            "scoreTime": 0.107,
            "scoreTimeStd": 0.0
        },
        {
            "params": {
                "C": 0.6874918416894568,
                "penalty": "l1"
            },
            "score": 0.705607476635514,
            "scoreStd": 0.0,
            "fitTime": 6.197,
            "fitTimeStd": 0.0,
            "scoreTime": 0.183,
            "scoreTimeStd": 0.0
        },
        {
            "params": {
                "C": 0.19231013028052318,
                "penalty": "l1"
            },
            "score": 0.7409879839786382,
            "scoreStd": 0.0,
            "fitTime": 3.209,
            "fitTimeStd": 0.0,
            "scoreTime": 0.19,
            "scoreTimeStd": 0.0
        },
        {
            "params": {
                "C": 1.184598783704618,
                "penalty": "l1"
            },
            "score": 0.6895861148197597,
            "scoreStd": 0.0,
            "fitTime": 7.105,
            "fitTimeStd": 0.0,
            "scoreTime": 0.089,
            "scoreTimeStd": 0.0
        },
        {
            "params": {
                "C": 0.11162762950112586,
                "penalty": "l1"
            },
            "score": 0.7429906542056075,
            "scoreStd": 0.0,
            "fitTime": 2.622,
            "fitTimeStd": 0.0,
            "scoreTime": 0.095,
            "scoreTimeStd": 0.0
        },
        {
            "params": {
                "C": 80.23080310991743,
                "penalty": "l1"
            },
            "score": 0.6568758344459279,
            "scoreStd": 0.0,
            "fitTime": 71.388,
            "fitTimeStd": 0.0,
            "scoreTime": 0.301,
            "scoreTimeStd": 0.0
        },
        {
            "params": {
                "C": 8.536074774230183,
                "penalty": "l1"
            },
            "score": 0.664218958611482,
            "scoreStd": 0.0,
            "fitTime": 44.878,
            "fitTimeStd": 0.0,
            "scoreTime": 0.015,
            "scoreTimeStd": 0.0
        },
        {
            "params": {
                "C": 0.028913249690739662,
                "penalty": "l1"
            },
            "score": 0.7463284379172229,
            "scoreStd": 0.0,
            "fitTime": 0.403,
            "fitTimeStd": 0.0,
            "scoreTime": 0.104,
            "scoreTimeStd": 0.0
        },
        {
            "params": {
                "C": 0.350832868632624,
                "penalty": "l1"
            },
            "score": 0.7276368491321762,
            "scoreStd": 0.0,
            "fitTime": 5.698,
            "fitTimeStd": 0.0,
            "scoreTime": 0.175,
            "scoreTimeStd": 0.0
        },
        {
            "params": {
                "C": 3.2659138022948104,
                "penalty": "l1"
            },
            "score": 0.670894526034713,
            "scoreStd": 0.0,
            "fitTime": 20.188,
            "fitTimeStd": 0.0,
            "scoreTime": 0.207,
            "scoreTimeStd": 0.0
        },
        {
            "params": {
                "C": 0.031639652526966364,
                "penalty": "l1"
            },
            "score": 0.7456608811748998,
            "scoreStd": 0.0,
            "fitTime": 1.214,
            "fitTimeStd": 0.0,
            "scoreTime": 0.088,
            "scoreTimeStd": 0.0
        },
        {
            "params": {
                "C": 85.93981621066565,
                "penalty": "l1"
            },
            "score": 0.6568758344459279,
            "scoreStd": 0.0,
            "fitTime": 88.508,
            "fitTimeStd": 0.0,
            "scoreTime": 0.093,
            "scoreTimeStd": 0.0
        },
        {
            "params": {
                "C": 0.5927880970264232,
                "penalty": "l1"
            },
            "score": 0.7082777036048065,
            "scoreStd": 0.0,
            "fitTime": 5.488,
            "fitTimeStd": 0.0,
            "scoreTime": 0.203,
            "scoreTimeStd": 0.0
        },
        {
            "params": {
                "C": 14.395719242854096,
                "penalty": "l1"
            },
            "score": 0.6608811748998665,
            "scoreStd": 0.0,
            "fitTime": 53.788,
            "fitTimeStd": 0.0,
            "scoreTime": 0.093,
            "scoreTimeStd": 0.0
        },
        {
            "params": {
                "C": 15.01323571092296,
                "penalty": "l1"
            },
            "score": 0.6608811748998665,
            "scoreStd": 0.0,
            "fitTime": 63.613,
            "fitTimeStd": 0.0,
            "scoreTime": 0.082,
            "scoreTimeStd": 0.0
        },
        {
            "params": {
                "C": 0.2786418145698191,
                "penalty": "l1"
            },
            "score": 0.7349799732977303,
            "scoreStd": 0.0,
            "fitTime": 4.178,
            "fitTimeStd": 0.0,
            "scoreTime": 0.21,
            "scoreTimeStd": 0.0
        },
        {
            "params": {
                "C": 0.4617594140166071,
                "penalty": "l1"
            },
            "score": 0.7189586114819759,
            "scoreStd": 0.0,
            "fitTime": 5.693,
            "fitTimeStd": 0.0,
            "scoreTime": 0.209,
            "scoreTimeStd": 0.0
        },
        {
            "params": {
                "C": 2.172863839147633,
                "penalty": "l1"
            },
            "score": 0.678237650200267,
            "scoreStd": 0.0,
            "fitTime": 10.099,
            "fitTimeStd": 0.0,
            "scoreTime": 0.102,
            "scoreTimeStd": 0.0
        },
        {
            "params": {
                "C": 10.982143020352607,
                "penalty": "l1"
            },
            "score": 0.664218958611482,
            "scoreStd": 0.0,
            "fitTime": 32.486,
            "fitTimeStd": 0.0,
            "scoreTime": 0.014,
            "scoreTimeStd": 0.0
        },
        {
            "params": {
                "C": 0.056394093716936156,
                "penalty": "l1"
            },
            "score": 0.7449933244325768,
            "scoreStd": 0.0,
            "fitTime": 2.493,
            "fitTimeStd": 0.0,
            "scoreTime": 0.101,
            "scoreTimeStd": 0.0
        },
        {
            "params": {
                "C": 0.14212438265209226,
                "penalty": "l1"
            },
            "score": 0.7423230974632844,
            "scoreStd": 0.0,
            "fitTime": 2.599,
            "fitTimeStd": 0.0,
            "scoreTime": 0.099,
            "scoreTimeStd": 0.0
        },
        {
            "params": {
                "C": 4.795958678895322,
                "penalty": "l1"
            },
            "score": 0.6688918558077437,
            "scoreStd": 0.0,
            "fitTime": 17.036,
            "fitTimeStd": 0.0,
            "scoreTime": 0.072,
            "scoreTimeStd": 0.0
        }
    ],
    "probaAware": true
}