{
    "metrics": {
        "mrocAUC": 0.5645588146664071,
        "mcalibrationLoss": 0.15086457236786865,
        "precision": 0.2926150444164856,
        "recall": 0.33689819948047317,
        "f1": 0.2907346112343748,
        "accuracy": 0.731687898089172,
        "hammingLoss": 0.26831210191082805,
        "logLoss": 0.8523102657806296
    },
    "processed_feature_names": [
        "nb_articles",
        "dummy:country:FR",
        "dummy:country:GB",
        "dummy:country:IT",
        "dummy:country:ES",
        "dummy:country:N/A",
        "dummy:shipping_fees:0",
        "dummy:shipping_fees:5,9",
        "dummy:shipping_fees:4,9",
        "dummy:shipping_fees:10,5",
        "dummy:shipping_fees:6,9",
        "dummy:shipping_fees:4,95",
        "dummy:shipping_fees:2,99",
        "dummy:shipping_fees:4,99",
        "dummy:shipping_fees:3,95",
        "dummy:shipping_fees:5,95",
        "dummy:shipping_fees:9,9",
        "dummy:shipping_fees:6",
        "dummy:shipping_fees:7,9",
        "dummy:shipping_fees:8,9",
        "dummy:shipping_fees:5",
        "dummy:shipping_fees:9,99",
        "dummy:shipping_fees:5,5",
        "dummy:shipping_fees:7",
        "dummy:shipping_fees:9",
        "dummy:shipping_fees:4",
        "dummy:shipping_fees:5,99",
        "dummy:shipping_fees:6,5",
        "dummy:shipping_fees:3,9",
        "dummy:shipping_fees:3,5",
        "dummy:shipping_fees:2,95",
        "dummy:shipping_fees:23,9",
        "dummy:shipping_fees:3,99",
        "dummy:shipping_fees:10",
        "dummy:shipping_fees:7,5",
        "dummy:shipping_fees:8",
        "dummy:shipping_fees:10,9",
        "dummy:shipping_fees:6,99",
        "dummy:shipping_fees:13,99",
        "dummy:shipping_fees:8,5",
        "dummy:shipping_fees:6,95",
        "dummy:shipping_fees:19,9",
        "dummy:shipping_fees:7,99",
        "dummy:shipping_fees:1,99",
        "dummy:shipping_fees:12",
        "dummy:shipping_fees:11",
        "dummy:shipping_fees:8,95",
        "dummy:shipping_fees:4,5",
        "dummy:shipping_fees:10,99",
        "dummy:shipping_fees:8,49",
        "dummy:shipping_fees:13,9",
        "dummy:shipping_fees:5,89",
        "dummy:shipping_fees:4,85",
        "dummy:shipping_fees:21,9",
        "dummy:shipping_fees:15",
        "dummy:shipping_fees:11,9",
        "dummy:shipping_fees:20",
        "dummy:shipping_fees:8,99",
        "dummy:shipping_fees:12,9",
        "dummy:shipping_fees:4,75",
        "dummy:shipping_fees:5,49",
        "dummy:shipping_fees:13,5",
        "dummy:shipping_fees:5,6",
        "dummy:shipping_fees:14,9",
        "dummy:shipping_fees:12,5",
        "dummy:shipping_fees:15,95",
        "dummy:shipping_fees:12,95",
        "dummy:shipping_fees:6,3",
        "dummy:shipping_fees:7,95",
        "dummy:shipping_fees:3,03",
        "dummy:shipping_fees:15,8",
        "dummy:shipping_fees:30",
        "dummy:shipping_fees:9,84",
        "dummy:shipping_fees:4,2",
        "dummy:shipping_fees:7,8",
        "dummy:shipping_fees:6,7",
        "dummy:shipping_fees:24,99",
        "dummy:shipping_fees:19,99",
        "dummy:shipping_fees:14,95",
        "dummy:shipping_fees:5,35",
        "dummy:shipping_fees:6,49",
        "dummy:shipping_fees:7,7",
        "dummy:shipping_fees:25,9",
        "dummy:shipping_fees:5,7",
        "dummy:shipping_fees:18,9",
        "dummy:shipping_fees:49",
        "dummy:shipping_fees:14",
        "dummy:shipping_fees:4,59",
        "dummy:shipping_fees:10,95",
        "dummy:shipping_fees:8,34",
        "dummy:shipping_fees:16,5",
        "dummy:shipping_fees:2,5",
        "dummy:shipping_fees:6,6",
        "dummy:shipping_fees:11,99",
        "dummy:shipping_fees:6,61",
        "dummy:shipping_fees:5,79",
        "dummy:shipping_fees:12,8",
        "dummy:shipping_fees:14,5",
        "dummy:shipping_fees:4,8",
        "dummy:shipping_fees:11,5",
        "dummy:shipping_fees:8,7",
        "dummy:shipping_fees:15,9",
        "dummy:shipping_fees:59",
        "dummy:shipping_fees:2,2",
        "dummy:shipping_fees:9,5",
        "dummy:shipping_fees:6,4",
        "dummy:shipping_fees:3,94",
        "dummy:shipping_fees:N/A",
        "dummy:browser:Chrome",
        "dummy:browser:Chrome Mobile",
        "dummy:browser:Edge",
        "dummy:browser:Firefox",
        "dummy:browser:Mobile Safari",
        "dummy:browser:Safari",
        "dummy:browser:Samsung Internet",
        "dummy:browser:Google",
        "dummy:browser:Chrome Mobile iOS",
        "dummy:browser:Facebook",
        "dummy:browser:Opera",
        "dummy:browser:Chrome Mobile WebView",
        "dummy:browser:Firefox Mobile",
        "dummy:browser:MiuiBrowser",
        "dummy:browser:Amazon Silk",
        "dummy:browser:Other",
        "dummy:browser:Firefox iOS",
        "dummy:browser:Instagram",
        "dummy:browser:Edge Mobile",
        "dummy:browser:Mobile Safari UI/WKWebView",
        "dummy:browser:Opera Mobile",
        "dummy:browser:N/A",
        "dummy:csat_presales:FALSE",
        "dummy:csat_presales:good",
        "dummy:csat_presales:neutral",
        "dummy:csat_presales:N/A",
        "dummy:operating_system:Windows",
        "dummy:operating_system:Android",
        "dummy:operating_system:iOS",
        "dummy:operating_system:Mac OS",
        "dummy:operating_system:Linux",
        "dummy:operating_system:Chrome OS",
        "dummy:operating_system:N/A",
        "dummy:day:lundi",
        "dummy:day:dimanche",
        "dummy:day:mardi",
        "dummy:day:mercredi",
        "dummy:day:jeudi",
        "dummy:day:samedi",
        "dummy:day:N/A",
        "dummy:payment_method:visa",
        "dummy:payment_method:paypal",
        "dummy:payment_method:mastercard",
        "dummy:payment_method:oney3x",
        "dummy:payment_method:transfer",
        "dummy:payment_method:payment-intent",
        "dummy:payment_method:sofort",
        "dummy:payment_method:N/A",
        "dummy:first_order:false",
        "dummy:first_order:N/A",
        "dummy:has_manodvisor_contact:false",
        "dummy:has_manodvisor_contact:N/A",
        "dummy:has_presales_contact:false",
        "dummy:has_presales_contact:N/A",
        "dummy:bv_transaction:59,99",
        "dummy:bv_transaction:39,99",
        "dummy:bv_transaction:89,99",
        "dummy:bv_transaction:49,99",
        "dummy:bv_transaction:79,99",
        "dummy:bv_transaction:39,9",
        "dummy:bv_transaction:69,99",
        "dummy:bv_transaction:29,99",
        "dummy:bv_transaction:19,99",
        "dummy:bv_transaction:24,99",
        "dummy:bv_transaction:99,99",
        "dummy:bv_transaction:119,99",
        "dummy:bv_transaction:34,99",
        "dummy:bv_transaction:44,99",
        "dummy:bv_transaction:27,99",
        "dummy:bv_transaction:14,99",
        "dummy:bv_transaction:54,99",
        "dummy:bv_transaction:89,9",
        "dummy:bv_transaction:23,99",
        "dummy:bv_transaction:139,99",
        "dummy:bv_transaction:42,99",
        "dummy:bv_transaction:64,99",
        "dummy:bv_transaction:31,99",
        "dummy:bv_transaction:17,99",
        "dummy:bv_transaction:49,9",
        "dummy:bv_transaction:21,99",
        "dummy:bv_transaction:55,99",
        "dummy:bv_transaction:37,99",
        "dummy:bv_transaction:43,99",
        "dummy:bv_transaction:199,99",
        "dummy:bv_transaction:28,99",
        "dummy:bv_transaction:109,99",
        "dummy:bv_transaction:18,99",
        "dummy:bv_transaction:46,99",
        "dummy:bv_transaction:149,99",
        "dummy:bv_transaction:22,99",
        "dummy:bv_transaction:75,99",
        "dummy:bv_transaction:36,99",
        "dummy:bv_transaction:30,99",
        "dummy:bv_transaction:34,9",
        "dummy:bv_transaction:35,99",
        "dummy:bv_transaction:16,99",
        "dummy:bv_transaction:33,99",
        "dummy:bv_transaction:25,99",
        "dummy:bv_transaction:15,99",
        "dummy:bv_transaction:69,9",
        "dummy:bv_transaction:45,99",
        "dummy:bv_transaction:99,9",
        "dummy:bv_transaction:74,99",
        "dummy:bv_transaction:129,99",
        "dummy:bv_transaction:29,95",
        "dummy:bv_transaction:29,9",
        "dummy:bv_transaction:67,99",
        "dummy:bv_transaction:103,99",
        "dummy:bv_transaction:59,95",
        "dummy:bv_transaction:86,99",
        "dummy:bv_transaction:179,99",
        "dummy:bv_transaction:159",
        "dummy:bv_transaction:19,8",
        "dummy:bv_transaction:129,9",
        "dummy:bv_transaction:109,9",
        "dummy:bv_transaction:89,95",
        "dummy:bv_transaction:84,99",
        "dummy:bv_transaction:65,99",
        "dummy:bv_transaction:61,99",
        "dummy:bv_transaction:52,99",
        "dummy:bv_transaction:69,95",
        "dummy:bv_transaction:94,9",
        "dummy:bv_transaction:62,99",
        "dummy:bv_transaction:114,99",
        "dummy:bv_transaction:145,99",
        "dummy:bv_transaction:119,9",
        "dummy:bv_transaction:38,99",
        "dummy:bv_transaction:33,9",
        "dummy:bv_transaction:98,99",
        "dummy:bv_transaction:37,95",
        "dummy:bv_transaction:22,95",
        "dummy:bv_transaction:58,99",
        "dummy:bv_transaction:56,99",
        "dummy:bv_transaction:68,99",
        "dummy:bv_transaction:134,99",
        "dummy:bv_transaction:72,99",
        "dummy:bv_transaction:32,9",
        "dummy:bv_transaction:32,99",
        "dummy:bv_transaction:60,99",
        "dummy:bv_transaction:53,99",
        "dummy:bv_transaction:59,9",
        "dummy:bv_transaction:20,99",
        "dummy:bv_transaction:57,99",
        "dummy:bv_transaction:189,99",
        "dummy:bv_transaction:79,9",
        "dummy:bv_transaction:117,99",
        "dummy:bv_transaction:35,98",
        "dummy:bv_transaction:159,99",
        "dummy:bv_transaction:48,99",
        "dummy:bv_transaction:12,99",
        "dummy:bv_transaction:124,99",
        "dummy:bv_transaction:94,99",
        "dummy:bv_transaction:149,9",
        "dummy:bv_transaction:144,9",
        "dummy:bv_transaction:199",
        "dummy:bv_transaction:N/A",
        "dummy:last_paid_channel:SHOPBOT",
        "dummy:last_paid_channel:DIRECT_ACCESS",
        "dummy:last_paid_channel:SEM",
        "dummy:last_paid_channel:SEO-SEARCH",
        "dummy:last_paid_channel:SEO-BRAND",
        "dummy:last_paid_channel:RETARGETING",
        "dummy:last_paid_channel:EMAIL",
        "dummy:last_paid_channel:AFFILIATION",
        "dummy:last_paid_channel:DISPLAY",
        "dummy:last_paid_channel:VIRAL-BRAND",
        "dummy:last_paid_channel:N/A",
        "dummy:is_mf:false",
        "dummy:is_mf:N/A",
        "dummy:month:N/A",
        "dummy:family:Jardin piscine",
        "dummy:family:Outillage",
        "dummy:family:Mobilier d'int\u00e9rieur",
        "dummy:family:Quincaillerie",
        "dummy:family:Salle de bain, WC",
        "dummy:family:Luminaire",
        "dummy:family:Plomberie chauffage",
        "dummy:family:Electricit\u00e9",
        "dummy:family:Animalerie",
        "dummy:family:Rev\u00eatement sol et mur",
        "dummy:family:Cuisine",
        "dummy:family:N/A",
        "dummy:device:desktop",
        "dummy:device:phone",
        "dummy:device:N/A"
    ],
    "classes": [
        "Promoter",
        "Passive",
        "Detractor"
    ],
    "confusion": {
        "totalRows": 2512,
        "perActual": {
            "Promoter": {
                "actualClassCount": 1843.0,
                "perPredicted": {
                    "Promoter": 1836,
                    "Passive": 0,
                    "Detractor": 7
                }
            },
            "Passive": {
                "actualClassCount": 531.0,
                "perPredicted": {
                    "Promoter": 526,
                    "Passive": 0,
                    "Detractor": 5
                }
            },
            "Detractor": {
                "actualClassCount": 138.0,
                "perPredicted": {
                    "Promoter": 136,
                    "Passive": 0,
                    "Detractor": 2
                }
            }
        }
    },
    "oneVsAllRocAUC": {
        "Promoter": 0.5875850691867666,
        "Passive": 0.5503773608223509,
        "Detractor": 0.588162216280234
    },
    "oneVsAllRocCurves": {
        "Promoter": [
            {
                "x": 0.0,
                "y": 0.0,
                "p": 1.663425417164802
            },
            {
                "x": 0.013452914798206279,
                "y": 0.037438958220293,
                "p": 0.6206139842609038
            },
            {
                "x": 0.028400597907324365,
                "y": 0.07542051003798156,
                "p": 0.5975226805171119
            },
            {
                "x": 0.043348281016442454,
                "y": 0.112316874660879,
                "p": 0.5851201201933678
            },
            {
                "x": 0.06726457399103139,
                "y": 0.14053174172544763,
                "p": 0.576808683075877
            },
            {
                "x": 0.08819133034379671,
                "y": 0.17362995116657623,
                "p": 0.5699496491162696
            },
            {
                "x": 0.11210762331838565,
                "y": 0.20075963103635378,
                "p": 0.5624504133195908
            },
            {
                "x": 0.1375186846038864,
                "y": 0.23060227889310905,
                "p": 0.5539455611261406
            },
            {
                "x": 0.16442451420029897,
                "y": 0.25773195876288657,
                "p": 0.5492230520690545
            },
            {
                "x": 0.18535127055306427,
                "y": 0.29245794899620187,
                "p": 0.5429217463702136
            },
            {
                "x": 0.20926756352765322,
                "y": 0.32121540965816603,
                "p": 0.5353732573321729
            },
            {
                "x": 0.23318385650224216,
                "y": 0.35160065111231686,
                "p": 0.5316734917781817
            },
            {
                "x": 0.2615844544095665,
                "y": 0.3819858925664677,
                "p": 0.5279128700800341
            },
            {
                "x": 0.2884902840059791,
                "y": 0.40803038524145413,
                "p": 0.5221049783914167
            },
            {
                "x": 0.31689088191330345,
                "y": 0.4329896907216495,
                "p": 0.5172733612780352
            },
            {
                "x": 0.3452914798206278,
                "y": 0.4584915897992404,
                "p": 0.5132012341722394
            },
            {
                "x": 0.3721973094170404,
                "y": 0.4861638632664135,
                "p": 0.5090543150335411
            },
            {
                "x": 0.40358744394618834,
                "y": 0.5105805751492133,
                "p": 0.5054623618961277
            },
            {
                "x": 0.43647234678624813,
                "y": 0.5339120998372219,
                "p": 0.5024818298374595
            },
            {
                "x": 0.45739910313901344,
                "y": 0.5675529028757461,
                "p": 0.49851332303682816
            },
            {
                "x": 0.4813153961136024,
                "y": 0.6006511123168746,
                "p": 0.4951156036916486
            },
            {
                "x": 0.5127055306427504,
                "y": 0.6326641345632121,
                "p": 0.4920438304068752
            },
            {
                "x": 0.5426008968609866,
                "y": 0.6565382528486163,
                "p": 0.4884414557573048
            },
            {
                "x": 0.5769805680119582,
                "y": 0.6776994031470429,
                "p": 0.4832311805170918
            },
            {
                "x": 0.600896860986547,
                "y": 0.7075420510037982,
                "p": 0.47952282083968556
            },
            {
                "x": 0.6263079222720478,
                "y": 0.7357569180683667,
                "p": 0.47343829508231383
            },
            {
                "x": 0.6576980568011959,
                "y": 0.7585458491589799,
                "p": 0.46853894864028556
            },
            {
                "x": 0.6905829596412556,
                "y": 0.781334780249593,
                "p": 0.4641111870209362
            },
            {
                "x": 0.7159940209267563,
                "y": 0.8117200217037439,
                "p": 0.46022803125404704
            },
            {
                "x": 0.7488789237668162,
                "y": 0.8350515463917526,
                "p": 0.454363359387979
            },
            {
                "x": 0.7787742899850523,
                "y": 0.8600108518719479,
                "p": 0.4510190489992968
            },
            {
                "x": 0.8146487294469357,
                "y": 0.8871405317417255,
                "p": 0.4484086182700157
            },
            {
                "x": 0.8475336322869955,
                "y": 0.9099294628323386,
                "p": 0.4413343749191976
            },
            {
                "x": 0.890881913303438,
                "y": 0.931090613130765,
                "p": 0.4355873234051318
            },
            {
                "x": 0.9237668161434978,
                "y": 0.9549647314161693,
                "p": 0.4261047375465137
            },
            {
                "x": 0.9566517189835575,
                "y": 0.9744981009224091,
                "p": 0.4130775449338417
            },
            {
                "x": 0.9865470852017937,
                "y": 0.9956592512208355,
                "p": 0.3717660392683837
            },
            {
                "x": 1.0,
                "y": 1.0,
                "p": 0.22119508402145954
            }
        ],
        "Passive": [
            {
                "x": 0.0,
                "y": 0.0,
                "p": 1.366428449595937
            },
            {
                "x": 0.02624936900555275,
                "y": 0.02824858757062147,
                "p": 0.31993506731455623
            },
            {
                "x": 0.05754669358909641,
                "y": 0.054613935969868174,
                "p": 0.31393712453851724
            },
            {
                "x": 0.08278647147905098,
                "y": 0.08662900188323917,
                "p": 0.3097380389151067
            },
            {
                "x": 0.10802624936900555,
                "y": 0.12052730696798493,
                "p": 0.3075456642731878
            },
            {
                "x": 0.13023725391216556,
                "y": 0.15819209039548024,
                "p": 0.3041275003959593
            },
            {
                "x": 0.15598182735991922,
                "y": 0.1864406779661017,
                "p": 0.30081087464405837
            },
            {
                "x": 0.17970721857647654,
                "y": 0.2297551789077213,
                "p": 0.29791916854434586
            },
            {
                "x": 0.20696617869762746,
                "y": 0.2580037664783427,
                "p": 0.29431839540150057
            },
            {
                "x": 0.23119636547198386,
                "y": 0.288135593220339,
                "p": 0.2915111583117605
            },
            {
                "x": 0.25946491670873295,
                "y": 0.3145009416195857,
                "p": 0.2889292057985705
            },
            {
                "x": 0.2801615345784957,
                "y": 0.3483992467043315,
                "p": 0.28726958166344535
            },
            {
                "x": 0.3003533568904594,
                "y": 0.384180790960452,
                "p": 0.2858181127860815
            },
            {
                "x": 0.33518425037859667,
                "y": 0.4067796610169492,
                "p": 0.28372133894408136
            },
            {
                "x": 0.3629480060575467,
                "y": 0.4331450094161959,
                "p": 0.2818908495022154
            },
            {
                "x": 0.38869257950530034,
                "y": 0.4632768361581921,
                "p": 0.2800913233350506
            },
            {
                "x": 0.41241797072185765,
                "y": 0.4934086629001883,
                "p": 0.27848907849431953
            },
            {
                "x": 0.43715295305401314,
                "y": 0.5235404896421846,
                "p": 0.27633310506450953
            },
            {
                "x": 0.4734982332155477,
                "y": 0.5480225988700564,
                "p": 0.2737073866050284
            },
            {
                "x": 0.49974760222110043,
                "y": 0.576271186440678,
                "p": 0.2707188826402629
            },
            {
                "x": 0.5219586067642604,
                "y": 0.6064030131826742,
                "p": 0.2677596081190166
            },
            {
                "x": 0.5451792024230186,
                "y": 0.6365348399246704,
                "p": 0.2650543312890319
            },
            {
                "x": 0.5759717314487632,
                "y": 0.6572504708097928,
                "p": 0.26127139138251676
            },
            {
                "x": 0.6047450782433115,
                "y": 0.6817325800376648,
                "p": 0.2581624901024026
            },
            {
                "x": 0.6390711761736497,
                "y": 0.7005649717514124,
                "p": 0.2558700295213288
            },
            {
                "x": 0.6733972741039879,
                "y": 0.71939736346516,
                "p": 0.25348933787169403
            },
            {
                "x": 0.6986370519939424,
                "y": 0.7476459510357816,
                "p": 0.2503276364980165
            },
            {
                "x": 0.7228672387682988,
                "y": 0.7777777777777778,
                "p": 0.2473463491940097
            },
            {
                "x": 0.7486118122160526,
                "y": 0.8041431261770244,
                "p": 0.24314523734818033
            },
            {
                "x": 0.7768803634528016,
                "y": 0.8286252354048964,
                "p": 0.23807917539427875
            },
            {
                "x": 0.8081776880363453,
                "y": 0.8493408662900188,
                "p": 0.2346871199283205
            },
            {
                "x": 0.834427057041898,
                "y": 0.8757062146892656,
                "p": 0.23126737515157783
            },
            {
                "x": 0.8596668349318526,
                "y": 0.9020715630885122,
                "p": 0.22750803310280604
            },
            {
                "x": 0.8914689550731953,
                "y": 0.9227871939736346,
                "p": 0.2206793388777681
            },
            {
                "x": 0.9167087329631499,
                "y": 0.9491525423728814,
                "p": 0.2137398288674615
            },
            {
                "x": 0.9469964664310954,
                "y": 0.9698681732580038,
                "p": 0.20656649705621352
            },
            {
                "x": 0.9772841998990409,
                "y": 0.992467043314501,
                "p": 0.18782664878609479
            },
            {
                "x": 1.0,
                "y": 1.0,
                "p": 0.13627793379494746
            }
        ],
        "Detractor": [
            {
                "x": 0.0,
                "y": 0.0,
                "p": 1.5681901587161575
            },
            {
                "x": 0.016849199663016005,
                "y": 0.036231884057971016,
                "p": 0.3284883509317811
            },
            {
                "x": 0.04170176916596462,
                "y": 0.06521739130434782,
                "p": 0.3064898216595453
            },
            {
                "x": 0.05728727885425442,
                "y": 0.10144927536231885,
                "p": 0.29845558590701704
            },
            {
                "x": 0.07919123841617523,
                "y": 0.13043478260869565,
                "p": 0.28989698348757015
            },
            {
                "x": 0.09730412805391744,
                "y": 0.17391304347826086,
                "p": 0.28378223190081747
            },
            {
                "x": 0.11962931760741365,
                "y": 0.2028985507246377,
                "p": 0.2763362998554076
            },
            {
                "x": 0.13900589721988205,
                "y": 0.2391304347826087,
                "p": 0.272546728721554
            },
            {
                "x": 0.17186183656276327,
                "y": 0.2608695652173913,
                "p": 0.2661663400794637
            },
            {
                "x": 0.2009267059814659,
                "y": 0.2826086956521739,
                "p": 0.26008382865875906
            },
            {
                "x": 0.22872788542544228,
                "y": 0.3188405797101449,
                "p": 0.2544469805792394
            },
            {
                "x": 0.2502106149957877,
                "y": 0.34782608695652173,
                "p": 0.25164312840785635
            },
            {
                "x": 0.2700084245998315,
                "y": 0.38405797101449274,
                "p": 0.24895150418023668
            },
            {
                "x": 0.2923336141533277,
                "y": 0.41304347826086957,
                "p": 0.24557094972974228
            },
            {
                "x": 0.32729570345408593,
                "y": 0.43478260869565216,
                "p": 0.24305026775022748
            },
            {
                "x": 0.33698399326032014,
                "y": 0.4782608695652174,
                "p": 0.2415786395571144
            },
            {
                "x": 0.36099410278011795,
                "y": 0.5072463768115942,
                "p": 0.23770602630138435
            },
            {
                "x": 0.3909014321819714,
                "y": 0.5289855072463768,
                "p": 0.2355451079723651
            },
            {
                "x": 0.42459983150800334,
                "y": 0.5507246376811594,
                "p": 0.23168652462830427
            },
            {
                "x": 0.45366470092670597,
                "y": 0.572463768115942,
                "p": 0.22798051134974162
            },
            {
                "x": 0.489469250210615,
                "y": 0.5942028985507246,
                "p": 0.22496308489976832
            },
            {
                "x": 0.5113732097725358,
                "y": 0.6231884057971014,
                "p": 0.22265046340034286
            },
            {
                "x": 0.533698399326032,
                "y": 0.6594202898550725,
                "p": 0.2198221168561069
            },
            {
                "x": 0.5661331086773378,
                "y": 0.6811594202898551,
                "p": 0.2168866836477839
            },
            {
                "x": 0.5977253580454929,
                "y": 0.7028985507246377,
                "p": 0.2135552705004129
            },
            {
                "x": 0.6213142375737153,
                "y": 0.7318840579710145,
                "p": 0.21071320719740047
            },
            {
                "x": 0.6529064869418703,
                "y": 0.7536231884057971,
                "p": 0.20689703489347888
            },
            {
                "x": 0.6823925863521483,
                "y": 0.782608695652174,
                "p": 0.20342159732522433
            },
            {
                "x": 0.7013479359730412,
                "y": 0.8188405797101449,
                "p": 0.20043146792077904
            },
            {
                "x": 0.7375737152485257,
                "y": 0.8333333333333334,
                "p": 0.19584268794661716
            },
            {
                "x": 0.7624262847514743,
                "y": 0.8623188405797102,
                "p": 0.19144614678218969
            },
            {
                "x": 0.7994945240101096,
                "y": 0.8768115942028986,
                "p": 0.1856709594690141
            },
            {
                "x": 0.8171861836562764,
                "y": 0.9130434782608695,
                "p": 0.18359117198446062
            },
            {
                "x": 0.8491996630160067,
                "y": 0.9347826086956522,
                "p": 0.1780956569655839
            },
            {
                "x": 0.8786857624262847,
                "y": 0.9565217391304348,
                "p": 0.17176644551581208
            },
            {
                "x": 0.9288121314237574,
                "y": 0.9565217391304348,
                "p": 0.16170900937175417
            },
            {
                "x": 0.9587194608256108,
                "y": 0.9782608695652174,
                "p": 0.15028721776318443
            },
            {
                "x": 0.995787700084246,
                "y": 0.9927536231884058,
                "p": 0.12104555999458719
            },
            {
                "x": 1.0,
                "y": 1.0,
                "p": 0.10798549921885205
            }
        ]
    },
    "oneVsAllCalibrationCurves": {
        "Promoter": [
            {
                "y": 0,
                "x": 0,
                "n": 0
            },
            {
                "y": 1.0,
                "x": 0.2576878403647668,
                "n": 2.0
            },
            {
                "y": 0.5,
                "x": 0.37429997562999545,
                "n": 42.0
            },
            {
                "y": 0.6974716652136007,
                "x": 0.46393300773780244,
                "n": 1147.0
            },
            {
                "y": 0.7614213197969543,
                "x": 0.5409712536529844,
                "n": 1182.0
            },
            {
                "y": 0.8633093525179856,
                "x": 0.6240801076805366,
                "n": 139.0
            },
            {
                "y": 1,
                "x": 1,
                "n": 0
            }
        ],
        "Passive": [
            {
                "y": 0,
                "x": 0,
                "n": 0
            },
            {
                "y": 0.1111111111111111,
                "x": 0.18391533405978094,
                "n": 90.0
            },
            {
                "y": 0.20841683366733466,
                "x": 0.2610561416316296,
                "n": 1996.0
            },
            {
                "y": 0.24647887323943662,
                "x": 0.31152165126749737,
                "n": 426.0
            },
            {
                "y": 1,
                "x": 1,
                "n": 0
            }
        ],
        "Detractor": [
            {
                "y": 0,
                "x": 0,
                "n": 0
            },
            {
                "y": 0.034482758620689655,
                "x": 0.17358720548224396,
                "n": 725.0
            },
            {
                "y": 0.060109289617486336,
                "x": 0.2398703595936662,
                "n": 1647.0
            },
            {
                "y": 0.10606060606060606,
                "x": 0.3217103924138616,
                "n": 132.0
            },
            {
                "y": 0.0,
                "x": 0.43736960460594126,
                "n": 6.0
            },
            {
                "y": 0.0,
                "x": 0.5609254142009148,
                "n": 2.0
            },
            {
                "y": 1,
                "x": 1,
                "n": 0
            }
        ]
    },
    "oneVsAllCalibrationLoss": {
        "Promoter": 0.22629685855180298,
        "Passive": 0.05546523176833872,
        "Detractor": 0.17083162678346428
    },
    "densityData": {
        "Promoter": {
            "correct": [
                1.3456704197593884e-62,
                3.097916218259043e-57,
                4.005105982087259e-52,
                2.907848255651848e-47,
                1.1856127147716239e-42,
                2.7147343553180143e-38,
                3.4908019673131657e-34,
                2.5207888385474942e-30,
                1.022259380704636e-26,
                2.3280865615800542e-23,
                2.97749146705413e-20,
                2.1385298139001455e-17,
                8.625682635621132e-15,
                1.95382212452037e-12,
                2.4853637131616374e-10,
                1.7754492611259632e-08,
                7.122623035487228e-07,
                1.604667425096251e-05,
                0.00020302218390965847,
                0.0014424983863172644,
                0.005755731933833552,
                0.012897310841430597,
                0.016229731762045868,
                0.011469615390172617,
                0.0045600762024634554,
                0.001134917696201405,
                0.0011026639151710943,
                0.004460606868305628,
                0.011603834189205386,
                0.018583060898472375,
                0.024234467957595162,
                0.037339598216094665,
                0.055404250462492734,
                0.0589197296965521,
                0.04761095680817331,
                0.04972273929875669,
                0.08751951356157188,
                0.16899396209801174,
                0.3113992631213664,
                0.5364809965549895,
                0.8750049648705338,
                1.393223667833831,
                2.166468834326665,
                3.2173676986838697,
                4.378116551929886,
                5.21282472769322,
                5.545175466996692,
                5.8396113251879065,
                6.47937628146755,
                7.09223218941832,
                7.0821542034221165,
                6.54653043851307,
                5.97304402606885,
                5.468038466531448,
                4.951950419273141,
                4.476561231319952,
                4.093790986255085,
                3.734427919078549,
                3.256257959023016,
                2.6195922787348853,
                1.9627873831029035,
                1.5089753272501818,
                1.2673701936015787,
                1.0282553358369906,
                0.7037586522833421,
                0.39247468948354547,
                0.18112773507007301,
                0.06630102886537594,
                0.017064581964824688,
                0.0027682828329878796,
                0.00026652583998110744,
                1.4823053996952089e-05,
                4.7062619109517434e-07,
                8.483289165054892e-09,
                8.656831484777779e-11,
                4.99267499928432e-13,
                1.6256184421914073e-15,
                2.986003715528971e-18,
                3.092515535402405e-21,
                1.805111016184665e-24,
                5.93643647192611e-28,
                1.0996738017441588e-31,
                1.1471581115775857e-35,
                6.737872102889627e-40,
                2.227875244449073e-44,
                4.146325257287769e-49,
                4.342916541681571e-54,
                2.5597093802423736e-59,
                8.48867132009078e-65,
                1.5837268715302727e-70,
                1.6621354436590572e-76,
                9.811926943425955e-83,
                3.257633192231759e-89,
                6.082332175113176e-96,
                6.385870103341481e-103,
                3.7697773602884116e-110,
                1.2511875613492204e-117,
                2.3345724349061542e-125,
                2.4487210238872287e-133,
                1.4437391704200225e-141
            ],
            "incorrect": [
                4.729144340185594e-100,
                4.3661423155359714e-94,
                2.6178341891933614e-88,
                1.0193314339498978e-82,
                2.5776140399547277e-77,
                4.23301476004253e-72,
                4.514518613889834e-67,
                3.126823775163359e-62,
                1.4064569251004854e-57,
                4.108485022741058e-53,
                7.794189773037108e-49,
                9.602777585338028e-45,
                7.683575167915878e-41,
                3.9927888669985025e-37,
                1.3475498370014767e-33,
                2.9538085211777965e-30,
                4.2054193615923164e-27,
                3.889168434116973e-24,
                2.3365322323082616e-21,
                9.120657659536426e-19,
                2.3138197422192545e-16,
                3.816363725311059e-14,
                4.094910548510502e-12,
                2.8609410743547556e-10,
                1.3033153875171978e-08,
                3.8796428247866653e-07,
                7.570694741841684e-06,
                9.731264070494997e-05,
                0.0008297511984056953,
                0.004741150500559248,
                0.018427704520256,
                0.04991441931142497,
                0.09862446816453677,
                0.1554362150209128,
                0.22263220340272938,
                0.31391900888044466,
                0.42368695527068795,
                0.533108368768593,
                0.6655631141144455,
                0.9142243144495549,
                1.4010925364629814,
                2.2171791340656393,
                3.37468361896779,
                4.714058661908694,
                5.857884132838474,
                6.46346771638206,
                6.594942784724115,
                6.65885457997636,
                6.899769045512927,
                7.133247202894596,
                7.040255072381091,
                6.528349902530958,
                5.745120127594212,
                4.914465714490558,
                4.209622830950753,
                3.6571527403080437,
                3.15202650708676,
                2.594318400651814,
                1.9866733308427178,
                1.4264534019892696,
                0.9988116609745222,
                0.7013460624211008,
                0.4860893022868914,
                0.3263866950769138,
                0.2194645487497628,
                0.14869268378690112,
                0.08982261252785267,
                0.04160546306710981,
                0.01351806855186503,
                0.0029598739622232724,
                0.0004291249148823291,
                4.0853806736636875e-05,
                2.5430502616258758e-06,
                1.0325748692317558e-07,
                2.731102005659472e-09,
                4.701651659393754e-11,
                5.265553410872953e-13,
                3.835172829021474e-15,
                1.8163015078386765e-17,
                5.592381247121371e-20,
                1.1193671424850193e-22,
                1.4564207699092965e-25,
                1.231735673661859e-28,
                6.770895141807174e-32,
                2.419114258935398e-35,
                5.6173770183683914e-39,
                8.477419677226371e-43,
                8.314445410796313e-47,
                5.299432314411528e-51,
                2.1950234118121358e-55,
                5.90813311055125e-60,
                1.0333573440676954e-64,
                1.1744324674753846e-69,
                8.673037697379393e-75,
                4.161681110936082e-80,
                1.297507210163888e-85,
                2.628352114043598e-91,
                3.4592329995814113e-97,
                2.9579352280353283e-103,
                1.6432381680263586e-109
            ],
            "correctMedian": 0.5067179657748774,
            "incorrectMedian": 0.49263639116053554
        },
        "Passive": {
            "correct": [
                2.777721483777707e-75,
                4.8808546130278313e-67,
                2.771030376095331e-59,
                5.083061534631248e-52,
                3.012652794131962e-45,
                5.7691874187970067e-39,
                3.569662309524573e-33,
                7.136711938109253e-28,
                4.610568732187273e-23,
                9.626270465568437e-19,
                6.497611726741512e-15,
                1.4190153800473257e-11,
                1.0046337770743536e-08,
                2.31741951440894e-06,
                0.00017658388101834992,
                0.004621840976354183,
                0.04612610868284797,
                0.2146790306657741,
                0.5651922721907583,
                1.0330505391120912,
                1.8673278015350108,
                3.0205769972283396,
                4.162451858837588,
                5.556916518697885,
                6.794779338117582,
                7.7609353648794,
                8.901052809414194,
                11.2320201247427,
                13.178628800280752,
                12.370668377087808,
                10.200566372321727,
                7.132705604445226,
                3.456397658105167,
                1.1476245731261305,
                0.2990693611318392,
                0.05064856755288052,
                0.0036857057220600325,
                9.43081926223211e-05,
                8.012701962813224e-07,
                2.226664765341495e-09,
                2.0152498664707685e-12,
                5.932002202933065e-16,
                5.675629742646432e-20,
                1.7644049394022555e-24,
                1.781564609428528e-29,
                5.840754621352279e-35,
                6.214983671542303e-41,
                2.1456117423218127e-47,
                2.4023664074701592e-54,
                8.720570764888818e-62,
                1.0259241305765924e-69,
                3.9102630162163276e-78,
                4.82706129864591e-87,
                1.929400142083632e-96,
                2.4963879639233407e-106,
                1.0453236575621106e-116,
                1.4162752918802883e-127,
                6.207576802705093e-139,
                8.800406122005805e-151,
                4.0348440262823244e-163,
                5.981900897367969e-176,
                2.8674251209547487e-189,
                4.443688145052687e-203,
                2.2261652218917453e-217,
                3.6049738864008154e-232,
                1.886907430145751e-247,
                3.1921211228124934e-263,
                1.7452924834714918e-279,
                3.083896322865409e-296,
                1.7609987856e-313,
                0.0,
                0.0,
                0.0,
                0.0,
                0.0,
                0.0,
                0.0,
                0.0,
                0.0,
                0.0,
                0.0,
                0.0,
                0.0,
                0.0,
                0.0,
                0.0,
                0.0,
                0.0,
                0.0,
                0.0,
                0.0,
                0.0,
                0.0,
                0.0,
                0.0,
                0.0,
                0.0,
                0.0,
                0.0,
                0.0
            ],
            "incorrect": [
                2.764797378350504e-66,
                3.7337898742915547e-57,
                9.996146843970291e-49,
                5.305319826966581e-41,
                5.581959768632715e-34,
                1.1642815705827572e-27,
                4.814215573678245e-22,
                3.9462921747077276e-17,
                6.412821786190335e-13,
                2.0658835538112415e-09,
                1.3193670075577884e-06,
                0.0001670744077714586,
                0.004205181610905213,
                0.02171659647932753,
                0.03463759409262757,
                0.10363608152865253,
                0.3881781274349435,
                0.6716650055777215,
                0.9565167359462415,
                1.4589987389538608,
                2.3571978357308336,
                3.6802620530450265,
                4.9231821559859315,
                6.524805990178189,
                7.432369926586771,
                9.1301230914394,
                9.76653715582844,
                10.896544026578264,
                12.405540325178654,
                10.25801438903309,
                7.905371334527296,
                5.896177555549242,
                2.92121422354979,
                0.9299176148922436,
                0.21310491892393985,
                0.04779871323167939,
                0.04728979157774793,
                0.02218049639681275,
                0.0025630793403378857,
                6.534606328071558e-05,
                3.453719727628625e-07,
                3.6800659022285963e-10,
                7.820871721380513e-14,
                3.3020730204535162e-18,
                2.7659533571717665e-23,
                4.5942614495400916e-29,
                1.512947224753914e-35,
                9.877396533262468e-43,
                1.2783873827081407e-50,
                3.280049837980071e-59,
                1.6683809767057016e-68,
                1.682311552108055e-78,
                3.362899528456831e-89,
                1.3326545122835906e-100,
                1.0469295418321225e-112,
                1.630472686052152e-125,
                5.033913994232368e-139,
                3.081018061003688e-153,
                3.7383407631847493e-168,
                8.992070799563488e-184,
                4.2878219002934893e-200,
                4.053311190201104e-217,
                7.595901884116019e-235,
                2.8219215369265544e-253,
                2.0782926942614646e-272,
                3.0343430373305455e-292,
                8.7825136199e-313,
                0.0,
                0.0,
                0.0,
                0.0,
                0.0,
                0.0,
                0.0,
                0.0,
                0.0,
                0.0,
                0.0,
                0.0,
                0.0,
                0.0,
                0.0,
                0.0,
                0.0,
                0.0,
                0.0,
                0.0,
                0.0,
                0.0,
                0.0,
                0.0,
                0.0,
                0.0,
                0.0,
                0.0,
                0.0,
                0.0,
                0.0,
                0.0,
                0.0
            ],
            "correctMedian": 0.2778167788520457,
            "incorrectMedian": 0.2706940667523373
        },
        "Detractor": {
            "correct": [
                4.108383462409056e-09,
                9.256361749136465e-08,
                1.5363429593356337e-06,
                1.8786652856669915e-05,
                0.00016928183333113817,
                0.0011245707516526254,
                0.005514728963233447,
                0.020027064460264695,
                0.054307037822022945,
                0.11229567993978982,
                0.1861069202785094,
                0.2720896330944632,
                0.3931893733687267,
                0.5864284901903879,
                0.8819993849676308,
                1.3349524430253563,
                2.0487432031456096,
                3.0839939630106206,
                4.346178248199847,
                5.631678733109458,
                6.766777483769394,
                7.661209365188023,
                8.274314186245366,
                8.54908438786061,
                8.373621352655897,
                7.703218122485686,
                6.73255798867433,
                5.774122382954914,
                4.945292278465971,
                4.134621511247765,
                3.2573578118477036,
                2.392310309021197,
                1.6643889950812576,
                1.1086829033771661,
                0.6938102982584046,
                0.411265707492703,
                0.27973267632637516,
                0.2779492650778201,
                0.3181979925939041,
                0.30734563105173635,
                0.2253403307679037,
                0.12251691691639784,
                0.049164785369442396,
                0.014547972131155353,
                0.0031736310975405842,
                0.0005103837274080502,
                6.050861034774525e-05,
                5.288267041945964e-06,
                3.4070726497342764e-07,
                1.618143044696392e-08,
                5.665199995362446e-10,
                1.462080760728496e-11,
                2.781505278759641e-13,
                3.900633510692043e-15,
                4.0320989821294417e-17,
                3.072287102586172e-19,
                1.725522251732114e-21,
                7.143332616270876e-24,
                2.1796961196706074e-26,
                4.902288822840382e-29,
                8.126484171912337e-32,
                9.928879995216626e-35,
                8.940966311587408e-38,
                5.934007857238411e-41,
                2.9025791088423485e-44,
                1.0463696820902305e-47,
                2.779996487180343e-51,
                5.443200120815913e-55,
                7.8543151404248715e-59,
                8.352171639943482e-63,
                6.54516756273715e-67,
                3.779772998465842e-71,
                1.6085245866419204e-75,
                5.044293044569422e-80,
                1.1656744085632263e-84,
                1.984963130900735e-89,
                2.4906912525235253e-94,
                2.302893306084279e-99,
                1.5689481072304775e-104,
                7.876236005635514e-110,
                2.9133921916830707e-115,
                7.940432442918914e-121,
                1.594591283899595e-126,
                2.3594450728642705e-132,
                2.5722964029620682e-138,
                2.06622860692558e-144,
                1.2228626629895735e-150,
                5.332303432342978e-157,
                1.7131127198253204e-163,
                4.054965456390469e-170,
                7.071554386356338e-177,
                9.085851722425449e-184,
                8.600745716673547e-191,
                5.998229637652699e-198,
                3.0819354572052302e-205,
                1.1666337810012745e-212,
                3.2535188718940426e-220,
                6.684627775035654e-228,
                1.0118210446485466e-235,
                1.1283149611765717e-243
            ],
            "incorrect": [
                2.677364071879725e-26,
                4.787739592494234e-22,
                3.3111836786104593e-18,
                8.861081608783244e-15,
                9.187138303246059e-12,
                3.7016171617152757e-09,
                5.839918353171453e-07,
                3.6753192009494884e-05,
                0.0009636849919587699,
                0.011493494524916662,
                0.07075953477152191,
                0.24981867875487046,
                0.555642986994337,
                0.971646278326688,
                1.6485588801150557,
                2.6296679943110544,
                3.7948907407514287,
                4.930396283805899,
                5.901112292762002,
                6.703528325183872,
                7.602572339155717,
                8.622891030896708,
                9.227035451376501,
                9.100739287656744,
                8.318638859354197,
                6.907475859060148,
                5.436651839897926,
                4.268414494104617,
                3.344515603031128,
                2.652947434158635,
                1.9896069636569103,
                1.354544489163159,
                0.8741518963781282,
                0.5574989830527453,
                0.36467188648530324,
                0.22233285553533674,
                0.13459002658457772,
                0.09510540895222129,
                0.06067951121794415,
                0.05635268232056983,
                0.05466236615618267,
                0.03389814054747815,
                0.025241610619527326,
                0.03097366832783407,
                0.03137287923792705,
                0.024286385855318164,
                0.012994680792371751,
                0.009893611839789245,
                0.015770528751526854,
                0.012894926341725555,
                0.004136243110265737,
                0.0005294597669134191,
                0.00040581900228758345,
                0.003512414363351815,
                0.01331286199843421,
                0.023660943574390806,
                0.02403841698145622,
                0.014090590927757598,
                0.003919381717071358,
                0.00045085839998049073,
                2.042488441304544e-05,
                3.5944007979017207e-07,
                2.448422381168624e-09,
                6.4497130741785484e-12,
                6.5688126763751035e-15,
                2.5864246801865146e-18,
                3.9370656390571607e-22,
                2.316880585462181e-26,
                5.2709924096115185e-31,
                4.635950255987227e-36,
                1.5763140696125016e-41,
                2.0720695926482145e-47,
                1.0529882435539214e-53,
                2.0687132969388553e-60,
                1.5712116410483797e-67,
                4.613459037429565e-75,
                5.236923721741673e-83,
                2.298176747198687e-91,
                3.8989548194937227e-100,
                2.5572346344510356e-109,
                6.484112651219026e-119,
                6.35606198236668e-129,
                2.408703227051307e-139,
                3.5288732842574907e-150,
                1.9986945665974724e-161,
                4.376373689334821e-173,
                3.704588408718009e-185,
                1.2123363506738926e-197,
                1.5337828928266462e-210,
                7.501744186360113e-224,
                1.418463646470012e-237,
                1.0368878077269132e-251,
                2.9302381913261223e-266,
                3.2013391047325625e-281,
                1.3521287069613727e-296,
                2.207811472254e-312,
                0.0,
                0.0,
                0.0,
                0.0
            ],
            "correctMedian": 0.2378163581584935,
            "incorrectMedian": 0.22390734229344367
        }
    },
    "globalMetrics": {
        "testWeight": 2512,
        "targetAvg": [
            0.7336783439490446,
            0.21138535031847133,
            0.05493630573248408
        ],
        "targetStd": [
            0.4421224343484121,
            0.40837234543159034,
            0.22790126018133605
        ],
        "predictionAvg": [
            0.5073814853972416,
            0.26685058208681006,
            0.2257679325159484
        ],
        "predictionStd": [
            0.05616358716646945,
            0.033718174452125105,
            0.04636210383988756
        ]
    }
}