{
  "state": "DONE",
  "preSearchDescription": {
    "gridLength": 24,
    "searchStrategy": "RANDOM",
    "importantParams": [
      {
        "name": "penalty",
        "vals": [
          "l1"
        ]
      },
      {
        "name": "C",
        "min": "0.01",
        "max": "100.0"
      }
    ]
  },
  "postSearchDescription": {
    "importantParams": [
      {
        "name": "C",
        "val": "0.02891325"
      },
      {
        "name": "penalty",
        "val": "l1"
      }
    ]
  },
  "resumed": false,
  "timeOrderingEnabled": false,
  "sampleWeightsEnabled": false,
  "modelId": "m1",
  "progress": {
    "top_level_todo": [],
    "stack": [],
    "top_level_done": [
      {
        "name": "Loading train set",
        "time": 173
      },
      {
        "name": "Loading test set",
        "time": 83
      },
      {
        "name": "Collecting statistics",
        "time": 107
      },
      {
        "name": "Preprocessing train set",
        "time": 151
      },
      {
        "name": "Preprocessing test set",
        "time": 93
      },
      {
        "name": "Hyperparameter searching",
        "time": 122552
      },
      {
        "name": "Fitting model",
        "time": 349
      },
      {
        "name": "Saving model",
        "time": 4
      },
      {
        "name": "Scoring model",
        "time": 330
      }
    ]
  },
  "startTime": 1642670847775,
  "endTime": 1642670972441,
  "preprocessingTime": 613,
  "trainingTime": 124053,
  "hyperparamsSearchTime": 122552
}