{
  "starred": false,
  "clusterMetas": {},
  "customMeta": {
    "kv": {}
  },
  "tags": [],
  "activeClassifierThreshold": 0.0,
  "description": "",
  "name": "Logistic Regression (s3)",
  "labels": [
    {
      "key": "trainDataset:dataset-name",
      "value": "main_dataset"
    },
    {
      "key": "testDataset:dataset-name",
      "value": "main_dataset"
    },
    {
      "key": "evaluationDataset:dataset-name",
      "value": "main_dataset"
    },
    {
      "key": "model:algorithm",
      "value": "LOGISTIC_REGRESSION"
    },
    {
      "key": "model:name",
      "value": "Logistic Regression (s3)"
    },
    {
      "key": "model:date",
      "value": "2022-01-20T09:29:32.441+0000"
    },
    {
      "key": "evaluation:date",
      "value": "2022-01-20T09:29:32.441+0000"
    }
  ]
}