{
    "startedAt": 1642671480390,
    "gridSize": 24,
    "nThreads": 4,
    "nSplits": 1,
    "metric": "ACCURACY",
    "timeout": null,
    "gridPoints": [
        {
            "finishedAt": 1642671480925,
            "score": 0.3311081441922563,
            "testScoreGibMean": 0.3311081441922563,
            "testScoreMean": 0.3311081441922563,
            "testScoreStd": 0.0,
            "trainScoreMean": 0.3557595993322204,
            "trainScoreStd": 5.551115123125783e-17,
            "time": 500,
            "fitTimeMean": 485.0,
            "fitTimeStd": 0.0,
            "scoreTimeMean": 15.0,
            "scoreTimeStd": 0.0,
            "parameters": {
                "criterion": "gini",
                "max_depth": 5,
                "min_samples_leaf": 9,
                "splitter": "best"
            }
        },
        {
            "finishedAt": 1642671481009,
            "score": 0.33444592790387184,
            "testScoreGibMean": 0.33444592790387184,
            "testScoreMean": 0.33444592790387184,
            "testScoreStd": 0.0,
            "trainScoreMean": 0.3606010016694491,
            "trainScoreStd": 0.0,
            "time": 587,
            "fitTimeMean": 490.0,
            "fitTimeStd": 0.0,
            "scoreTimeMean": 97.0,
            "scoreTimeStd": 0.0,
            "parameters": {
                "criterion": "gini",
                "max_depth": 5,
                "min_samples_leaf": 19,
                "splitter": "best"
            }
        },
        {
            "finishedAt": 1642671481128,
            "score": 0.2576769025367156,
            "testScoreGibMean": 0.2576769025367156,
            "testScoreMean": 0.2576769025367156,
            "testScoreStd": 0.0,
            "trainScoreMean": 0.31986644407345577,
            "trainScoreStd": 0.0,
            "time": 729,
            "fitTimeMean": 714.0,
            "fitTimeStd": 0.0,
            "scoreTimeMean": 15.0,
            "scoreTimeStd": 0.0,
            "parameters": {
                "criterion": "gini",
                "max_depth": 10,
                "min_samples_leaf": 8,
                "splitter": "best"
            }
        },
        {
            "finishedAt": 1642671481211,
            "score": 0.2570093457943925,
            "testScoreGibMean": 0.2570093457943925,
            "testScoreMean": 0.2570093457943925,
            "testScoreStd": 0.0,
            "trainScoreMean": 0.3105175292153589,
            "trainScoreStd": 0.0,
            "time": 812,
            "fitTimeMean": 712.0,
            "fitTimeStd": 0.0,
            "scoreTimeMean": 100.0,
            "scoreTimeStd": 0.0,
            "parameters": {
                "criterion": "gini",
                "max_depth": 10,
                "min_samples_leaf": 9,
                "splitter": "best"
            }
        },
        {
            "finishedAt": 1642671481516,
            "score": 0.3604806408544726,
            "testScoreGibMean": 0.3604806408544726,
            "testScoreMean": 0.3604806408544726,
            "testScoreStd": 0.0,
            "trainScoreMean": 0.37846410684474124,
            "trainScoreStd": 0.0,
            "time": 582,
            "fitTimeMean": 573.0,
            "fitTimeStd": 0.0,
            "scoreTimeMean": 9.0,
            "scoreTimeStd": 0.0,
            "parameters": {
                "criterion": "gini",
                "max_depth": 4,
                "min_samples_leaf": 7,
                "splitter": "best"
            }
        },
        {
            "finishedAt": 1642671481727,
            "score": 0.2897196261682243,
            "testScoreGibMean": 0.2897196261682243,
            "testScoreMean": 0.2897196261682243,
            "testScoreStd": 0.0,
            "trainScoreMean": 0.3362270450751252,
            "trainScoreStd": 0.0,
            "time": 496,
            "fitTimeMean": 490.0,
            "fitTimeStd": 0.0,
            "scoreTimeMean": 6.0,
            "scoreTimeStd": 0.0,
            "parameters": {
                "criterion": "gini",
                "max_depth": 9,
                "min_samples_leaf": 19,
                "splitter": "best"
            }
        },
        {
            "finishedAt": 1642671482018,
            "score": 0.35714285714285715,
            "testScoreGibMean": 0.35714285714285715,
            "testScoreMean": 0.35714285714285715,
            "testScoreStd": 0.0,
            "trainScoreMean": 0.3741235392320535,
            "trainScoreStd": 5.551115123125783e-17,
            "time": 288,
            "fitTimeMean": 280.0,
            "fitTimeStd": 0.0,
            "scoreTimeMean": 8.0,
            "scoreTimeStd": 0.0,
            "parameters": {
                "criterion": "gini",
                "max_depth": 3,
                "min_samples_leaf": 12,
                "splitter": "best"
            }
        },
        {
            "finishedAt": 1642671482030,
            "score": 0.33044058744993327,
            "testScoreGibMean": 0.33044058744993327,
            "testScoreMean": 0.33044058744993327,
            "testScoreStd": 0.0,
            "trainScoreMean": 0.35943238731218696,
            "trainScoreStd": 0.0,
            "time": 898,
            "fitTimeMean": 877.0,
            "fitTimeStd": 0.0,
            "scoreTimeMean": 21.0,
            "scoreTimeStd": 0.0,
            "parameters": {
                "criterion": "gini",
                "max_depth": 6,
                "min_samples_leaf": 7,
                "splitter": "best"
            }
        },
        {
            "finishedAt": 1642671482206,
            "score": 0.36248331108144194,
            "testScoreGibMean": 0.36248331108144194,
            "testScoreMean": 0.36248331108144194,
            "testScoreStd": 0.0,
            "trainScoreMean": 0.41585976627712856,
            "trainScoreStd": 0.0,
            "time": 1190,
            "fitTimeMean": 1108.0,
            "fitTimeStd": 0.0,
            "scoreTimeMean": 82.0,
            "scoreTimeStd": 0.0,
            "parameters": {
                "criterion": "gini",
                "max_depth": 9,
                "min_samples_leaf": 2,
                "splitter": "best"
            }
        },
        {
            "finishedAt": 1642671482307,
            "score": 0.3384512683578104,
            "testScoreGibMean": 0.3384512683578104,
            "testScoreMean": 0.3384512683578104,
            "testScoreStd": 0.0,
            "trainScoreMean": 0.3572621035058431,
            "trainScoreStd": 0.0,
            "time": 788,
            "fitTimeMean": 690.0,
            "fitTimeStd": 0.0,
            "scoreTimeMean": 98.0,
            "scoreTimeStd": 0.0,
            "parameters": {
                "criterion": "gini",
                "max_depth": 5,
                "min_samples_leaf": 10,
                "splitter": "best"
            }
        },
        {
            "finishedAt": 1642671482527,
            "score": 0.36181575433911883,
            "testScoreGibMean": 0.36181575433911883,
            "testScoreMean": 0.36181575433911883,
            "testScoreStd": 0.0,
            "trainScoreMean": 0.3794657762938231,
            "trainScoreStd": 5.551115123125783e-17,
            "time": 507,
            "fitTimeMean": 498.0,
            "fitTimeStd": 0.0,
            "scoreTimeMean": 9.0,
            "scoreTimeStd": 0.0,
            "parameters": {
                "criterion": "gini",
                "max_depth": 4,
                "min_samples_leaf": 20,
                "splitter": "best"
            }
        },
        {
            "finishedAt": 1642671482722,
            "score": 0.3591455273698264,
            "testScoreGibMean": 0.3591455273698264,
            "testScoreMean": 0.3591455273698264,
            "testScoreStd": 0.0,
            "trainScoreMean": 0.37846410684474124,
            "trainScoreStd": 0.0,
            "time": 413,
            "fitTimeMean": 403.0,
            "fitTimeStd": 0.0,
            "scoreTimeMean": 10.0,
            "scoreTimeStd": 0.0,
            "parameters": {
                "criterion": "gini",
                "max_depth": 4,
                "min_samples_leaf": 4,
                "splitter": "best"
            }
        },
        {
            "finishedAt": 1642671482821,
            "score": 0.30640854472630175,
            "testScoreGibMean": 0.30640854472630175,
            "testScoreMean": 0.30640854472630175,
            "testScoreStd": 0.0,
            "trainScoreMean": 0.3484140233722871,
            "trainScoreStd": 5.551115123125783e-17,
            "time": 707,
            "fitTimeMean": 610.0,
            "fitTimeStd": 0.0,
            "scoreTimeMean": 97.0,
            "scoreTimeStd": 0.0,
            "parameters": {
                "criterion": "gini",
                "max_depth": 9,
                "min_samples_leaf": 18,
                "splitter": "best"
            }
        },
        {
            "finishedAt": 1642671482833,
            "score": 0.2817089452603471,
            "testScoreGibMean": 0.2817089452603471,
            "testScoreMean": 0.2817089452603471,
            "testScoreStd": 0.0,
            "trainScoreMean": 0.337228714524207,
            "trainScoreStd": 0.0,
            "time": 614,
            "fitTimeMean": 605.0,
            "fitTimeStd": 0.0,
            "scoreTimeMean": 9.0,
            "scoreTimeStd": 0.0,
            "parameters": {
                "criterion": "gini",
                "max_depth": 10,
                "min_samples_leaf": 20,
                "splitter": "best"
            }
        },
        {
            "finishedAt": 1642671483024,
            "score": 0.35714285714285715,
            "testScoreGibMean": 0.35714285714285715,
            "testScoreMean": 0.35714285714285715,
            "testScoreStd": 0.0,
            "trainScoreMean": 0.3741235392320535,
            "trainScoreStd": 5.551115123125783e-17,
            "time": 296,
            "fitTimeMean": 287.0,
            "fitTimeStd": 0.0,
            "scoreTimeMean": 9.0,
            "scoreTimeStd": 0.0,
            "parameters": {
                "criterion": "gini",
                "max_depth": 3,
                "min_samples_leaf": 8,
                "splitter": "best"
            }
        },
        {
            "finishedAt": 1642671483220,
            "score": 0.3030707610146863,
            "testScoreGibMean": 0.3030707610146863,
            "testScoreMean": 0.3030707610146863,
            "testScoreStd": 0.0,
            "trainScoreMean": 0.3435726210350584,
            "trainScoreStd": 0.0,
            "time": 609,
            "fitTimeMean": 599.0,
            "fitTimeStd": 0.0,
            "scoreTimeMean": 10.0,
            "scoreTimeStd": 0.0,
            "parameters": {
                "criterion": "gini",
                "max_depth": 7,
                "min_samples_leaf": 9,
                "splitter": "best"
            }
        },
        {
            "finishedAt": 1642671483330,
            "score": 0.3371161548731642,
            "testScoreGibMean": 0.3371161548731642,
            "testScoreMean": 0.3371161548731642,
            "testScoreStd": 0.0,
            "trainScoreMean": 0.3697829716193656,
            "trainScoreStd": 5.551115123125783e-17,
            "time": 497,
            "fitTimeMean": 488.0,
            "fitTimeStd": 0.0,
            "scoreTimeMean": 9.0,
            "scoreTimeStd": 0.0,
            "parameters": {
                "criterion": "gini",
                "max_depth": 7,
                "min_samples_leaf": 2,
                "splitter": "best"
            }
        },
        {
            "finishedAt": 1642671483534,
            "score": 0.29973297730307075,
            "testScoreGibMean": 0.29973297730307075,
            "testScoreMean": 0.29973297730307075,
            "testScoreStd": 0.0,
            "trainScoreMean": 0.3402337228714524,
            "trainScoreStd": 0.0,
            "time": 623,
            "fitTimeMean": 612.0,
            "fitTimeStd": 0.0,
            "scoreTimeMean": 11.0,
            "scoreTimeStd": 0.0,
            "parameters": {
                "criterion": "gini",
                "max_depth": 7,
                "min_samples_leaf": 7,
                "splitter": "best"
            }
        },
        {
            "finishedAt": 1642671483729,
            "score": 0.27303070761014686,
            "testScoreGibMean": 0.27303070761014686,
            "testScoreMean": 0.27303070761014686,
            "testScoreStd": 0.0,
            "trainScoreMean": 0.31969949916527546,
            "trainScoreStd": 0.0,
            "time": 687,
            "fitTimeMean": 597.0,
            "fitTimeStd": 0.0,
            "scoreTimeMean": 90.0,
            "scoreTimeStd": 0.0,
            "parameters": {
                "criterion": "gini",
                "max_depth": 7,
                "min_samples_leaf": 19,
                "splitter": "best"
            }
        },
        {
            "finishedAt": 1642671484012,
            "score": 0.24365821094793058,
            "testScoreGibMean": 0.24365821094793058,
            "testScoreMean": 0.24365821094793058,
            "testScoreStd": 0.0,
            "trainScoreMean": 0.28597662771285476,
            "trainScoreStd": 0.0,
            "time": 707,
            "fitTimeMean": 693.0,
            "fitTimeStd": 0.0,
            "scoreTimeMean": 14.0,
            "scoreTimeStd": 0.0,
            "parameters": {
                "criterion": "gini",
                "max_depth": 8,
                "min_samples_leaf": 15,
                "splitter": "best"
            }
        },
        {
            "finishedAt": 1642671484106,
            "score": 0.27703604806408544,
            "testScoreGibMean": 0.27703604806408544,
            "testScoreMean": 0.27703604806408544,
            "testScoreStd": 0.0,
            "trainScoreMean": 0.3330550918196995,
            "trainScoreStd": 0.0,
            "time": 697,
            "fitTimeMean": 686.0,
            "fitTimeStd": 0.0,
            "scoreTimeMean": 11.0,
            "scoreTimeStd": 0.0,
            "parameters": {
                "criterion": "gini",
                "max_depth": 10,
                "min_samples_leaf": 19,
                "splitter": "best"
            }
        },
        {
            "finishedAt": 1642671484220,
            "score": 0.33444592790387184,
            "testScoreGibMean": 0.33444592790387184,
            "testScoreMean": 0.33444592790387184,
            "testScoreStd": 0.0,
            "trainScoreMean": 0.35843071786310515,
            "trainScoreStd": 0.0,
            "time": 612,
            "fitTimeMean": 604.0,
            "fitTimeStd": 0.0,
            "scoreTimeMean": 8.0,
            "scoreTimeStd": 0.0,
            "parameters": {
                "criterion": "gini",
                "max_depth": 5,
                "min_samples_leaf": 4,
                "splitter": "best"
            }
        },
        {
            "finishedAt": 1642671484224,
            "score": 0.3591455273698264,
            "testScoreGibMean": 0.3591455273698264,
            "testScoreMean": 0.3591455273698264,
            "testScoreStd": 0.0,
            "trainScoreMean": 0.37846410684474124,
            "trainScoreStd": 0.0,
            "time": 493,
            "fitTimeMean": 484.0,
            "fitTimeStd": 0.0,
            "scoreTimeMean": 9.0,
            "scoreTimeStd": 0.0,
            "parameters": {
                "criterion": "gini",
                "max_depth": 4,
                "min_samples_leaf": 3,
                "splitter": "best"
            }
        },
        {
            "finishedAt": 1642671484340,
            "score": 0.3311081441922563,
            "testScoreGibMean": 0.3311081441922563,
            "testScoreMean": 0.3311081441922563,
            "testScoreStd": 0.0,
            "trainScoreMean": 0.3572621035058431,
            "trainScoreStd": 0.0,
            "time": 326,
            "fitTimeMean": 321.0,
            "fitTimeStd": 0.0,
            "scoreTimeMean": 5.0,
            "scoreTimeStd": 0.0,
            "parameters": {
                "criterion": "gini",
                "max_depth": 5,
                "min_samples_leaf": 5,
                "splitter": "best"
            }
        }
    ]
}