[
    {
        "test_score_gib": 0.3311081441922563,
        "train_score": 0.35575959933222034,
        "test_score": 0.3311081441922563,
        "num_samples": 1498,
        "fit_time": 485,
        "score_time": 15,
        "time": 500,
        "parameters": {
            "criterion": "gini",
            "max_depth": 5,
            "min_samples_leaf": 9,
            "splitter": "best"
        },
        "done_at": 1642671480925,
        "split_id": 0
    },
    {
        "test_score_gib": 0.33444592790387184,
        "train_score": 0.3606010016694491,
        "test_score": 0.33444592790387184,
        "num_samples": 1498,
        "fit_time": 490,
        "score_time": 97,
        "time": 587,
        "parameters": {
            "criterion": "gini",
            "max_depth": 5,
            "min_samples_leaf": 19,
            "splitter": "best"
        },
        "done_at": 1642671481009,
        "split_id": 0
    },
    {
        "test_score_gib": 0.2576769025367156,
        "train_score": 0.31986644407345577,
        "test_score": 0.2576769025367156,
        "num_samples": 1498,
        "fit_time": 714,
        "score_time": 15,
        "time": 729,
        "parameters": {
            "criterion": "gini",
            "max_depth": 10,
            "min_samples_leaf": 8,
            "splitter": "best"
        },
        "done_at": 1642671481128,
        "split_id": 0
    },
    {
        "test_score_gib": 0.2570093457943925,
        "train_score": 0.3105175292153589,
        "test_score": 0.2570093457943925,
        "num_samples": 1498,
        "fit_time": 712,
        "score_time": 100,
        "time": 812,
        "parameters": {
            "criterion": "gini",
            "max_depth": 10,
            "min_samples_leaf": 9,
            "splitter": "best"
        },
        "done_at": 1642671481211,
        "split_id": 0
    },
    {
        "test_score_gib": 0.3604806408544726,
        "train_score": 0.37846410684474124,
        "test_score": 0.3604806408544726,
        "num_samples": 1498,
        "fit_time": 573,
        "score_time": 9,
        "time": 582,
        "parameters": {
            "criterion": "gini",
            "max_depth": 4,
            "min_samples_leaf": 7,
            "splitter": "best"
        },
        "done_at": 1642671481516,
        "split_id": 0
    },
    {
        "test_score_gib": 0.2897196261682243,
        "train_score": 0.3362270450751252,
        "test_score": 0.2897196261682243,
        "num_samples": 1498,
        "fit_time": 490,
        "score_time": 6,
        "time": 496,
        "parameters": {
            "criterion": "gini",
            "max_depth": 9,
            "min_samples_leaf": 19,
            "splitter": "best"
        },
        "done_at": 1642671481727,
        "split_id": 0
    },
    {
        "test_score_gib": 0.35714285714285715,
        "train_score": 0.37412353923205344,
        "test_score": 0.35714285714285715,
        "num_samples": 1498,
        "fit_time": 280,
        "score_time": 8,
        "time": 288,
        "parameters": {
            "criterion": "gini",
            "max_depth": 3,
            "min_samples_leaf": 12,
            "splitter": "best"
        },
        "done_at": 1642671482018,
        "split_id": 0
    },
    {
        "test_score_gib": 0.33044058744993327,
        "train_score": 0.35943238731218696,
        "test_score": 0.33044058744993327,
        "num_samples": 1498,
        "fit_time": 877,
        "score_time": 21,
        "time": 898,
        "parameters": {
            "criterion": "gini",
            "max_depth": 6,
            "min_samples_leaf": 7,
            "splitter": "best"
        },
        "done_at": 1642671482030,
        "split_id": 0
    },
    {
        "test_score_gib": 0.36248331108144194,
        "train_score": 0.41585976627712856,
        "test_score": 0.36248331108144194,
        "num_samples": 1498,
        "fit_time": 1108,
        "score_time": 82,
        "time": 1190,
        "parameters": {
            "criterion": "gini",
            "max_depth": 9,
            "min_samples_leaf": 2,
            "splitter": "best"
        },
        "done_at": 1642671482206,
        "split_id": 0
    },
    {
        "test_score_gib": 0.3384512683578104,
        "train_score": 0.3572621035058431,
        "test_score": 0.3384512683578104,
        "num_samples": 1498,
        "fit_time": 690,
        "score_time": 98,
        "time": 788,
        "parameters": {
            "criterion": "gini",
            "max_depth": 5,
            "min_samples_leaf": 10,
            "splitter": "best"
        },
        "done_at": 1642671482307,
        "split_id": 0
    },
    {
        "test_score_gib": 0.36181575433911883,
        "train_score": 0.37946577629382305,
        "test_score": 0.36181575433911883,
        "num_samples": 1498,
        "fit_time": 498,
        "score_time": 9,
        "time": 507,
        "parameters": {
            "criterion": "gini",
            "max_depth": 4,
            "min_samples_leaf": 20,
            "splitter": "best"
        },
        "done_at": 1642671482527,
        "split_id": 0
    },
    {
        "test_score_gib": 0.3591455273698264,
        "train_score": 0.37846410684474124,
        "test_score": 0.3591455273698264,
        "num_samples": 1498,
        "fit_time": 403,
        "score_time": 10,
        "time": 413,
        "parameters": {
            "criterion": "gini",
            "max_depth": 4,
            "min_samples_leaf": 4,
            "splitter": "best"
        },
        "done_at": 1642671482722,
        "split_id": 0
    },
    {
        "test_score_gib": 0.30640854472630175,
        "train_score": 0.34841402337228716,
        "test_score": 0.30640854472630175,
        "num_samples": 1498,
        "fit_time": 610,
        "score_time": 97,
        "time": 707,
        "parameters": {
            "criterion": "gini",
            "max_depth": 9,
            "min_samples_leaf": 18,
            "splitter": "best"
        },
        "done_at": 1642671482821,
        "split_id": 0
    },
    {
        "test_score_gib": 0.2817089452603471,
        "train_score": 0.337228714524207,
        "test_score": 0.2817089452603471,
        "num_samples": 1498,
        "fit_time": 605,
        "score_time": 9,
        "time": 614,
        "parameters": {
            "criterion": "gini",
            "max_depth": 10,
            "min_samples_leaf": 20,
            "splitter": "best"
        },
        "done_at": 1642671482833,
        "split_id": 0
    },
    {
        "test_score_gib": 0.35714285714285715,
        "train_score": 0.37412353923205344,
        "test_score": 0.35714285714285715,
        "num_samples": 1498,
        "fit_time": 287,
        "score_time": 9,
        "time": 296,
        "parameters": {
            "criterion": "gini",
            "max_depth": 3,
            "min_samples_leaf": 8,
            "splitter": "best"
        },
        "done_at": 1642671483024,
        "split_id": 0
    },
    {
        "test_score_gib": 0.3030707610146863,
        "train_score": 0.3435726210350584,
        "test_score": 0.3030707610146863,
        "num_samples": 1498,
        "fit_time": 599,
        "score_time": 10,
        "time": 609,
        "parameters": {
            "criterion": "gini",
            "max_depth": 7,
            "min_samples_leaf": 9,
            "splitter": "best"
        },
        "done_at": 1642671483220,
        "split_id": 0
    },
    {
        "test_score_gib": 0.3371161548731642,
        "train_score": 0.36978297161936563,
        "test_score": 0.3371161548731642,
        "num_samples": 1498,
        "fit_time": 488,
        "score_time": 9,
        "time": 497,
        "parameters": {
            "criterion": "gini",
            "max_depth": 7,
            "min_samples_leaf": 2,
            "splitter": "best"
        },
        "done_at": 1642671483330,
        "split_id": 0
    },
    {
        "test_score_gib": 0.29973297730307075,
        "train_score": 0.3402337228714524,
        "test_score": 0.29973297730307075,
        "num_samples": 1498,
        "fit_time": 612,
        "score_time": 11,
        "time": 623,
        "parameters": {
            "criterion": "gini",
            "max_depth": 7,
            "min_samples_leaf": 7,
            "splitter": "best"
        },
        "done_at": 1642671483534,
        "split_id": 0
    },
    {
        "test_score_gib": 0.27303070761014686,
        "train_score": 0.31969949916527546,
        "test_score": 0.27303070761014686,
        "num_samples": 1498,
        "fit_time": 597,
        "score_time": 90,
        "time": 687,
        "parameters": {
            "criterion": "gini",
            "max_depth": 7,
            "min_samples_leaf": 19,
            "splitter": "best"
        },
        "done_at": 1642671483729,
        "split_id": 0
    },
    {
        "test_score_gib": 0.24365821094793058,
        "train_score": 0.28597662771285476,
        "test_score": 0.24365821094793058,
        "num_samples": 1498,
        "fit_time": 693,
        "score_time": 14,
        "time": 707,
        "parameters": {
            "criterion": "gini",
            "max_depth": 8,
            "min_samples_leaf": 15,
            "splitter": "best"
        },
        "done_at": 1642671484012,
        "split_id": 0
    },
    {
        "test_score_gib": 0.27703604806408544,
        "train_score": 0.3330550918196995,
        "test_score": 0.27703604806408544,
        "num_samples": 1498,
        "fit_time": 686,
        "score_time": 11,
        "time": 697,
        "parameters": {
            "criterion": "gini",
            "max_depth": 10,
            "min_samples_leaf": 19,
            "splitter": "best"
        },
        "done_at": 1642671484106,
        "split_id": 0
    },
    {
        "test_score_gib": 0.33444592790387184,
        "train_score": 0.35843071786310515,
        "test_score": 0.33444592790387184,
        "num_samples": 1498,
        "fit_time": 604,
        "score_time": 8,
        "time": 612,
        "parameters": {
            "criterion": "gini",
            "max_depth": 5,
            "min_samples_leaf": 4,
            "splitter": "best"
        },
        "done_at": 1642671484220,
        "split_id": 0
    },
    {
        "test_score_gib": 0.3591455273698264,
        "train_score": 0.37846410684474124,
        "test_score": 0.3591455273698264,
        "num_samples": 1498,
        "fit_time": 484,
        "score_time": 9,
        "time": 493,
        "parameters": {
            "criterion": "gini",
            "max_depth": 4,
            "min_samples_leaf": 3,
            "splitter": "best"
        },
        "done_at": 1642671484224,
        "split_id": 0
    },
    {
        "test_score_gib": 0.3311081441922563,
        "train_score": 0.3572621035058431,
        "test_score": 0.3311081441922563,
        "num_samples": 1498,
        "fit_time": 321,
        "score_time": 5,
        "time": 326,
        "parameters": {
            "criterion": "gini",
            "max_depth": 5,
            "min_samples_leaf": 5,
            "splitter": "best"
        },
        "done_at": 1642671484340,
        "split_id": 0
    }
]