{
    "modelInputNRows": 7488,
    "modelInputNCols": 323,
    "modelInputIsSparse": false,
    "modelInputMemory": 19348992,
    "usedGridSearch": true,
    "gridSize": 24,
    "gridBestScore": 0.36248331108144194,
    "gridCells": [
        {
            "params": {
                "criterion": "gini",
                "max_depth": 10,
                "min_samples_leaf": 9,
                "splitter": "best"
            },
            "score": 0.2570093457943925,
            "scoreStd": 0.0,
            "fitTime": 0.712,
            "fitTimeStd": 0.0,
            "scoreTime": 0.1,
            "scoreTimeStd": 0.0
        },
        {
            "params": {
                "criterion": "gini",
                "max_depth": 10,
                "min_samples_leaf": 8,
                "splitter": "best"
            },
            "score": 0.2576769025367156,
            "scoreStd": 0.0,
            "fitTime": 0.714,
            "fitTimeStd": 0.0,
            "scoreTime": 0.015,
            "scoreTimeStd": 0.0
        },
        {
            "params": {
                "criterion": "gini",
                "max_depth": 5,
                "min_samples_leaf": 19,
                "splitter": "best"
            },
            "score": 0.33444592790387184,
            "scoreStd": 0.0,
            "fitTime": 0.49,
            "fitTimeStd": 0.0,
            "scoreTime": 0.097,
            "scoreTimeStd": 0.0
        },
        {
            "params": {
                "criterion": "gini",
                "max_depth": 5,
                "min_samples_leaf": 9,
                "splitter": "best"
            },
            "score": 0.3311081441922563,
            "scoreStd": 0.0,
            "fitTime": 0.485,
            "fitTimeStd": 0.0,
            "scoreTime": 0.015,
            "scoreTimeStd": 0.0
        },
        {
            "params": {
                "criterion": "gini",
                "max_depth": 4,
                "min_samples_leaf": 7,
                "splitter": "best"
            },
            "score": 0.3604806408544726,
            "scoreStd": 0.0,
            "fitTime": 0.573,
            "fitTimeStd": 0.0,
            "scoreTime": 0.009,
            "scoreTimeStd": 0.0
        },
        {
            "params": {
                "criterion": "gini",
                "max_depth": 9,
                "min_samples_leaf": 2,
                "splitter": "best"
            },
            "score": 0.36248331108144194,
            "scoreStd": 0.0,
            "fitTime": 1.108,
            "fitTimeStd": 0.0,
            "scoreTime": 0.082,
            "scoreTimeStd": 0.0
        },
        {
            "params": {
                "criterion": "gini",
                "max_depth": 6,
                "min_samples_leaf": 7,
                "splitter": "best"
            },
            "score": 0.33044058744993327,
            "scoreStd": 0.0,
            "fitTime": 0.877,
            "fitTimeStd": 0.0,
            "scoreTime": 0.021,
            "scoreTimeStd": 0.0
        },
        {
            "params": {
                "criterion": "gini",
                "max_depth": 9,
                "min_samples_leaf": 19,
                "splitter": "best"
            },
            "score": 0.2897196261682243,
            "scoreStd": 0.0,
            "fitTime": 0.49,
            "fitTimeStd": 0.0,
            "scoreTime": 0.006,
            "scoreTimeStd": 0.0
        },
        {
            "params": {
                "criterion": "gini",
                "max_depth": 5,
                "min_samples_leaf": 10,
                "splitter": "best"
            },
            "score": 0.3384512683578104,
            "scoreStd": 0.0,
            "fitTime": 0.69,
            "fitTimeStd": 0.0,
            "scoreTime": 0.098,
            "scoreTimeStd": 0.0
        },
        {
            "params": {
                "criterion": "gini",
                "max_depth": 3,
                "min_samples_leaf": 12,
                "splitter": "best"
            },
            "score": 0.35714285714285715,
            "scoreStd": 0.0,
            "fitTime": 0.28,
            "fitTimeStd": 0.0,
            "scoreTime": 0.008,
            "scoreTimeStd": 0.0
        },
        {
            "params": {
                "criterion": "gini",
                "max_depth": 4,
                "min_samples_leaf": 20,
                "splitter": "best"
            },
            "score": 0.36181575433911883,
            "scoreStd": 0.0,
            "fitTime": 0.498,
            "fitTimeStd": 0.0,
            "scoreTime": 0.009,
            "scoreTimeStd": 0.0
        },
        {
            "params": {
                "criterion": "gini",
                "max_depth": 9,
                "min_samples_leaf": 18,
                "splitter": "best"
            },
            "score": 0.30640854472630175,
            "scoreStd": 0.0,
            "fitTime": 0.61,
            "fitTimeStd": 0.0,
            "scoreTime": 0.097,
            "scoreTimeStd": 0.0
        },
        {
            "params": {
                "criterion": "gini",
                "max_depth": 10,
                "min_samples_leaf": 20,
                "splitter": "best"
            },
            "score": 0.2817089452603471,
            "scoreStd": 0.0,
            "fitTime": 0.605,
            "fitTimeStd": 0.0,
            "scoreTime": 0.009,
            "scoreTimeStd": 0.0
        },
        {
            "params": {
                "criterion": "gini",
                "max_depth": 4,
                "min_samples_leaf": 4,
                "splitter": "best"
            },
            "score": 0.3591455273698264,
            "scoreStd": 0.0,
            "fitTime": 0.403,
            "fitTimeStd": 0.0,
            "scoreTime": 0.01,
            "scoreTimeStd": 0.0
        },
        {
            "params": {
                "criterion": "gini",
                "max_depth": 7,
                "min_samples_leaf": 9,
                "splitter": "best"
            },
            "score": 0.3030707610146863,
            "scoreStd": 0.0,
            "fitTime": 0.599,
            "fitTimeStd": 0.0,
            "scoreTime": 0.01,
            "scoreTimeStd": 0.0
        },
        {
            "params": {
                "criterion": "gini",
                "max_depth": 3,
                "min_samples_leaf": 8,
                "splitter": "best"
            },
            "score": 0.35714285714285715,
            "scoreStd": 0.0,
            "fitTime": 0.287,
            "fitTimeStd": 0.0,
            "scoreTime": 0.009,
            "scoreTimeStd": 0.0
        },
        {
            "params": {
                "criterion": "gini",
                "max_depth": 7,
                "min_samples_leaf": 2,
                "splitter": "best"
            },
            "score": 0.3371161548731642,
            "scoreStd": 0.0,
            "fitTime": 0.488,
            "fitTimeStd": 0.0,
            "scoreTime": 0.009,
            "scoreTimeStd": 0.0
        },
        {
            "params": {
                "criterion": "gini",
                "max_depth": 7,
                "min_samples_leaf": 7,
                "splitter": "best"
            },
            "score": 0.29973297730307075,
            "scoreStd": 0.0,
            "fitTime": 0.612,
            "fitTimeStd": 0.0,
            "scoreTime": 0.011,
            "scoreTimeStd": 0.0
        },
        {
            "params": {
                "criterion": "gini",
                "max_depth": 7,
                "min_samples_leaf": 19,
                "splitter": "best"
            },
            "score": 0.27303070761014686,
            "scoreStd": 0.0,
            "fitTime": 0.597,
            "fitTimeStd": 0.0,
            "scoreTime": 0.09,
            "scoreTimeStd": 0.0
        },
        {
            "params": {
                "criterion": "gini",
                "max_depth": 8,
                "min_samples_leaf": 15,
                "splitter": "best"
            },
            "score": 0.24365821094793058,
            "scoreStd": 0.0,
            "fitTime": 0.693,
            "fitTimeStd": 0.0,
            "scoreTime": 0.014,
            "scoreTimeStd": 0.0
        },
        {
            "params": {
                "criterion": "gini",
                "max_depth": 10,
                "min_samples_leaf": 19,
                "splitter": "best"
            },
            "score": 0.27703604806408544,
            "scoreStd": 0.0,
            "fitTime": 0.686,
            "fitTimeStd": 0.0,
            "scoreTime": 0.011,
            "scoreTimeStd": 0.0
        },
        {
            "params": {
                "criterion": "gini",
                "max_depth": 5,
                "min_samples_leaf": 4,
                "splitter": "best"
            },
            "score": 0.33444592790387184,
            "scoreStd": 0.0,
            "fitTime": 0.604,
            "fitTimeStd": 0.0,
            "scoreTime": 0.008,
            "scoreTimeStd": 0.0
        },
        {
            "params": {
                "criterion": "gini",
                "max_depth": 4,
                "min_samples_leaf": 3,
                "splitter": "best"
            },
            "score": 0.3591455273698264,
            "scoreStd": 0.0,
            "fitTime": 0.484,
            "fitTimeStd": 0.0,
            "scoreTime": 0.009,
            "scoreTimeStd": 0.0
        },
        {
            "params": {
                "criterion": "gini",
                "max_depth": 5,
                "min_samples_leaf": 5,
                "splitter": "best"
            },
            "score": 0.3311081441922563,
            "scoreStd": 0.0,
            "fitTime": 0.321,
            "fitTimeStd": 0.0,
            "scoreTime": 0.005,
            "scoreTimeStd": 0.0
        }
    ],
    "rawImportance": {
        "variables": [
            "nb_articles",
            "dummy:country:FR",
            "dummy:country:GB",
            "dummy:country:DE",
            "dummy:shipping_fees:0",
            "dummy:shipping_fees:9,9",
            "dummy:shipping_fees:9",
            "dummy:shipping_fees:3,9",
            "dummy:shipping_fees:13,9",
            "dummy:shipping_fees:11,99",
            "dummy:shipping_fees:__Others__",
            "dummy:browser:Chrome",
            "dummy:browser:Chrome Mobile",
            "dummy:browser:Edge",
            "dummy:browser:Firefox",
            "dummy:browser:Mobile Safari",
            "dummy:browser:Safari",
            "dummy:browser:Samsung Internet",
            "dummy:browser:Google",
            "dummy:browser:Chrome Mobile iOS",
            "dummy:operating_system:Windows",
            "dummy:operating_system:Android",
            "dummy:operating_system:iOS",
            "dummy:operating_system:Mac OS",
            "dummy:operating_system:Linux",
            "dummy:day:lundi",
            "dummy:day:dimanche",
            "dummy:day:mardi",
            "dummy:day:mercredi",
            "dummy:day:jeudi",
            "dummy:day:samedi",
            "dummy:day:vendredi",
            "dummy:payment_method:visa",
            "dummy:payment_method:paypal",
            "dummy:payment_method:mastercard",
            "dummy:payment_method:oney3x",
            "dummy:first_order:false",
            "dummy:first_order:true",
            "dummy:has_presales_contact:false",
            "dummy:bv_transaction:19,99",
            "dummy:bv_transaction:49,9",
            "dummy:bv_transaction:32,9",
            "dummy:bv_transaction:__Others__",
            "dummy:last_paid_channel:SHOPBOT",
            "dummy:last_paid_channel:DIRECT_ACCESS",
            "dummy:last_paid_channel:SEM",
            "dummy:last_paid_channel:SEO-SEARCH",
            "dummy:last_paid_channel:SEO-BRAND",
            "dummy:last_paid_channel:AFFILIATION",
            "dummy:last_paid_channel:N/A",
            "dummy:is_mf:false",
            "dummy:family:Jardin piscine",
            "dummy:family:Outillage",
            "dummy:family:Mobilier d'int\u00e9rieur",
            "dummy:family:Quincaillerie",
            "dummy:family:Salle de bain, WC",
            "dummy:family:Luminaire",
            "dummy:family:Plomberie chauffage",
            "dummy:family:Electricit\u00e9",
            "dummy:family:Animalerie",
            "dummy:family:Rev\u00eatement sol et mur",
            "dummy:family:Cuisine",
            "dummy:family:Construction mat\u00e9riaux",
            "dummy:device:desktop",
            "dummy:device:phone",
            "dummy:device:tablet"
        ],
        "importances": [
            0.03963258417217734,
            0.0023268337752323075,
            0.03367408344724891,
            0.047382705749717466,
            0.03014121442744663,
            0.009614626418284335,
            0.011342957259559317,
            0.013939825165768744,
            0.024577476112303327,
            0.00894744422405804,
            0.033395545400638604,
            0.01663563383745004,
            0.020926586161075997,
            0.009837763424037685,
            0.000928402552273657,
            0.0020935177477655973,
            0.023494428301577774,
            0.0013885473722355277,
            0.011219690901347595,
            8.195478718726864e-05,
            0.016421051921892894,
            0.0070121750549289085,
            0.021815338870189212,
            0.015336644077210563,
            0.008181248371230278,
            0.0033894657181663774,
            0.014414096960764,
            0.009838280102431464,
            0.01933648250769999,
            0.014223819327499068,
            0.03203481373856802,
            0.02027229619002855,
            0.004758716051916073,
            0.06004270820831365,
            0.0023238022050636065,
            0.004155923126126542,
            0.00023713168365417374,
            0.027959200491609864,
            0.033836921039396416,
            0.009139022488438144,
            0.006137651083827414,
            0.008844779693893698,
            0.014966432615582944,
            0.030261654692315943,
            0.010434755359763393,
            0.018358400299958888,
            0.005262156793161274,
            0.05408453584074871,
            0.010448254221687067,
            0.009128426138456412,
            0.012898422766989942,
            0.018845068996345943,
            0.01440464730449584,
            0.011686450513892353,
            0.004997052698652425,
            0.01940625223214995,
            0.006933104662015288,
            0.013535519883499608,
            0.004020692951334325,
            0.01119776225233292,
            0.010819524190818455,
            0.010861543975962822,
            0.004269759794924059,
            0.014096536997249892,
            0.006337012911528051,
            0.0014526417558983881
        ]
    },
    "probaAware": true
}