{
    "metrics": {
        "mrocAUC": 0.5433898506736432,
        "mcalibrationLoss": 0.25579628345977595,
        "precision": 0.3633385420125638,
        "recall": 0.37955776437458005,
        "f1": 0.29081539559841885,
        "accuracy": 0.34753184713375795,
        "hammingLoss": 0.652468152866242,
        "logLoss": 1.6350858419587455
    },
    "processed_feature_names": [
        "nb_articles",
        "dummy:country:FR",
        "dummy:country:GB",
        "dummy:country:IT",
        "dummy:country:ES",
        "dummy:country:DE",
        "dummy:country:N/A",
        "dummy:country:__Others__",
        "dummy:shipping_fees:0",
        "dummy:shipping_fees:5,9",
        "dummy:shipping_fees:4,9",
        "dummy:shipping_fees:10,5",
        "dummy:shipping_fees:6,9",
        "dummy:shipping_fees:4,95",
        "dummy:shipping_fees:2,99",
        "dummy:shipping_fees:4,99",
        "dummy:shipping_fees:3,95",
        "dummy:shipping_fees:5,95",
        "dummy:shipping_fees:9,9",
        "dummy:shipping_fees:6",
        "dummy:shipping_fees:7,9",
        "dummy:shipping_fees:8,9",
        "dummy:shipping_fees:5",
        "dummy:shipping_fees:9,99",
        "dummy:shipping_fees:5,5",
        "dummy:shipping_fees:7",
        "dummy:shipping_fees:9",
        "dummy:shipping_fees:4",
        "dummy:shipping_fees:5,99",
        "dummy:shipping_fees:6,5",
        "dummy:shipping_fees:3,9",
        "dummy:shipping_fees:3,5",
        "dummy:shipping_fees:2,95",
        "dummy:shipping_fees:23,9",
        "dummy:shipping_fees:3,99",
        "dummy:shipping_fees:10",
        "dummy:shipping_fees:7,5",
        "dummy:shipping_fees:8",
        "dummy:shipping_fees:10,9",
        "dummy:shipping_fees:6,99",
        "dummy:shipping_fees:13,99",
        "dummy:shipping_fees:8,5",
        "dummy:shipping_fees:6,95",
        "dummy:shipping_fees:19,9",
        "dummy:shipping_fees:7,99",
        "dummy:shipping_fees:1,99",
        "dummy:shipping_fees:12",
        "dummy:shipping_fees:11",
        "dummy:shipping_fees:8,95",
        "dummy:shipping_fees:4,5",
        "dummy:shipping_fees:10,99",
        "dummy:shipping_fees:8,49",
        "dummy:shipping_fees:13,9",
        "dummy:shipping_fees:5,89",
        "dummy:shipping_fees:4,85",
        "dummy:shipping_fees:21,9",
        "dummy:shipping_fees:15",
        "dummy:shipping_fees:11,9",
        "dummy:shipping_fees:20",
        "dummy:shipping_fees:8,99",
        "dummy:shipping_fees:12,9",
        "dummy:shipping_fees:4,75",
        "dummy:shipping_fees:5,49",
        "dummy:shipping_fees:13,5",
        "dummy:shipping_fees:5,6",
        "dummy:shipping_fees:14,9",
        "dummy:shipping_fees:12,5",
        "dummy:shipping_fees:15,95",
        "dummy:shipping_fees:12,95",
        "dummy:shipping_fees:6,3",
        "dummy:shipping_fees:7,95",
        "dummy:shipping_fees:3,03",
        "dummy:shipping_fees:15,8",
        "dummy:shipping_fees:30",
        "dummy:shipping_fees:9,84",
        "dummy:shipping_fees:4,2",
        "dummy:shipping_fees:7,8",
        "dummy:shipping_fees:6,7",
        "dummy:shipping_fees:24,99",
        "dummy:shipping_fees:19,99",
        "dummy:shipping_fees:14,95",
        "dummy:shipping_fees:5,35",
        "dummy:shipping_fees:6,49",
        "dummy:shipping_fees:7,7",
        "dummy:shipping_fees:25,9",
        "dummy:shipping_fees:5,7",
        "dummy:shipping_fees:18,9",
        "dummy:shipping_fees:49",
        "dummy:shipping_fees:14",
        "dummy:shipping_fees:4,59",
        "dummy:shipping_fees:10,95",
        "dummy:shipping_fees:8,34",
        "dummy:shipping_fees:16,5",
        "dummy:shipping_fees:2,5",
        "dummy:shipping_fees:6,6",
        "dummy:shipping_fees:11,99",
        "dummy:shipping_fees:6,61",
        "dummy:shipping_fees:5,79",
        "dummy:shipping_fees:12,8",
        "dummy:shipping_fees:14,5",
        "dummy:shipping_fees:4,8",
        "dummy:shipping_fees:11,5",
        "dummy:shipping_fees:8,7",
        "dummy:shipping_fees:15,9",
        "dummy:shipping_fees:59",
        "dummy:shipping_fees:2,2",
        "dummy:shipping_fees:9,5",
        "dummy:shipping_fees:6,4",
        "dummy:shipping_fees:3,94",
        "dummy:shipping_fees:N/A",
        "dummy:shipping_fees:__Others__",
        "dummy:browser:Chrome",
        "dummy:browser:Chrome Mobile",
        "dummy:browser:Edge",
        "dummy:browser:Firefox",
        "dummy:browser:Mobile Safari",
        "dummy:browser:Safari",
        "dummy:browser:Samsung Internet",
        "dummy:browser:Google",
        "dummy:browser:Chrome Mobile iOS",
        "dummy:browser:Facebook",
        "dummy:browser:Opera",
        "dummy:browser:Chrome Mobile WebView",
        "dummy:browser:Firefox Mobile",
        "dummy:browser:MiuiBrowser",
        "dummy:browser:Amazon Silk",
        "dummy:browser:Other",
        "dummy:browser:Firefox iOS",
        "dummy:browser:Instagram",
        "dummy:browser:Edge Mobile",
        "dummy:browser:Mobile Safari UI/WKWebView",
        "dummy:browser:Opera Mobile",
        "dummy:browser:Waterfox",
        "dummy:browser:N/A",
        "dummy:browser:__Others__",
        "dummy:csat_presales:FALSE",
        "dummy:csat_presales:good",
        "dummy:csat_presales:neutral",
        "dummy:csat_presales:bad",
        "dummy:csat_presales:N/A",
        "dummy:csat_presales:__Others__",
        "dummy:operating_system:Windows",
        "dummy:operating_system:Android",
        "dummy:operating_system:iOS",
        "dummy:operating_system:Mac OS",
        "dummy:operating_system:Linux",
        "dummy:operating_system:Chrome OS",
        "dummy:operating_system:Other",
        "dummy:operating_system:N/A",
        "dummy:operating_system:__Others__",
        "dummy:day:lundi",
        "dummy:day:dimanche",
        "dummy:day:mardi",
        "dummy:day:mercredi",
        "dummy:day:jeudi",
        "dummy:day:samedi",
        "dummy:day:vendredi",
        "dummy:day:N/A",
        "dummy:day:__Others__",
        "dummy:payment_method:visa",
        "dummy:payment_method:paypal",
        "dummy:payment_method:mastercard",
        "dummy:payment_method:oney3x",
        "dummy:payment_method:transfer",
        "dummy:payment_method:payment-intent",
        "dummy:payment_method:sofort",
        "dummy:payment_method:cb",
        "dummy:payment_method:N/A",
        "dummy:payment_method:__Others__",
        "dummy:first_order:false",
        "dummy:first_order:true",
        "dummy:first_order:N/A",
        "dummy:first_order:__Others__",
        "dummy:has_manodvisor_contact:false",
        "dummy:has_manodvisor_contact:true",
        "dummy:has_manodvisor_contact:N/A",
        "dummy:has_manodvisor_contact:__Others__",
        "dummy:has_presales_contact:false",
        "dummy:has_presales_contact:true",
        "dummy:has_presales_contact:N/A",
        "dummy:has_presales_contact:__Others__",
        "dummy:bv_transaction:59,99",
        "dummy:bv_transaction:39,99",
        "dummy:bv_transaction:89,99",
        "dummy:bv_transaction:49,99",
        "dummy:bv_transaction:79,99",
        "dummy:bv_transaction:39,9",
        "dummy:bv_transaction:69,99",
        "dummy:bv_transaction:29,99",
        "dummy:bv_transaction:19,99",
        "dummy:bv_transaction:24,99",
        "dummy:bv_transaction:99,99",
        "dummy:bv_transaction:119,99",
        "dummy:bv_transaction:34,99",
        "dummy:bv_transaction:44,99",
        "dummy:bv_transaction:27,99",
        "dummy:bv_transaction:14,99",
        "dummy:bv_transaction:54,99",
        "dummy:bv_transaction:89,9",
        "dummy:bv_transaction:23,99",
        "dummy:bv_transaction:139,99",
        "dummy:bv_transaction:42,99",
        "dummy:bv_transaction:64,99",
        "dummy:bv_transaction:31,99",
        "dummy:bv_transaction:17,99",
        "dummy:bv_transaction:49,9",
        "dummy:bv_transaction:21,99",
        "dummy:bv_transaction:55,99",
        "dummy:bv_transaction:37,99",
        "dummy:bv_transaction:43,99",
        "dummy:bv_transaction:199,99",
        "dummy:bv_transaction:28,99",
        "dummy:bv_transaction:109,99",
        "dummy:bv_transaction:18,99",
        "dummy:bv_transaction:46,99",
        "dummy:bv_transaction:149,99",
        "dummy:bv_transaction:22,99",
        "dummy:bv_transaction:75,99",
        "dummy:bv_transaction:36,99",
        "dummy:bv_transaction:30,99",
        "dummy:bv_transaction:34,9",
        "dummy:bv_transaction:35,99",
        "dummy:bv_transaction:16,99",
        "dummy:bv_transaction:33,99",
        "dummy:bv_transaction:25,99",
        "dummy:bv_transaction:15,99",
        "dummy:bv_transaction:69,9",
        "dummy:bv_transaction:45,99",
        "dummy:bv_transaction:99,9",
        "dummy:bv_transaction:74,99",
        "dummy:bv_transaction:129,99",
        "dummy:bv_transaction:29,95",
        "dummy:bv_transaction:29,9",
        "dummy:bv_transaction:67,99",
        "dummy:bv_transaction:103,99",
        "dummy:bv_transaction:59,95",
        "dummy:bv_transaction:86,99",
        "dummy:bv_transaction:179,99",
        "dummy:bv_transaction:159",
        "dummy:bv_transaction:19,8",
        "dummy:bv_transaction:129,9",
        "dummy:bv_transaction:109,9",
        "dummy:bv_transaction:89,95",
        "dummy:bv_transaction:84,99",
        "dummy:bv_transaction:65,99",
        "dummy:bv_transaction:61,99",
        "dummy:bv_transaction:52,99",
        "dummy:bv_transaction:69,95",
        "dummy:bv_transaction:94,9",
        "dummy:bv_transaction:62,99",
        "dummy:bv_transaction:114,99",
        "dummy:bv_transaction:145,99",
        "dummy:bv_transaction:119,9",
        "dummy:bv_transaction:38,99",
        "dummy:bv_transaction:33,9",
        "dummy:bv_transaction:98,99",
        "dummy:bv_transaction:37,95",
        "dummy:bv_transaction:22,95",
        "dummy:bv_transaction:58,99",
        "dummy:bv_transaction:56,99",
        "dummy:bv_transaction:68,99",
        "dummy:bv_transaction:134,99",
        "dummy:bv_transaction:72,99",
        "dummy:bv_transaction:32,9",
        "dummy:bv_transaction:32,99",
        "dummy:bv_transaction:60,99",
        "dummy:bv_transaction:53,99",
        "dummy:bv_transaction:59,9",
        "dummy:bv_transaction:20,99",
        "dummy:bv_transaction:57,99",
        "dummy:bv_transaction:189,99",
        "dummy:bv_transaction:79,9",
        "dummy:bv_transaction:117,99",
        "dummy:bv_transaction:35,98",
        "dummy:bv_transaction:159,99",
        "dummy:bv_transaction:48,99",
        "dummy:bv_transaction:12,99",
        "dummy:bv_transaction:124,99",
        "dummy:bv_transaction:94,99",
        "dummy:bv_transaction:149,9",
        "dummy:bv_transaction:144,9",
        "dummy:bv_transaction:199",
        "dummy:bv_transaction:N/A",
        "dummy:bv_transaction:__Others__",
        "dummy:last_paid_channel:SHOPBOT",
        "dummy:last_paid_channel:DIRECT_ACCESS",
        "dummy:last_paid_channel:SEM",
        "dummy:last_paid_channel:SEO-SEARCH",
        "dummy:last_paid_channel:SEO-BRAND",
        "dummy:last_paid_channel:RETARGETING",
        "dummy:last_paid_channel:EMAIL",
        "dummy:last_paid_channel:AFFILIATION",
        "dummy:last_paid_channel:DISPLAY",
        "dummy:last_paid_channel:VIRAL-BRAND",
        "dummy:last_paid_channel:DISPLAY-BRAND",
        "dummy:last_paid_channel:N/A",
        "dummy:last_paid_channel:__Others__",
        "dummy:is_mf:false",
        "dummy:is_mf:true",
        "dummy:is_mf:N/A",
        "dummy:is_mf:__Others__",
        "dummy:month:ao\u00fbt",
        "dummy:month:N/A",
        "dummy:month:__Others__",
        "dummy:family:Jardin piscine",
        "dummy:family:Outillage",
        "dummy:family:Mobilier d'int\u00e9rieur",
        "dummy:family:Quincaillerie",
        "dummy:family:Salle de bain, WC",
        "dummy:family:Luminaire",
        "dummy:family:Plomberie chauffage",
        "dummy:family:Electricit\u00e9",
        "dummy:family:Animalerie",
        "dummy:family:Rev\u00eatement sol et mur",
        "dummy:family:Cuisine",
        "dummy:family:Construction mat\u00e9riaux",
        "dummy:family:N/A",
        "dummy:family:__Others__",
        "dummy:device:desktop",
        "dummy:device:phone",
        "dummy:device:tablet",
        "dummy:device:N/A",
        "dummy:device:__Others__"
    ],
    "classes": [
        "Promoter",
        "Passive",
        "Detractor"
    ],
    "confusion": {
        "totalRows": 2512,
        "perActual": {
            "Promoter": {
                "actualClassCount": 1843.0,
                "perPredicted": {
                    "Promoter": 585,
                    "Passive": 761,
                    "Detractor": 497
                }
            },
            "Passive": {
                "actualClassCount": 531.0,
                "perPredicted": {
                    "Promoter": 121,
                    "Passive": 236,
                    "Detractor": 174
                }
            },
            "Detractor": {
                "actualClassCount": 138.0,
                "perPredicted": {
                    "Promoter": 31,
                    "Passive": 55,
                    "Detractor": 52
                }
            }
        }
    },
    "oneVsAllRocAUC": {
        "Promoter": 0.555527439096099,
        "Passive": 0.5070172286438682,
        "Detractor": 0.5522233617816198
    },
    "oneVsAllRocCurves": {
        "Promoter": [
            {
                "x": 0.0,
                "y": 0.0,
                "p": 2.0
            },
            {
                "x": 0.03288490284005979,
                "y": 0.05154639175257732,
                "p": 0.816698341962121
            },
            {
                "x": 0.059790732436472344,
                "y": 0.09820944112859468,
                "p": 0.48916974102348726
            },
            {
                "x": 0.23019431988041852,
                "y": 0.3049376017362995,
                "p": 0.4370925013319438
            },
            {
                "x": 0.33482810164424515,
                "y": 0.3993488876831253,
                "p": 0.36726153523511385
            },
            {
                "x": 0.6218236173393124,
                "y": 0.705371676614216,
                "p": 0.3461193367492283
            },
            {
                "x": 0.9073243647234679,
                "y": 0.9348887683125339,
                "p": 0.27014016151329434
            },
            {
                "x": 0.9491778774289985,
                "y": 0.9641888225718936,
                "p": 0.26457656053821615
            },
            {
                "x": 0.9895366218236173,
                "y": 0.9902333152468801,
                "p": 0.0546870287185112
            },
            {
                "x": 1.0,
                "y": 1.0,
                "p": 0.0
            }
        ],
        "Passive": [
            {
                "x": 0.0,
                "y": 0.0,
                "p": 2.0
            },
            {
                "x": 0.04038364462392731,
                "y": 0.05273069679849341,
                "p": 0.5285747634981154
            },
            {
                "x": 0.10903584048460374,
                "y": 0.14500941619585686,
                "p": 0.4630349976469788
            },
            {
                "x": 0.31953558808682486,
                "y": 0.3126177024482109,
                "p": 0.3735237693522234
            },
            {
                "x": 0.6198889449772842,
                "y": 0.6101694915254238,
                "p": 0.35365653835570143
            },
            {
                "x": 0.8223119636547198,
                "y": 0.8606403013182674,
                "p": 0.3479421698346796
            },
            {
                "x": 0.8687531549722363,
                "y": 0.8907721280602636,
                "p": 0.25572504243010197
            },
            {
                "x": 0.9177183240787481,
                "y": 0.9171374764595104,
                "p": 0.18330165803787912
            },
            {
                "x": 0.9510348308934882,
                "y": 0.9566854990583804,
                "p": 0.08049225522658619
            },
            {
                "x": 1.0,
                "y": 1.0,
                "p": 0.0
            }
        ],
        "Detractor": [
            {
                "x": 0.0,
                "y": 0.0,
                "p": 2.0
            },
            {
                "x": 0.02232518955349621,
                "y": 0.036231884057971016,
                "p": 0.7375152449332527
            },
            {
                "x": 0.04717775905644482,
                "y": 0.08695652173913043,
                "p": 0.5999833351417367
            },
            {
                "x": 0.06318449873631002,
                "y": 0.13768115942028986,
                "p": 0.5195286114518874
            },
            {
                "x": 0.2826453243470935,
                "y": 0.37681159420289856,
                "p": 0.38191766865202603
            },
            {
                "x": 0.3142375737152485,
                "y": 0.427536231884058,
                "p": 0.3644816696704901
            },
            {
                "x": 0.620050547598989,
                "y": 0.6666666666666666,
                "p": 0.3002241248950703
            },
            {
                "x": 0.8053917438921652,
                "y": 0.7971014492753623,
                "p": 0.18938372931583283
            },
            {
                "x": 0.8694187026116259,
                "y": 0.8623188405797102,
                "p": 0.1697034671179074
            },
            {
                "x": 1.0,
                "y": 1.0,
                "p": 0.0
            }
        ]
    },
    "oneVsAllCalibrationCurves": {
        "Promoter": [
            {
                "y": 0,
                "x": 0,
                "n": 0
            },
            {
                "y": 0.6326530612244898,
                "x": 0.045004871793841134,
                "n": 49.0
            },
            {
                "y": 0.7037037037037037,
                "x": 0.14748865684154164,
                "n": 27.0
            },
            {
                "y": 0.6848739495798319,
                "x": 0.26876076434987883,
                "n": 714.0
            },
            {
                "y": 0.7375745526838966,
                "x": 0.3522362697004981,
                "n": 1006.0
            },
            {
                "y": 0.7649325626204239,
                "x": 0.4417887762361441,
                "n": 519.0
            },
            {
                "y": 0.875,
                "x": 0.5812124051571231,
                "n": 48.0
            },
            {
                "y": 0.875,
                "x": 0.777833027556806,
                "n": 32.0
            },
            {
                "y": 0.8484848484848485,
                "x": 0.816698341962121,
                "n": 33.0
            },
            {
                "y": 0.7976190476190477,
                "x": 1.0,
                "n": 84.0
            },
            {
                "y": 1,
                "x": 1,
                "n": 0
            }
        ],
        "Passive": [
            {
                "y": 0,
                "x": 0,
                "n": 0
            },
            {
                "y": 0.19696969696969696,
                "x": 0.01210677741596047,
                "n": 132.0
            },
            {
                "y": 0.2037037037037037,
                "x": 0.14908269728569004,
                "n": 108.0
            },
            {
                "y": 0.1388888888888889,
                "x": 0.2394636897166908,
                "n": 180.0
            },
            {
                "y": 0.21473443746430612,
                "x": 0.35708814823804524,
                "n": 1751.0
            },
            {
                "y": 0.22966507177033493,
                "x": 0.4528729147063238,
                "n": 209.0
            },
            {
                "y": 0.2459016393442623,
                "x": 0.5229506679257616,
                "n": 61.0
            },
            {
                "y": 0.25,
                "x": 0.6397069041247051,
                "n": 4.0
            },
            {
                "y": 0.27450980392156865,
                "x": 0.7447806806126803,
                "n": 51.0
            },
            {
                "y": 0.2727272727272727,
                "x": 0.8826128116124962,
                "n": 11.0
            },
            {
                "y": 0.2,
                "x": 1.0,
                "n": 5.0
            },
            {
                "y": 1,
                "x": 1,
                "n": 0
            }
        ],
        "Detractor": [
            {
                "y": 0,
                "x": 0,
                "n": 0
            },
            {
                "y": 0.057750759878419454,
                "x": 0.0,
                "n": 329.0
            },
            {
                "y": 0.04361873990306947,
                "x": 0.1842649535260655,
                "n": 619.0
            },
            {
                "y": 0.05163636363636363,
                "x": 0.3358609682245723,
                "n": 1375.0
            },
            {
                "y": 0.1,
                "x": 0.45567773388262933,
                "n": 20.0
            },
            {
                "y": 0.12149532710280374,
                "x": 0.5712858775399814,
                "n": 107.0
            },
            {
                "y": 0.25,
                "x": 0.6984293572396078,
                "n": 4.0
            },
            {
                "y": 0.0,
                "x": 0.7500206504550238,
                "n": 18.0
            },
            {
                "y": 0.1111111111111111,
                "x": 0.84961701276166,
                "n": 18.0
            },
            {
                "y": 0.13636363636363635,
                "x": 0.9534815776057873,
                "n": 22.0
            },
            {
                "y": 1,
                "x": 1,
                "n": 0
            }
        ]
    },
    "oneVsAllCalibrationLoss": {
        "Promoter": 0.37083575716647976,
        "Passive": 0.15822754735694122,
        "Detractor": 0.23832554585590685
    },
    "densityData": {
        "Promoter": {
            "correct": [
                0.09275522292712124,
                0.10569236028705366,
                0.11687576872131474,
                0.12602094810022121,
                0.1330067222074299,
                0.1377861569580767,
                0.14033230913896758,
                0.14064150202096182,
                0.13878743194588175,
                0.13500636430373927,
                0.12979702184750228,
                0.12402878148516351,
                0.11906514927218977,
                0.11693445063718794,
                0.12061894000847748,
                0.13455637615128566,
                0.1653834934158751,
                0.2227296291981164,
                0.31951086796769673,
                0.47086775745534815,
                0.690969786134618,
                0.9876804559252471,
                1.3564954501360027,
                1.7766056832889343,
                2.2123114253508147,
                2.62141448932864,
                2.9687765915847617,
                3.2395507113274062,
                3.44510216200944,
                3.6170414582662533,
                3.790563421804008,
                3.9844774220155843,
                4.188135145315354,
                4.362746436401827,
                4.457398164791577,
                4.432336439104136,
                4.278110429280398,
                4.021215028367783,
                3.7136972927352447,
                3.412034206196057,
                3.155383037370082,
                2.9528913964217645,
                2.784790203060282,
                2.6153110578754055,
                2.410442779681105,
                2.1523727787411953,
                1.8452029380184478,
                1.5112846812595437,
                1.181638807506644,
                0.8855418195004006,
                0.6432734910461027,
                0.4634873856563894,
                0.3443610634088238,
                0.2766470770431712,
                0.2469926261190121,
                0.24074186595349517,
                0.24413815835856997,
                0.24605852729374092,
                0.23925301946408423,
                0.22086478728292333,
                0.1920338316645429,
                0.15665818584845556,
                0.11971419127504244,
                0.08569820733751184,
                0.057648175355768334,
                0.036912522151255504,
                0.0235290742041707,
                0.01690056609095362,
                0.01644298278936201,
                0.02198353282628473,
                0.03381644465156053,
                0.0524377516316545,
                0.07806548479502322,
                0.11011272485044842,
                0.14680753195728607,
                0.18512382464404017,
                0.2210935553365263,
                0.2504420572575266,
                0.2693805533008044,
                0.2753474429941395,
                0.2675179034507492,
                0.24697000667854882,
                0.21647398330346937,
                0.17994998265941217,
                0.14172026517899125,
                0.10575022367452948,
                0.07509351117103458,
                0.05169953391354081,
                0.036613321831405296,
                0.030445343779104204,
                0.03387235173805388,
                0.04789380113008994,
                0.07363145199007493,
                0.11162270854191901,
                0.16079542363468924,
                0.21754964967643245,
                0.2754846474631334,
                0.3261732740411648,
                0.36097915597711777,
                0.3733885037408045
            ],
            "incorrect": [
                0.13179162310328202,
                0.14388304908654084,
                0.15458887266549826,
                0.16481818929715722,
                0.17532457986200548,
                0.18628159724353935,
                0.19707415286385588,
                0.2064050012263997,
                0.21269572017353536,
                0.2146582832117891,
                0.211868943016835,
                0.20520511097606192,
                0.1970930772243118,
                0.1916216333279238,
                0.19465112634206422,
                0.21403291731026916,
                0.2599125690848267,
                0.34483696000399705,
                0.4831255267180996,
                0.6888925617782492,
                0.9724290865364801,
                1.3354400677735767,
                1.7666604005655266,
                2.240091438098263,
                2.7178536908332895,
                3.158113797966894,
                3.5261198365257664,
                3.8042305678191553,
                3.996337008577991,
                4.123978749127501,
                4.215165265393823,
                4.290619227302366,
                4.353785532954298,
                4.389401267897024,
                4.371339865149909,
                4.275921451226738,
                4.094288506805552,
                3.838082848570116,
                3.5360759731692473,
                3.223735975497584,
                2.9307722303586514,
                2.672131292062789,
                2.4458030166030675,
                2.237435212243659,
                2.0288718256379488,
                1.8065701607695557,
                1.5666507908011424,
                1.3153607545130788,
                1.0658213203601552,
                0.8331429256840978,
                0.6300183021275726,
                0.4640812677269855,
                0.33727188641427935,
                0.24670230264946602,
                0.18626437089623793,
                0.14834729733971908,
                0.1253016635314838,
                0.11050742673136028,
                0.09901665645960257,
                0.08778343149713994,
                0.07552374223499647,
                0.06229539388701755,
                0.048937175446817915,
                0.036525682510837744,
                0.025978744923056917,
                0.017866316207209326,
                0.012413003434097543,
                0.009621499204265471,
                0.00942779323486976,
                0.011813481573645989,
                0.01683347078031507,
                0.024554199759927366,
                0.03492847829284016,
                0.04765312602227775,
                0.06206203015118023,
                0.07709890304108871,
                0.09139282952806821,
                0.10343149927031721,
                0.1117999294000803,
                0.11543353323040813,
                0.11382745057265876,
                0.10715040192105842,
                0.0962310824387382,
                0.08241662973848501,
                0.06733982560669173,
                0.05266241158843574,
                0.03987192568778168,
                0.030189905095353825,
                0.024603189624603318,
                0.02397300559902297,
                0.02913115205854488,
                0.04086060021036856,
                0.05969240234092161,
                0.08553031940285458,
                0.11721696735958605,
                0.1522379792532765,
                0.18677296978462424,
                0.21621173837591062,
                0.23607630093863202,
                0.2430951456389928
            ],
            "correctMedian": 0.3461193367492283,
            "incorrectMedian": 0.3461193367492283
        },
        "Passive": {
            "correct": [
                0.36922013557495453,
                0.3775449407582591,
                0.37121510391106927,
                0.35566005593288746,
                0.33759172928809084,
                0.3231582845126137,
                0.3166836976677077,
                0.3202301111601882,
                0.3337556359376694,
                0.35547545462679964,
                0.38221678827888017,
                0.4098566632050354,
                0.43404265667330183,
                0.45120656452141544,
                0.45955655372340154,
                0.4595747055400217,
                0.453725280303662,
                0.4454907219125682,
                0.4382100144898807,
                0.4342698281397786,
                0.4350036007722677,
                0.4413990711619103,
                0.45560125354882797,
                0.4832133214772125,
                0.5362998662868014,
                0.6365092282049616,
                0.8168367622545618,
                1.1196897656677696,
                1.5889154056478845,
                2.2551032132386073,
                3.1168411272937164,
                4.124488300435702,
                5.175112791222556,
                6.125271848569713,
                6.821841760887745,
                7.142571246356596,
                7.031941355296267,
                6.518188755138594,
                5.7045559429430925,
                4.738461972694545,
                3.7708439848249267,
                2.92035316743102,
                2.2530537667735833,
                1.7807579959160933,
                1.4741277636432963,
                1.2828605536864124,
                1.1551397270849153,
                1.050971862601891,
                0.9474659250068378,
                0.8371867512713455,
                0.7225835553370806,
                0.6098308720963095,
                0.504456870399273,
                0.4095606119891309,
                0.32605695202144663,
                0.2537740500218978,
                0.19239330157390566,
                0.141794755844176,
                0.10190469522350475,
                0.07238380968455656,
                0.05245108866510921,
                0.040960867637026485,
                0.036682353862553606,
                0.03863545742877004,
                0.04631225524108963,
                0.05964485609221975,
                0.07866634888483791,
                0.10294810666400205,
                0.13104438880005773,
                0.16025129768665416,
                0.1869096928706368,
                0.20724233212693882,
                0.21842128244454648,
                0.21939140790632256,
                0.21106168704762684,
                0.19579367045963297,
                0.17647935683914234,
                0.1556825211079393,
                0.1352119491494661,
                0.11619021257516489,
                0.09938875006133366,
                0.08549862329324147,
                0.07512855049766011,
                0.06855432685954256,
                0.06542535137137648,
                0.06466353230146538,
                0.06467267674232068,
                0.06379853369833767,
                0.06084505827698848,
                0.05542691726550705,
                0.048022740288494126,
                0.039733183212356735,
                0.031867129368402296,
                0.025525126583690057,
                0.021315773904582846,
                0.019263673475312805,
                0.01889307635053593,
                0.019427249406301708,
                0.020030908136513384,
                0.020029047098599193
            ],
            "incorrect": [
                0.6490300707309815,
                0.6162417790349504,
                0.5240312700106775,
                0.40465468835121843,
                0.2929389805141699,
                0.21231252944373435,
                0.17038888126267163,
                0.16360388731296213,
                0.18469925198371015,
                0.22700118849767953,
                0.2838375989620741,
                0.34612651570021774,
                0.4026469140707632,
                0.4446008418961293,
                0.47119631814643353,
                0.4908284801432575,
                0.5156648252694144,
                0.5533487892871753,
                0.6023542397163412,
                0.6543925923866059,
                0.7011709138666002,
                0.739331941812621,
                0.7694873284783952,
                0.790977300357567,
                0.7986588323332129,
                0.7878923539812097,
                0.7689360231161814,
                0.785532944317929,
                0.9277310663990584,
                1.3262495647232693,
                2.115948719102003,
                3.3656401941712897,
                4.996542478886677,
                6.740747488813587,
                8.192196360554298,
                8.953807621708883,
                8.811162066675518,
                7.829246373013081,
                6.313093256937384,
                4.663036868690238,
                3.2161950460299527,
                2.154868991312719,
                1.5029032443465347,
                1.1780471017736598,
                1.0554872761579253,
                1.0164174188958142,
                0.9768536158839777,
                0.8989829153759523,
                0.7857598061042208,
                0.661722486979742,
                0.5501575023216096,
                0.4593461616972628,
                0.38341325017201106,
                0.31244052935333705,
                0.2417337759305177,
                0.17405220784245448,
                0.11574976821824183,
                0.0716777039502963,
                0.0426660809728297,
                0.026144871026618482,
                0.01822685929731904,
                0.015448370075478135,
                0.015468421686612228,
                0.017065271954601745,
                0.02007661373822041,
                0.025556749496970677,
                0.0358115298671649,
                0.05365548154377486,
                0.08060009742348993,
                0.11467626204490894,
                0.1495239452861016,
                0.17618968221076414,
                0.18731923043855236,
                0.18123587558662682,
                0.16286521662899758,
                0.14057990166726117,
                0.12119891934192778,
                0.10674777497785516,
                0.09496217028985496,
                0.0824996899805665,
                0.06807501672647326,
                0.05341295712199186,
                0.041929128351780094,
                0.036514545657875305,
                0.03786936110490313,
                0.044067068690556134,
                0.051331599336234615,
                0.055625225051704794,
                0.05436038409048552,
                0.04740012303556712,
                0.03682586194449846,
                0.025708425101217423,
                0.016727392750213416,
                0.011402941887907978,
                0.01007470664318452,
                0.012223880450430815,
                0.01672267226272708,
                0.02196672249984011,
                0.026133015175858795,
                0.027707621031157016
            ],
            "correctMedian": 0.35365653835570143,
            "incorrectMedian": 0.35365653835570143
        },
        "Detractor": {
            "correct": [
                0.7754825570034013,
                0.7917150842769746,
                0.8020135510835297,
                0.8081553932998241,
                0.812352329803574,
                0.8170641542327605,
                0.8247834581266579,
                0.8378150561192064,
                0.8580753495428627,
                0.8869350320375714,
                0.9251235247504592,
                0.9727058966959827,
                1.0291337368345441,
                1.0933617336310757,
                1.1640129365294278,
                1.2395691009032668,
                1.3185591665215337,
                1.3997193652844644,
                1.4821027187457754,
                1.5651232021607069,
                1.6485295262831006,
                1.732313864299378,
                1.8165703476519404,
                1.9013253369166716,
                1.986365306769307,
                2.071088206392674,
                2.154400543434697,
                2.2346759356826076,
                2.3097826190483497,
                2.377178686336861,
                2.4340658603855214,
                2.4775862949808194,
                2.505042778764904,
                2.5141209360643044,
                2.50309241508464,
                2.4709802895642627,
                2.417671576429392,
                2.343966509143197,
                2.2515596623018044,
                2.1429538643367025,
                2.0213136869013346,
                1.8902707087384814,
                1.7536971945892816,
                1.6154677713565004,
                1.4792296811251213,
                1.348201006391316,
                1.2250129541308685,
                1.1116072349602504,
                1.0091934475544682,
                0.9182650154625426,
                0.8386664826539242,
                0.7697005779158784,
                0.7102608683658558,
                0.6589751771310193,
                0.6143460629392544,
                0.5748771294564892,
                0.5391771962259331,
                0.5060378546582344,
                0.4744831733852604,
                0.4437929796933924,
                0.4135030681457995,
                0.38338686122068455,
                0.3534235584581892,
                0.323757797957275,
                0.2946554603467688,
                0.26645959326617896,
                0.23954961885922688,
                0.21430608171038226,
                0.19108226535216283,
                0.17018311863136976,
                0.1518511591770774,
                0.13625842740523522,
                0.12350320298357664,
                0.11361008981162696,
                0.10653221113484541,
                0.1021545809437787,
                0.10029814891900544,
                0.10072445702741177,
                0.10314120390560284,
                0.10720921763788707,
                0.11255135192059079,
                0.11876364759806868,
                0.12542878028998083,
                0.1321314115636683,
                0.13847465578835338,
                0.14409654629403898,
                0.1486851969672478,
                0.1519913482459715,
                0.15383716823806914,
                0.15412052760398032,
                0.15281443098698788,
                0.1499617995107014,
                0.14566628225212883,
                0.14008015898843992,
                0.13339062831304377,
                0.12580582676051158,
                0.1175417984205846,
                0.10881136217731383,
                0.09981545903170218,
                0.09073717039624811
            ],
            "incorrect": [
                1.428304072415568,
                1.3746116776315058,
                1.2253733616686886,
                1.0120251376018883,
                0.7750808407306587,
                0.5523839805081283,
                0.3710991659579647,
                0.2459308469619131,
                0.18278003471383727,
                0.18481113649934258,
                0.25738924160749166,
                0.40921059282032385,
                0.6485479559007848,
                0.9754905653537707,
                1.3731180693283553,
                1.8020864989981669,
                2.2030463979775696,
                2.5088355675000353,
                2.6639612883840655,
                2.644600581437055,
                2.470840545142625,
                2.205423169250258,
                1.9385971551315473,
                1.7638628614645686,
                1.7520191220803225,
                1.930733521864065,
                2.2752282767397984,
                2.7135864326280936,
                3.1471105709776808,
                3.4812552145532507,
                3.6569903738320613,
                3.669600241719339,
                3.565418950102657,
                3.4167777690885424,
                3.2866206247519507,
                3.2000253602081075,
                3.1362953584089466,
                3.0442189518444156,
                2.8710466578859215,
                2.589600542483695,
                2.2106712378776456,
                1.7769971660416959,
                1.3447570087613543,
                0.9632931100704044,
                0.6620833083292359,
                0.44820582957604127,
                0.31185625199358297,
                0.23485427008437673,
                0.1978630722965917,
                0.18455176542661306,
                0.18312344822049859,
                0.1864415821217373,
                0.19159441694312868,
                0.19899996706304235,
                0.2108369557781412,
                0.22889479590415956,
                0.2525188001699013,
                0.27762887301097916,
                0.2974668299294719,
                0.3048895992988628,
                0.29517063628013035,
                0.26795299289539287,
                0.22743873916728877,
                0.18083032702090207,
                0.13588269866067473,
                0.09870305806131852,
                0.07258128713992332,
                0.05797686305491269,
                0.05326423016530849,
                0.05568931866030173,
                0.062164117964681256,
                0.06980099156046454,
                0.07626256597108894,
                0.08001453885110513,
                0.08048643162187727,
                0.07807899145329246,
                0.07396749447690791,
                0.06972047666483921,
                0.06682611098731087,
                0.06625330982884273,
                0.06816970787043557,
                0.07190642348875279,
                0.07619956619974992,
                0.07964647727359044,
                0.08121441828891378,
                0.08058977529073569,
                0.07820983498370253,
                0.07496938904836573,
                0.07176144658288414,
                0.06909325882451202,
                0.06696315694937506,
                0.065024831829316,
                0.06290194862286484,
                0.06044517608643784,
                0.05778221736202068,
                0.05515490223304932,
                0.05267242498054633,
                0.050154309662488246,
                0.047169911798121175,
                0.04325263821389377
            ],
            "correctMedian": 0.3002241248950703,
            "incorrectMedian": 0.3002241248950703
        }
    },
    "globalMetrics": {
        "testWeight": 2512,
        "targetAvg": [
            0.7336783439490446,
            0.21138535031847133,
            0.05493630573248408
        ],
        "targetStd": [
            0.4421224343484121,
            0.40837234543159034,
            0.22790126018133605
        ],
        "predictionAvg": [
            0.3763776186296986,
            0.3454879183169423,
            0.2781344630533591
        ],
        "predictionStd": [
            0.16022753668439263,
            0.12588990514653253,
            0.16494591132857925
        ]
    }
}