{
  "state": "DONE",
  "preSearchDescription": {
    "gridLength": 24,
    "searchStrategy": "RANDOM",
    "importantParams": [
      {
        "name": "max_depth",
        "min": "3",
        "max": "10"
      },
      {
        "name": "min_samples",
        "min": "1",
        "max": "20"
      },
      {
        "name": "criterion",
        "vals": [
          "gini"
        ]
      }
    ]
  },
  "postSearchDescription": {
    "importantParams": [
      {
        "name": "criterion",
        "val": "gini"
      },
      {
        "name": "max_depth",
        "val": "9"
      },
      {
        "name": "min_samples",
        "val": "2"
      }
    ]
  },
  "resumed": false,
  "timeOrderingEnabled": false,
  "sampleWeightsEnabled": false,
  "modelId": "m1",
  "progress": {
    "top_level_todo": [],
    "stack": [],
    "top_level_done": [
      {
        "name": "Loading train set",
        "time": 128
      },
      {
        "name": "Loading test set",
        "time": 71
      },
      {
        "name": "Collecting statistics",
        "time": 82
      },
      {
        "name": "Preprocessing train set",
        "time": 121
      },
      {
        "name": "Preprocessing test set",
        "time": 72
      },
      {
        "name": "Hyperparameter searching",
        "time": 4181
      },
      {
        "name": "Fitting model",
        "time": 126
      },
      {
        "name": "Saving model",
        "time": 3
      },
      {
        "name": "Scoring model",
        "time": 161
      }
    ]
  },
  "startTime": 1642671479864,
  "endTime": 1642671485143,
  "preprocessingTime": 477,
  "trainingTime": 4802,
  "hyperparamsSearchTime": 4181
}