[
    {
        "test_score_gib": 0.5320427236315087,
        "train_score": 0.6445742904841403,
        "test_score": 0.5320427236315087,
        "num_samples": 1498,
        "fit_time": 22811,
        "score_time": 3805,
        "time": 26616,
        "parameters": {
            "max_depth": 13,
            "max_features": 0.4363178483784972,
            "min_samples_leaf": 9,
            "n_estimators": 119,
            "min_samples_split": 27
        },
        "done_at": 1642672809837,
        "split_id": 0
    },
    {
        "test_score_gib": 0.5113484646194927,
        "train_score": 0.5896494156928214,
        "test_score": 0.5113484646194927,
        "num_samples": 1498,
        "fit_time": 25713,
        "score_time": 2003,
        "time": 27716,
        "parameters": {
            "max_depth": 10,
            "max_features": 0.45526782093320606,
            "min_samples_leaf": 7,
            "n_estimators": 134,
            "min_samples_split": 21
        },
        "done_at": 1642672810942,
        "split_id": 0
    },
    {
        "test_score_gib": 0.5026702269692924,
        "train_score": 0.559432387312187,
        "test_score": 0.5026702269692924,
        "num_samples": 1498,
        "fit_time": 25914,
        "score_time": 3300,
        "time": 29214,
        "parameters": {
            "max_depth": 15,
            "max_features": 0.37559013232873995,
            "min_samples_leaf": 19,
            "n_estimators": 162,
            "min_samples_split": 57
        },
        "done_at": 1642672812440,
        "split_id": 0
    },
    {
        "test_score_gib": 0.6121495327102804,
        "train_score": 0.8487479131886477,
        "test_score": 0.6121495327102804,
        "num_samples": 1498,
        "fit_time": 27014,
        "score_time": 2615,
        "time": 29629,
        "parameters": {
            "max_depth": 16,
            "max_features": 0.5396887316142894,
            "min_samples_leaf": 2,
            "n_estimators": 107,
            "min_samples_split": 6
        },
        "done_at": 1642672812857,
        "split_id": 0
    },
    {
        "test_score_gib": 0.5,
        "train_score": 0.5530884808013355,
        "test_score": 0.5,
        "num_samples": 1498,
        "fit_time": 11093,
        "score_time": 6503,
        "time": 17596,
        "parameters": {
            "max_depth": 19,
            "max_features": 0.15708867592439582,
            "min_samples_leaf": 19,
            "n_estimators": 146,
            "min_samples_split": 57
        },
        "done_at": 1642672827439,
        "split_id": 0
    },
    {
        "test_score_gib": 0.5974632843791722,
        "train_score": 0.7936560934891486,
        "test_score": 0.5974632843791722,
        "num_samples": 1498,
        "fit_time": 19008,
        "score_time": 4696,
        "time": 23704,
        "parameters": {
            "max_depth": 17,
            "max_features": 0.3496623637425988,
            "min_samples_leaf": 4,
            "n_estimators": 100,
            "min_samples_split": 12
        },
        "done_at": 1642672836634,
        "split_id": 0
    },
    {
        "test_score_gib": 0.6128170894526035,
        "train_score": 0.8337228714524207,
        "test_score": 0.6128170894526035,
        "num_samples": 1498,
        "fit_time": 37103,
        "score_time": 4599,
        "time": 41702,
        "parameters": {
            "max_depth": 15,
            "max_features": 0.6901291630861847,
            "min_samples_leaf": 2,
            "n_estimators": 140,
            "min_samples_split": 6
        },
        "done_at": 1642672852735,
        "split_id": 0
    },
    {
        "test_score_gib": 0.4979973297730307,
        "train_score": 0.5681135225375626,
        "test_score": 0.4979973297730307,
        "num_samples": 1498,
        "fit_time": 38106,
        "score_time": 4601,
        "time": 42707,
        "parameters": {
            "max_depth": 13,
            "max_features": 0.5739371275638874,
            "min_samples_leaf": 18,
            "n_estimators": 191,
            "min_samples_split": 54
        },
        "done_at": 1642672855240,
        "split_id": 0
    },
    {
        "test_score_gib": 0.5447263017356475,
        "train_score": 0.6731218697829716,
        "test_score": 0.5447263017356475,
        "num_samples": 1498,
        "fit_time": 24700,
        "score_time": 6011,
        "time": 30711,
        "parameters": {
            "max_depth": 14,
            "max_features": 0.32197125936064896,
            "min_samples_leaf": 8,
            "n_estimators": 171,
            "min_samples_split": 24
        },
        "done_at": 1642672858435,
        "split_id": 0
    },
    {
        "test_score_gib": 0.6041388518024032,
        "train_score": 0.8163606010016694,
        "test_score": 0.6041388518024032,
        "num_samples": 1498,
        "fit_time": 22803,
        "score_time": 7997,
        "time": 30800,
        "parameters": {
            "max_depth": 15,
            "max_features": 0.34301252886495703,
            "min_samples_leaf": 2,
            "n_estimators": 156,
            "min_samples_split": 6
        },
        "done_at": 1642672867532,
        "split_id": 0
    },
    {
        "test_score_gib": 0.5060080106809078,
        "train_score": 0.5893155258764607,
        "test_score": 0.5060080106809078,
        "num_samples": 1498,
        "fit_time": 21485,
        "score_time": 4117,
        "time": 25602,
        "parameters": {
            "max_depth": 20,
            "max_features": 0.6570442788259865,
            "min_samples_leaf": 19,
            "n_estimators": 106,
            "min_samples_split": 57
        },
        "done_at": 1642672880845,
        "split_id": 0
    },
    {
        "test_score_gib": 0.493324432576769,
        "train_score": 0.5484140233722872,
        "test_score": 0.493324432576769,
        "num_samples": 1498,
        "fit_time": 24991,
        "score_time": 5709,
        "time": 30700,
        "parameters": {
            "max_depth": 12,
            "max_features": 0.34788478085479535,
            "min_samples_leaf": 19,
            "n_estimators": 197,
            "min_samples_split": 57
        },
        "done_at": 1642672883439,
        "split_id": 0
    },
    {
        "test_score_gib": 0.5607476635514018,
        "train_score": 0.7307178631051753,
        "test_score": 0.5607476635514018,
        "num_samples": 1498,
        "fit_time": 16413,
        "score_time": 2795,
        "time": 19208,
        "parameters": {
            "max_depth": 17,
            "max_features": 0.5153530858925176,
            "min_samples_leaf": 7,
            "n_estimators": 83,
            "min_samples_split": 21
        },
        "done_at": 1642672886838,
        "split_id": 0
    },
    {
        "test_score_gib": 0.4893190921228304,
        "train_score": 0.5557595993322204,
        "test_score": 0.4893190921228304,
        "num_samples": 1498,
        "fit_time": 25996,
        "score_time": 4413,
        "time": 30409,
        "parameters": {
            "max_depth": 9,
            "max_features": 0.6744155342027564,
            "min_samples_leaf": 11,
            "n_estimators": 148,
            "min_samples_split": 33
        },
        "done_at": 1642672888942,
        "split_id": 0
    },
    {
        "test_score_gib": 0.5040053404539386,
        "train_score": 0.5512520868113523,
        "test_score": 0.5040053404539386,
        "num_samples": 1498,
        "fit_time": 11692,
        "score_time": 3905,
        "time": 15597,
        "parameters": {
            "max_depth": 19,
            "max_features": 0.13520759534806753,
            "min_samples_leaf": 19,
            "n_estimators": 113,
            "min_samples_split": 57
        },
        "done_at": 1642672904637,
        "split_id": 0
    },
    {
        "test_score_gib": 0.5033377837116155,
        "train_score": 0.5904841402337229,
        "test_score": 0.5033377837116155,
        "num_samples": 1498,
        "fit_time": 25098,
        "score_time": 4716,
        "time": 29814,
        "parameters": {
            "max_depth": 14,
            "max_features": 0.5390140412005745,
            "min_samples_leaf": 16,
            "n_estimators": 151,
            "min_samples_split": 48
        },
        "done_at": 1642672910748,
        "split_id": 0
    },
    {
        "test_score_gib": 0.5173564753004005,
        "train_score": 0.5752921535893155,
        "test_score": 0.5173564753004005,
        "num_samples": 1498,
        "fit_time": 25813,
        "score_time": 3801,
        "time": 29614,
        "parameters": {
            "max_depth": 10,
            "max_features": 0.3746275505124097,
            "min_samples_leaf": 10,
            "n_estimators": 193,
            "min_samples_split": 30
        },
        "done_at": 1642672913144,
        "split_id": 0
    },
    {
        "test_score_gib": 0.5233644859813084,
        "train_score": 0.6434056761268782,
        "test_score": 0.5233644859813084,
        "num_samples": 1498,
        "fit_time": 23704,
        "score_time": 4108,
        "time": 27812,
        "parameters": {
            "max_depth": 18,
            "max_features": 0.583659121407126,
            "min_samples_leaf": 13,
            "n_estimators": 128,
            "min_samples_split": 39
        },
        "done_at": 1642672914742,
        "split_id": 0
    },
    {
        "test_score_gib": 0.5387182910547397,
        "train_score": 0.6373956594323873,
        "test_score": 0.5387182910547397,
        "num_samples": 1498,
        "fit_time": 10905,
        "score_time": 6505,
        "time": 17410,
        "parameters": {
            "max_depth": 19,
            "max_features": 0.1317641885691451,
            "min_samples_leaf": 10,
            "n_estimators": 164,
            "min_samples_split": 30
        },
        "done_at": 1642672922138,
        "split_id": 0
    },
    {
        "test_score_gib": 0.4679572763684913,
        "train_score": 0.5045075125208681,
        "test_score": 0.4679572763684913,
        "num_samples": 1498,
        "fit_time": 6403,
        "score_time": 2495,
        "time": 8898,
        "parameters": {
            "max_depth": 9,
            "max_features": 0.1534270403214963,
            "min_samples_leaf": 19,
            "n_estimators": 85,
            "min_samples_split": 57
        },
        "done_at": 1642672923829,
        "split_id": 0
    },
    {
        "test_score_gib": 0.5046728971962616,
        "train_score": 0.5891485809682805,
        "test_score": 0.5046728971962616,
        "num_samples": 1498,
        "fit_time": 14797,
        "score_time": 4096,
        "time": 18893,
        "parameters": {
            "max_depth": 19,
            "max_features": 0.5494346253691668,
            "min_samples_leaf": 17,
            "n_estimators": 107,
            "min_samples_split": 51
        },
        "done_at": 1642672929728,
        "split_id": 0
    },
    {
        "test_score_gib": 0.46929238985313754,
        "train_score": 0.5290484140233723,
        "test_score": 0.46929238985313754,
        "num_samples": 1498,
        "fit_time": 7793,
        "score_time": 1611,
        "time": 9404,
        "parameters": {
            "max_depth": 8,
            "max_features": 0.1880151778946672,
            "min_samples_leaf": 7,
            "n_estimators": 90,
            "min_samples_split": 21
        },
        "done_at": 1642672933242,
        "split_id": 0
    },
    {
        "test_score_gib": 0.5714285714285714,
        "train_score": 0.7460767946577629,
        "test_score": 0.5714285714285714,
        "num_samples": 1498,
        "fit_time": 24401,
        "score_time": 1011,
        "time": 25412,
        "parameters": {
            "max_depth": 18,
            "max_features": 0.43871138768472306,
            "min_samples_leaf": 7,
            "n_estimators": 188,
            "min_samples_split": 21
        },
        "done_at": 1642672938643,
        "split_id": 0
    },
    {
        "test_score_gib": 0.49065420560747663,
        "train_score": 0.5706176961602671,
        "test_score": 0.49065420560747663,
        "num_samples": 1498,
        "fit_time": 16194,
        "score_time": 281,
        "time": 16475,
        "parameters": {
            "max_depth": 15,
            "max_features": 0.39488891789885183,
            "min_samples_leaf": 19,
            "n_estimators": 173,
            "min_samples_split": 57
        },
        "done_at": 1642672938710,
        "split_id": 0
    }
]