{
    "startedAt": 1642672783210,
    "gridSize": 24,
    "nThreads": 4,
    "nSplits": 1,
    "metric": "ACCURACY",
    "timeout": null,
    "gridPoints": [
        {
            "finishedAt": 1642672809837,
            "score": 0.5320427236315087,
            "testScoreGibMean": 0.5320427236315087,
            "testScoreMean": 0.5320427236315087,
            "testScoreStd": 0.0,
            "trainScoreMean": 0.6445742904841403,
            "trainScoreStd": 0.0,
            "time": 26616,
            "fitTimeMean": 22811.0,
            "fitTimeStd": 0.0,
            "scoreTimeMean": 3805.0,
            "scoreTimeStd": 0.0,
            "parameters": {
                "max_depth": 13,
                "max_features": 0.4363178483784972,
                "min_samples_leaf": 9,
                "n_estimators": 119,
                "min_samples_split": 27
            }
        },
        {
            "finishedAt": 1642672810942,
            "score": 0.5113484646194927,
            "testScoreGibMean": 0.5113484646194927,
            "testScoreMean": 0.5113484646194927,
            "testScoreStd": 0.0,
            "trainScoreMean": 0.5896494156928214,
            "trainScoreStd": 0.0,
            "time": 27716,
            "fitTimeMean": 25713.0,
            "fitTimeStd": 0.0,
            "scoreTimeMean": 2003.0,
            "scoreTimeStd": 0.0,
            "parameters": {
                "max_depth": 10,
                "max_features": 0.45526782093320606,
                "min_samples_leaf": 7,
                "n_estimators": 134,
                "min_samples_split": 21
            }
        },
        {
            "finishedAt": 1642672812440,
            "score": 0.5026702269692924,
            "testScoreGibMean": 0.5026702269692924,
            "testScoreMean": 0.5026702269692924,
            "testScoreStd": 0.0,
            "trainScoreMean": 0.559432387312187,
            "trainScoreStd": 0.0,
            "time": 29214,
            "fitTimeMean": 25914.0,
            "fitTimeStd": 0.0,
            "scoreTimeMean": 3300.0,
            "scoreTimeStd": 0.0,
            "parameters": {
                "max_depth": 15,
                "max_features": 0.37559013232873995,
                "min_samples_leaf": 19,
                "n_estimators": 162,
                "min_samples_split": 57
            }
        },
        {
            "finishedAt": 1642672812857,
            "score": 0.6121495327102804,
            "testScoreGibMean": 0.6121495327102804,
            "testScoreMean": 0.6121495327102804,
            "testScoreStd": 0.0,
            "trainScoreMean": 0.8487479131886477,
            "trainScoreStd": 0.0,
            "time": 29629,
            "fitTimeMean": 27014.0,
            "fitTimeStd": 0.0,
            "scoreTimeMean": 2615.0,
            "scoreTimeStd": 0.0,
            "parameters": {
                "max_depth": 16,
                "max_features": 0.5396887316142894,
                "min_samples_leaf": 2,
                "n_estimators": 107,
                "min_samples_split": 6
            }
        },
        {
            "finishedAt": 1642672827439,
            "score": 0.5,
            "testScoreGibMean": 0.5,
            "testScoreMean": 0.5,
            "testScoreStd": 0.0,
            "trainScoreMean": 0.5530884808013355,
            "trainScoreStd": 0.0,
            "time": 17596,
            "fitTimeMean": 11093.0,
            "fitTimeStd": 0.0,
            "scoreTimeMean": 6503.0,
            "scoreTimeStd": 0.0,
            "parameters": {
                "max_depth": 19,
                "max_features": 0.15708867592439582,
                "min_samples_leaf": 19,
                "n_estimators": 146,
                "min_samples_split": 57
            }
        },
        {
            "finishedAt": 1642672836634,
            "score": 0.5974632843791722,
            "testScoreGibMean": 0.5974632843791722,
            "testScoreMean": 0.5974632843791722,
            "testScoreStd": 0.0,
            "trainScoreMean": 0.7936560934891486,
            "trainScoreStd": 0.0,
            "time": 23704,
            "fitTimeMean": 19008.0,
            "fitTimeStd": 0.0,
            "scoreTimeMean": 4696.0,
            "scoreTimeStd": 0.0,
            "parameters": {
                "max_depth": 17,
                "max_features": 0.3496623637425988,
                "min_samples_leaf": 4,
                "n_estimators": 100,
                "min_samples_split": 12
            }
        },
        {
            "finishedAt": 1642672852735,
            "score": 0.6128170894526035,
            "testScoreGibMean": 0.6128170894526035,
            "testScoreMean": 0.6128170894526035,
            "testScoreStd": 0.0,
            "trainScoreMean": 0.8337228714524207,
            "trainScoreStd": 0.0,
            "time": 41702,
            "fitTimeMean": 37103.0,
            "fitTimeStd": 0.0,
            "scoreTimeMean": 4599.0,
            "scoreTimeStd": 0.0,
            "parameters": {
                "max_depth": 15,
                "max_features": 0.6901291630861847,
                "min_samples_leaf": 2,
                "n_estimators": 140,
                "min_samples_split": 6
            }
        },
        {
            "finishedAt": 1642672855240,
            "score": 0.4979973297730307,
            "testScoreGibMean": 0.4979973297730307,
            "testScoreMean": 0.4979973297730307,
            "testScoreStd": 0.0,
            "trainScoreMean": 0.5681135225375626,
            "trainScoreStd": 0.0,
            "time": 42707,
            "fitTimeMean": 38106.0,
            "fitTimeStd": 0.0,
            "scoreTimeMean": 4601.0,
            "scoreTimeStd": 0.0,
            "parameters": {
                "max_depth": 13,
                "max_features": 0.5739371275638874,
                "min_samples_leaf": 18,
                "n_estimators": 191,
                "min_samples_split": 54
            }
        },
        {
            "finishedAt": 1642672858435,
            "score": 0.5447263017356475,
            "testScoreGibMean": 0.5447263017356475,
            "testScoreMean": 0.5447263017356475,
            "testScoreStd": 0.0,
            "trainScoreMean": 0.6731218697829716,
            "trainScoreStd": 0.0,
            "time": 30711,
            "fitTimeMean": 24700.0,
            "fitTimeStd": 0.0,
            "scoreTimeMean": 6011.0,
            "scoreTimeStd": 0.0,
            "parameters": {
                "max_depth": 14,
                "max_features": 0.32197125936064896,
                "min_samples_leaf": 8,
                "n_estimators": 171,
                "min_samples_split": 24
            }
        },
        {
            "finishedAt": 1642672867532,
            "score": 0.6041388518024032,
            "testScoreGibMean": 0.6041388518024032,
            "testScoreMean": 0.6041388518024032,
            "testScoreStd": 0.0,
            "trainScoreMean": 0.8163606010016694,
            "trainScoreStd": 0.0,
            "time": 30800,
            "fitTimeMean": 22803.0,
            "fitTimeStd": 0.0,
            "scoreTimeMean": 7997.0,
            "scoreTimeStd": 0.0,
            "parameters": {
                "max_depth": 15,
                "max_features": 0.34301252886495703,
                "min_samples_leaf": 2,
                "n_estimators": 156,
                "min_samples_split": 6
            }
        },
        {
            "finishedAt": 1642672880845,
            "score": 0.5060080106809078,
            "testScoreGibMean": 0.5060080106809078,
            "testScoreMean": 0.5060080106809078,
            "testScoreStd": 0.0,
            "trainScoreMean": 0.5893155258764607,
            "trainScoreStd": 0.0,
            "time": 25602,
            "fitTimeMean": 21485.0,
            "fitTimeStd": 0.0,
            "scoreTimeMean": 4117.0,
            "scoreTimeStd": 0.0,
            "parameters": {
                "max_depth": 20,
                "max_features": 0.6570442788259865,
                "min_samples_leaf": 19,
                "n_estimators": 106,
                "min_samples_split": 57
            }
        },
        {
            "finishedAt": 1642672883439,
            "score": 0.493324432576769,
            "testScoreGibMean": 0.493324432576769,
            "testScoreMean": 0.493324432576769,
            "testScoreStd": 0.0,
            "trainScoreMean": 0.5484140233722872,
            "trainScoreStd": 0.0,
            "time": 30700,
            "fitTimeMean": 24991.0,
            "fitTimeStd": 0.0,
            "scoreTimeMean": 5709.0,
            "scoreTimeStd": 0.0,
            "parameters": {
                "max_depth": 12,
                "max_features": 0.34788478085479535,
                "min_samples_leaf": 19,
                "n_estimators": 197,
                "min_samples_split": 57
            }
        },
        {
            "finishedAt": 1642672886838,
            "score": 0.5607476635514018,
            "testScoreGibMean": 0.5607476635514018,
            "testScoreMean": 0.5607476635514018,
            "testScoreStd": 0.0,
            "trainScoreMean": 0.7307178631051752,
            "trainScoreStd": 1.1102230246251565e-16,
            "time": 19208,
            "fitTimeMean": 16413.0,
            "fitTimeStd": 0.0,
            "scoreTimeMean": 2795.0,
            "scoreTimeStd": 0.0,
            "parameters": {
                "max_depth": 17,
                "max_features": 0.5153530858925176,
                "min_samples_leaf": 7,
                "n_estimators": 83,
                "min_samples_split": 21
            }
        },
        {
            "finishedAt": 1642672888942,
            "score": 0.4893190921228304,
            "testScoreGibMean": 0.4893190921228304,
            "testScoreMean": 0.4893190921228304,
            "testScoreStd": 0.0,
            "trainScoreMean": 0.5557595993322204,
            "trainScoreStd": 0.0,
            "time": 30409,
            "fitTimeMean": 25996.0,
            "fitTimeStd": 0.0,
            "scoreTimeMean": 4413.0,
            "scoreTimeStd": 0.0,
            "parameters": {
                "max_depth": 9,
                "max_features": 0.6744155342027564,
                "min_samples_leaf": 11,
                "n_estimators": 148,
                "min_samples_split": 33
            }
        },
        {
            "finishedAt": 1642672904637,
            "score": 0.5040053404539386,
            "testScoreGibMean": 0.5040053404539386,
            "testScoreMean": 0.5040053404539386,
            "testScoreStd": 0.0,
            "trainScoreMean": 0.5512520868113523,
            "trainScoreStd": 0.0,
            "time": 15597,
            "fitTimeMean": 11692.0,
            "fitTimeStd": 0.0,
            "scoreTimeMean": 3905.0,
            "scoreTimeStd": 0.0,
            "parameters": {
                "max_depth": 19,
                "max_features": 0.13520759534806753,
                "min_samples_leaf": 19,
                "n_estimators": 113,
                "min_samples_split": 57
            }
        },
        {
            "finishedAt": 1642672910748,
            "score": 0.5033377837116155,
            "testScoreGibMean": 0.5033377837116155,
            "testScoreMean": 0.5033377837116155,
            "testScoreStd": 0.0,
            "trainScoreMean": 0.5904841402337229,
            "trainScoreStd": 0.0,
            "time": 29814,
            "fitTimeMean": 25098.0,
            "fitTimeStd": 0.0,
            "scoreTimeMean": 4716.0,
            "scoreTimeStd": 0.0,
            "parameters": {
                "max_depth": 14,
                "max_features": 0.5390140412005745,
                "min_samples_leaf": 16,
                "n_estimators": 151,
                "min_samples_split": 48
            }
        },
        {
            "finishedAt": 1642672913144,
            "score": 0.5173564753004005,
            "testScoreGibMean": 0.5173564753004005,
            "testScoreMean": 0.5173564753004005,
            "testScoreStd": 0.0,
            "trainScoreMean": 0.5752921535893155,
            "trainScoreStd": 0.0,
            "time": 29614,
            "fitTimeMean": 25813.0,
            "fitTimeStd": 0.0,
            "scoreTimeMean": 3801.0,
            "scoreTimeStd": 0.0,
            "parameters": {
                "max_depth": 10,
                "max_features": 0.3746275505124097,
                "min_samples_leaf": 10,
                "n_estimators": 193,
                "min_samples_split": 30
            }
        },
        {
            "finishedAt": 1642672914742,
            "score": 0.5233644859813084,
            "testScoreGibMean": 0.5233644859813084,
            "testScoreMean": 0.5233644859813084,
            "testScoreStd": 0.0,
            "trainScoreMean": 0.6434056761268782,
            "trainScoreStd": 0.0,
            "time": 27812,
            "fitTimeMean": 23704.0,
            "fitTimeStd": 0.0,
            "scoreTimeMean": 4108.0,
            "scoreTimeStd": 0.0,
            "parameters": {
                "max_depth": 18,
                "max_features": 0.583659121407126,
                "min_samples_leaf": 13,
                "n_estimators": 128,
                "min_samples_split": 39
            }
        },
        {
            "finishedAt": 1642672922138,
            "score": 0.5387182910547397,
            "testScoreGibMean": 0.5387182910547397,
            "testScoreMean": 0.5387182910547397,
            "testScoreStd": 0.0,
            "trainScoreMean": 0.6373956594323873,
            "trainScoreStd": 0.0,
            "time": 17410,
            "fitTimeMean": 10905.0,
            "fitTimeStd": 0.0,
            "scoreTimeMean": 6505.0,
            "scoreTimeStd": 0.0,
            "parameters": {
                "max_depth": 19,
                "max_features": 0.1317641885691451,
                "min_samples_leaf": 10,
                "n_estimators": 164,
                "min_samples_split": 30
            }
        },
        {
            "finishedAt": 1642672923829,
            "score": 0.4679572763684913,
            "testScoreGibMean": 0.4679572763684913,
            "testScoreMean": 0.4679572763684913,
            "testScoreStd": 0.0,
            "trainScoreMean": 0.5045075125208681,
            "trainScoreStd": 0.0,
            "time": 8898,
            "fitTimeMean": 6403.0,
            "fitTimeStd": 0.0,
            "scoreTimeMean": 2495.0,
            "scoreTimeStd": 0.0,
            "parameters": {
                "max_depth": 9,
                "max_features": 0.1534270403214963,
                "min_samples_leaf": 19,
                "n_estimators": 85,
                "min_samples_split": 57
            }
        },
        {
            "finishedAt": 1642672929728,
            "score": 0.5046728971962616,
            "testScoreGibMean": 0.5046728971962616,
            "testScoreMean": 0.5046728971962616,
            "testScoreStd": 0.0,
            "trainScoreMean": 0.5891485809682805,
            "trainScoreStd": 0.0,
            "time": 18893,
            "fitTimeMean": 14797.0,
            "fitTimeStd": 0.0,
            "scoreTimeMean": 4096.0,
            "scoreTimeStd": 0.0,
            "parameters": {
                "max_depth": 19,
                "max_features": 0.5494346253691668,
                "min_samples_leaf": 17,
                "n_estimators": 107,
                "min_samples_split": 51
            }
        },
        {
            "finishedAt": 1642672933242,
            "score": 0.46929238985313754,
            "testScoreGibMean": 0.46929238985313754,
            "testScoreMean": 0.46929238985313754,
            "testScoreStd": 0.0,
            "trainScoreMean": 0.5290484140233723,
            "trainScoreStd": 0.0,
            "time": 9404,
            "fitTimeMean": 7793.0,
            "fitTimeStd": 0.0,
            "scoreTimeMean": 1611.0,
            "scoreTimeStd": 0.0,
            "parameters": {
                "max_depth": 8,
                "max_features": 0.1880151778946672,
                "min_samples_leaf": 7,
                "n_estimators": 90,
                "min_samples_split": 21
            }
        },
        {
            "finishedAt": 1642672938643,
            "score": 0.5714285714285714,
            "testScoreGibMean": 0.5714285714285714,
            "testScoreMean": 0.5714285714285714,
            "testScoreStd": 0.0,
            "trainScoreMean": 0.7460767946577629,
            "trainScoreStd": 0.0,
            "time": 25412,
            "fitTimeMean": 24401.0,
            "fitTimeStd": 0.0,
            "scoreTimeMean": 1011.0,
            "scoreTimeStd": 0.0,
            "parameters": {
                "max_depth": 18,
                "max_features": 0.43871138768472306,
                "min_samples_leaf": 7,
                "n_estimators": 188,
                "min_samples_split": 21
            }
        },
        {
            "finishedAt": 1642672938710,
            "score": 0.49065420560747663,
            "testScoreGibMean": 0.49065420560747663,
            "testScoreMean": 0.49065420560747663,
            "testScoreStd": 0.0,
            "trainScoreMean": 0.5706176961602671,
            "trainScoreStd": 0.0,
            "time": 16475,
            "fitTimeMean": 16194.0,
            "fitTimeStd": 0.0,
            "scoreTimeMean": 281.0,
            "scoreTimeStd": 0.0,
            "parameters": {
                "max_depth": 15,
                "max_features": 0.39488891789885183,
                "min_samples_leaf": 19,
                "n_estimators": 173,
                "min_samples_split": 57
            }
        }
    ]
}