{
    "modelInputNRows": 7488,
    "modelInputNCols": 324,
    "modelInputIsSparse": false,
    "modelInputMemory": 19408896,
    "usedGridSearch": true,
    "gridSize": 24,
    "gridBestScore": 0.6128170894526035,
    "gridCells": [
        {
            "params": {
                "max_depth": 13,
                "max_features": 0.4363178483784972,
                "min_samples_leaf": 9,
                "n_estimators": 119,
                "min_samples_split": 27
            },
            "score": 0.5320427236315087,
            "scoreStd": 0.0,
            "fitTime": 22.811,
            "fitTimeStd": 0.0,
            "scoreTime": 3.805,
            "scoreTimeStd": 0.0
        },
        {
            "params": {
                "max_depth": 15,
                "max_features": 0.37559013232873995,
                "min_samples_leaf": 19,
                "n_estimators": 162,
                "min_samples_split": 57
            },
            "score": 0.5026702269692924,
            "scoreStd": 0.0,
            "fitTime": 25.914,
            "fitTimeStd": 0.0,
            "scoreTime": 3.3,
            "scoreTimeStd": 0.0
        },
        {
            "params": {
                "max_depth": 10,
                "max_features": 0.45526782093320606,
                "min_samples_leaf": 7,
                "n_estimators": 134,
                "min_samples_split": 21
            },
            "score": 0.5113484646194927,
            "scoreStd": 0.0,
            "fitTime": 25.713,
            "fitTimeStd": 0.0,
            "scoreTime": 2.003,
            "scoreTimeStd": 0.0
        },
        {
            "params": {
                "max_depth": 16,
                "max_features": 0.5396887316142894,
                "min_samples_leaf": 2,
                "n_estimators": 107,
                "min_samples_split": 6
            },
            "score": 0.6121495327102804,
            "scoreStd": 0.0,
            "fitTime": 27.014,
            "fitTimeStd": 0.0,
            "scoreTime": 2.615,
            "scoreTimeStd": 0.0
        },
        {
            "params": {
                "max_depth": 19,
                "max_features": 0.15708867592439582,
                "min_samples_leaf": 19,
                "n_estimators": 146,
                "min_samples_split": 57
            },
            "score": 0.5,
            "scoreStd": 0.0,
            "fitTime": 11.093,
            "fitTimeStd": 0.0,
            "scoreTime": 6.503,
            "scoreTimeStd": 0.0
        },
        {
            "params": {
                "max_depth": 15,
                "max_features": 0.6901291630861847,
                "min_samples_leaf": 2,
                "n_estimators": 140,
                "min_samples_split": 6
            },
            "score": 0.6128170894526035,
            "scoreStd": 0.0,
            "fitTime": 37.103,
            "fitTimeStd": 0.0,
            "scoreTime": 4.599,
            "scoreTimeStd": 0.0
        },
        {
            "params": {
                "max_depth": 13,
                "max_features": 0.5739371275638874,
                "min_samples_leaf": 18,
                "n_estimators": 191,
                "min_samples_split": 54
            },
            "score": 0.4979973297730307,
            "scoreStd": 0.0,
            "fitTime": 38.106,
            "fitTimeStd": 0.0,
            "scoreTime": 4.601,
            "scoreTimeStd": 0.0
        },
        {
            "params": {
                "max_depth": 17,
                "max_features": 0.3496623637425988,
                "min_samples_leaf": 4,
                "n_estimators": 100,
                "min_samples_split": 12
            },
            "score": 0.5974632843791722,
            "scoreStd": 0.0,
            "fitTime": 19.008,
            "fitTimeStd": 0.0,
            "scoreTime": 4.696,
            "scoreTimeStd": 0.0
        },
        {
            "params": {
                "max_depth": 14,
                "max_features": 0.32197125936064896,
                "min_samples_leaf": 8,
                "n_estimators": 171,
                "min_samples_split": 24
            },
            "score": 0.5447263017356475,
            "scoreStd": 0.0,
            "fitTime": 24.7,
            "fitTimeStd": 0.0,
            "scoreTime": 6.011,
            "scoreTimeStd": 0.0
        },
        {
            "params": {
                "max_depth": 15,
                "max_features": 0.34301252886495703,
                "min_samples_leaf": 2,
                "n_estimators": 156,
                "min_samples_split": 6
            },
            "score": 0.6041388518024032,
            "scoreStd": 0.0,
            "fitTime": 22.803,
            "fitTimeStd": 0.0,
            "scoreTime": 7.997,
            "scoreTimeStd": 0.0
        },
        {
            "params": {
                "max_depth": 12,
                "max_features": 0.34788478085479535,
                "min_samples_leaf": 19,
                "n_estimators": 197,
                "min_samples_split": 57
            },
            "score": 0.493324432576769,
            "scoreStd": 0.0,
            "fitTime": 24.991,
            "fitTimeStd": 0.0,
            "scoreTime": 5.709,
            "scoreTimeStd": 0.0
        },
        {
            "params": {
                "max_depth": 20,
                "max_features": 0.6570442788259865,
                "min_samples_leaf": 19,
                "n_estimators": 106,
                "min_samples_split": 57
            },
            "score": 0.5060080106809078,
            "scoreStd": 0.0,
            "fitTime": 21.485,
            "fitTimeStd": 0.0,
            "scoreTime": 4.117,
            "scoreTimeStd": 0.0
        },
        {
            "params": {
                "max_depth": 9,
                "max_features": 0.6744155342027564,
                "min_samples_leaf": 11,
                "n_estimators": 148,
                "min_samples_split": 33
            },
            "score": 0.4893190921228304,
            "scoreStd": 0.0,
            "fitTime": 25.996,
            "fitTimeStd": 0.0,
            "scoreTime": 4.413,
            "scoreTimeStd": 0.0
        },
        {
            "params": {
                "max_depth": 17,
                "max_features": 0.5153530858925176,
                "min_samples_leaf": 7,
                "n_estimators": 83,
                "min_samples_split": 21
            },
            "score": 0.5607476635514018,
            "scoreStd": 0.0,
            "fitTime": 16.413,
            "fitTimeStd": 0.0,
            "scoreTime": 2.795,
            "scoreTimeStd": 0.0
        },
        {
            "params": {
                "max_depth": 14,
                "max_features": 0.5390140412005745,
                "min_samples_leaf": 16,
                "n_estimators": 151,
                "min_samples_split": 48
            },
            "score": 0.5033377837116155,
            "scoreStd": 0.0,
            "fitTime": 25.098,
            "fitTimeStd": 0.0,
            "scoreTime": 4.716,
            "scoreTimeStd": 0.0
        },
        {
            "params": {
                "max_depth": 10,
                "max_features": 0.3746275505124097,
                "min_samples_leaf": 10,
                "n_estimators": 193,
                "min_samples_split": 30
            },
            "score": 0.5173564753004005,
            "scoreStd": 0.0,
            "fitTime": 25.813,
            "fitTimeStd": 0.0,
            "scoreTime": 3.801,
            "scoreTimeStd": 0.0
        },
        {
            "params": {
                "max_depth": 18,
                "max_features": 0.583659121407126,
                "min_samples_leaf": 13,
                "n_estimators": 128,
                "min_samples_split": 39
            },
            "score": 0.5233644859813084,
            "scoreStd": 0.0,
            "fitTime": 23.704,
            "fitTimeStd": 0.0,
            "scoreTime": 4.108,
            "scoreTimeStd": 0.0
        },
        {
            "params": {
                "max_depth": 19,
                "max_features": 0.13520759534806753,
                "min_samples_leaf": 19,
                "n_estimators": 113,
                "min_samples_split": 57
            },
            "score": 0.5040053404539386,
            "scoreStd": 0.0,
            "fitTime": 11.692,
            "fitTimeStd": 0.0,
            "scoreTime": 3.905,
            "scoreTimeStd": 0.0
        },
        {
            "params": {
                "max_depth": 19,
                "max_features": 0.1317641885691451,
                "min_samples_leaf": 10,
                "n_estimators": 164,
                "min_samples_split": 30
            },
            "score": 0.5387182910547397,
            "scoreStd": 0.0,
            "fitTime": 10.905,
            "fitTimeStd": 0.0,
            "scoreTime": 6.505,
            "scoreTimeStd": 0.0
        },
        {
            "params": {
                "max_depth": 19,
                "max_features": 0.5494346253691668,
                "min_samples_leaf": 17,
                "n_estimators": 107,
                "min_samples_split": 51
            },
            "score": 0.5046728971962616,
            "scoreStd": 0.0,
            "fitTime": 14.797,
            "fitTimeStd": 0.0,
            "scoreTime": 4.096,
            "scoreTimeStd": 0.0
        },
        {
            "params": {
                "max_depth": 18,
                "max_features": 0.43871138768472306,
                "min_samples_leaf": 7,
                "n_estimators": 188,
                "min_samples_split": 21
            },
            "score": 0.5714285714285714,
            "scoreStd": 0.0,
            "fitTime": 24.401,
            "fitTimeStd": 0.0,
            "scoreTime": 1.011,
            "scoreTimeStd": 0.0
        },
        {
            "params": {
                "max_depth": 9,
                "max_features": 0.1534270403214963,
                "min_samples_leaf": 19,
                "n_estimators": 85,
                "min_samples_split": 57
            },
            "score": 0.4679572763684913,
            "scoreStd": 0.0,
            "fitTime": 6.403,
            "fitTimeStd": 0.0,
            "scoreTime": 2.495,
            "scoreTimeStd": 0.0
        },
        {
            "params": {
                "max_depth": 15,
                "max_features": 0.39488891789885183,
                "min_samples_leaf": 19,
                "n_estimators": 173,
                "min_samples_split": 57
            },
            "score": 0.49065420560747663,
            "scoreStd": 0.0,
            "fitTime": 16.194,
            "fitTimeStd": 0.0,
            "scoreTime": 0.281,
            "scoreTimeStd": 0.0
        },
        {
            "params": {
                "max_depth": 8,
                "max_features": 0.1880151778946672,
                "min_samples_leaf": 7,
                "n_estimators": 90,
                "min_samples_split": 21
            },
            "score": 0.46929238985313754,
            "scoreStd": 0.0,
            "fitTime": 7.793,
            "fitTimeStd": 0.0,
            "scoreTime": 1.611,
            "scoreTimeStd": 0.0
        }
    ],
    "rawImportance": {
        "variables": [
            "nb_articles",
            "position",
            "dummy:country:FR",
            "dummy:country:GB",
            "dummy:country:IT",
            "dummy:country:ES",
            "dummy:country:DE",
            "dummy:shipping_fees:0",
            "dummy:shipping_fees:5,9",
            "dummy:shipping_fees:4,9",
            "dummy:shipping_fees:10,5",
            "dummy:shipping_fees:6,9",
            "dummy:shipping_fees:4,95",
            "dummy:shipping_fees:2,99",
            "dummy:shipping_fees:4,99",
            "dummy:shipping_fees:3,95",
            "dummy:shipping_fees:5,95",
            "dummy:shipping_fees:9,9",
            "dummy:shipping_fees:6",
            "dummy:shipping_fees:7,9",
            "dummy:shipping_fees:8,9",
            "dummy:shipping_fees:5",
            "dummy:shipping_fees:9,99",
            "dummy:shipping_fees:5,5",
            "dummy:shipping_fees:7",
            "dummy:shipping_fees:9",
            "dummy:shipping_fees:4",
            "dummy:shipping_fees:5,99",
            "dummy:shipping_fees:6,5",
            "dummy:shipping_fees:3,9",
            "dummy:shipping_fees:3,5",
            "dummy:shipping_fees:2,95",
            "dummy:shipping_fees:23,9",
            "dummy:shipping_fees:3,99",
            "dummy:shipping_fees:10",
            "dummy:shipping_fees:7,5",
            "dummy:shipping_fees:8",
            "dummy:shipping_fees:10,9",
            "dummy:shipping_fees:6,99",
            "dummy:shipping_fees:13,99",
            "dummy:shipping_fees:8,5",
            "dummy:shipping_fees:6,95",
            "dummy:shipping_fees:19,9",
            "dummy:shipping_fees:7,99",
            "dummy:shipping_fees:1,99",
            "dummy:shipping_fees:12",
            "dummy:shipping_fees:11",
            "dummy:shipping_fees:8,95",
            "dummy:shipping_fees:4,5",
            "dummy:shipping_fees:10,99",
            "dummy:shipping_fees:8,49",
            "dummy:shipping_fees:13,9",
            "dummy:shipping_fees:5,89",
            "dummy:shipping_fees:4,85",
            "dummy:shipping_fees:21,9",
            "dummy:shipping_fees:15",
            "dummy:shipping_fees:11,9",
            "dummy:shipping_fees:20",
            "dummy:shipping_fees:8,99",
            "dummy:shipping_fees:12,9",
            "dummy:shipping_fees:4,75",
            "dummy:shipping_fees:5,49",
            "dummy:shipping_fees:13,5",
            "dummy:shipping_fees:5,6",
            "dummy:shipping_fees:14,9",
            "dummy:shipping_fees:12,5",
            "dummy:shipping_fees:15,95",
            "dummy:shipping_fees:12,95",
            "dummy:shipping_fees:6,3",
            "dummy:shipping_fees:7,95",
            "dummy:shipping_fees:3,03",
            "dummy:shipping_fees:30",
            "dummy:shipping_fees:9,84",
            "dummy:shipping_fees:6,7",
            "dummy:shipping_fees:24,99",
            "dummy:shipping_fees:19,99",
            "dummy:shipping_fees:5,35",
            "dummy:shipping_fees:6,49",
            "dummy:shipping_fees:7,7",
            "dummy:shipping_fees:25,9",
            "dummy:shipping_fees:14",
            "dummy:shipping_fees:10,95",
            "dummy:shipping_fees:8,34",
            "dummy:shipping_fees:16,5",
            "dummy:shipping_fees:6,6",
            "dummy:shipping_fees:11,99",
            "dummy:shipping_fees:6,61",
            "dummy:shipping_fees:4,8",
            "dummy:shipping_fees:11,5",
            "dummy:shipping_fees:8,7",
            "dummy:shipping_fees:15,9",
            "dummy:shipping_fees:59",
            "dummy:shipping_fees:2,2",
            "dummy:shipping_fees:6,4",
            "dummy:shipping_fees:3,94",
            "dummy:shipping_fees:__Others__",
            "dummy:browser:Chrome",
            "dummy:browser:Chrome Mobile",
            "dummy:browser:Edge",
            "dummy:browser:Firefox",
            "dummy:browser:Mobile Safari",
            "dummy:browser:Safari",
            "dummy:browser:Samsung Internet",
            "dummy:browser:Google",
            "dummy:browser:Chrome Mobile iOS",
            "dummy:browser:Facebook",
            "dummy:browser:Opera",
            "dummy:browser:Chrome Mobile WebView",
            "dummy:browser:Firefox Mobile",
            "dummy:browser:MiuiBrowser",
            "dummy:browser:Amazon Silk",
            "dummy:browser:Other",
            "dummy:browser:Instagram",
            "dummy:browser:Mobile Safari UI/WKWebView",
            "dummy:csat_presales:FALSE",
            "dummy:csat_presales:good",
            "dummy:csat_presales:neutral",
            "dummy:operating_system:Windows",
            "dummy:operating_system:Android",
            "dummy:operating_system:iOS",
            "dummy:operating_system:Mac OS",
            "dummy:operating_system:Linux",
            "dummy:operating_system:Chrome OS",
            "dummy:operating_system:Other",
            "dummy:day:lundi",
            "dummy:day:dimanche",
            "dummy:day:mardi",
            "dummy:day:mercredi",
            "dummy:day:jeudi",
            "dummy:day:samedi",
            "dummy:day:vendredi",
            "dummy:payment_method:visa",
            "dummy:payment_method:paypal",
            "dummy:payment_method:mastercard",
            "dummy:payment_method:oney3x",
            "dummy:payment_method:transfer",
            "dummy:payment_method:payment-intent",
            "dummy:payment_method:sofort",
            "dummy:payment_method:cb",
            "dummy:first_order:false",
            "dummy:first_order:true",
            "dummy:has_presales_contact:false",
            "dummy:has_presales_contact:true",
            "dummy:bv_transaction:59,99",
            "dummy:bv_transaction:39,99",
            "dummy:bv_transaction:89,99",
            "dummy:bv_transaction:49,99",
            "dummy:bv_transaction:79,99",
            "dummy:bv_transaction:39,9",
            "dummy:bv_transaction:69,99",
            "dummy:bv_transaction:29,99",
            "dummy:bv_transaction:19,99",
            "dummy:bv_transaction:24,99",
            "dummy:bv_transaction:99,99",
            "dummy:bv_transaction:119,99",
            "dummy:bv_transaction:34,99",
            "dummy:bv_transaction:44,99",
            "dummy:bv_transaction:27,99",
            "dummy:bv_transaction:14,99",
            "dummy:bv_transaction:54,99",
            "dummy:bv_transaction:89,9",
            "dummy:bv_transaction:23,99",
            "dummy:bv_transaction:139,99",
            "dummy:bv_transaction:42,99",
            "dummy:bv_transaction:64,99",
            "dummy:bv_transaction:31,99",
            "dummy:bv_transaction:49,9",
            "dummy:bv_transaction:21,99",
            "dummy:bv_transaction:55,99",
            "dummy:bv_transaction:37,99",
            "dummy:bv_transaction:43,99",
            "dummy:bv_transaction:199,99",
            "dummy:bv_transaction:109,99",
            "dummy:bv_transaction:18,99",
            "dummy:bv_transaction:46,99",
            "dummy:bv_transaction:149,99",
            "dummy:bv_transaction:22,99",
            "dummy:bv_transaction:75,99",
            "dummy:bv_transaction:36,99",
            "dummy:bv_transaction:30,99",
            "dummy:bv_transaction:34,9",
            "dummy:bv_transaction:16,99",
            "dummy:bv_transaction:33,99",
            "dummy:bv_transaction:25,99",
            "dummy:bv_transaction:15,99",
            "dummy:bv_transaction:69,9",
            "dummy:bv_transaction:45,99",
            "dummy:bv_transaction:99,9",
            "dummy:bv_transaction:129,99",
            "dummy:bv_transaction:29,9",
            "dummy:bv_transaction:67,99",
            "dummy:bv_transaction:103,99",
            "dummy:bv_transaction:59,95",
            "dummy:bv_transaction:86,99",
            "dummy:bv_transaction:179,99",
            "dummy:bv_transaction:159",
            "dummy:bv_transaction:19,8",
            "dummy:bv_transaction:129,9",
            "dummy:bv_transaction:109,9",
            "dummy:bv_transaction:89,95",
            "dummy:bv_transaction:84,99",
            "dummy:bv_transaction:65,99",
            "dummy:bv_transaction:52,99",
            "dummy:bv_transaction:69,95",
            "dummy:bv_transaction:94,9",
            "dummy:bv_transaction:62,99",
            "dummy:bv_transaction:145,99",
            "dummy:bv_transaction:33,9",
            "dummy:bv_transaction:58,99",
            "dummy:bv_transaction:68,99",
            "dummy:bv_transaction:134,99",
            "dummy:bv_transaction:72,99",
            "dummy:bv_transaction:32,9",
            "dummy:bv_transaction:32,99",
            "dummy:bv_transaction:60,99",
            "dummy:bv_transaction:53,99",
            "dummy:bv_transaction:59,9",
            "dummy:bv_transaction:20,99",
            "dummy:bv_transaction:57,99",
            "dummy:bv_transaction:189,99",
            "dummy:bv_transaction:117,99",
            "dummy:bv_transaction:48,99",
            "dummy:bv_transaction:12,99",
            "dummy:bv_transaction:124,99",
            "dummy:bv_transaction:144,9",
            "dummy:bv_transaction:__Others__",
            "dummy:last_paid_channel:SHOPBOT",
            "dummy:last_paid_channel:DIRECT_ACCESS",
            "dummy:last_paid_channel:SEM",
            "dummy:last_paid_channel:SEO-SEARCH",
            "dummy:last_paid_channel:SEO-BRAND",
            "dummy:last_paid_channel:RETARGETING",
            "dummy:last_paid_channel:EMAIL",
            "dummy:last_paid_channel:AFFILIATION",
            "dummy:last_paid_channel:DISPLAY",
            "dummy:last_paid_channel:N/A",
            "dummy:is_mf:false",
            "dummy:is_mf:true",
            "dummy:family:Jardin piscine",
            "dummy:family:Outillage",
            "dummy:family:Mobilier d'int\u00e9rieur",
            "dummy:family:Quincaillerie",
            "dummy:family:Salle de bain, WC",
            "dummy:family:Luminaire",
            "dummy:family:Plomberie chauffage",
            "dummy:family:Electricit\u00e9",
            "dummy:family:Animalerie",
            "dummy:family:Rev\u00eatement sol et mur",
            "dummy:family:Cuisine",
            "dummy:family:Construction mat\u00e9riaux",
            "dummy:device:desktop",
            "dummy:device:phone",
            "dummy:device:tablet"
        ],
        "importances": [
            0.04416256835642527,
            0.024457477667096036,
            0.015255808964498666,
            0.017059058719888838,
            0.011649329415519641,
            0.010795951309590454,
            0.02009034612059675,
            0.023968217185814242,
            0.0035054956571032954,
            0.003548411940536798,
            0.0037275337945725903,
            0.00216767901746965,
            0.00503719074293282,
            0.003227596041635056,
            0.0018751511706216835,
            0.0008379181980531717,
            0.0036705389214588425,
            0.005566682947875993,
            0.003846719838000996,
            0.0011795185629272832,
            0.0006992990437336834,
            0.0016193113230742711,
            0.0002016389663281308,
            0.00204333232697107,
            0.0011789100943092059,
            0.0027994750698275618,
            0.0014768617155112697,
            0.0019083637561781261,
            0.0009428773526264997,
            0.0010777339998870711,
            0.00010499269612089495,
            0.0007543525031709425,
            0.0003762176860274985,
            0.0030205315958351004,
            0.0008447167387683114,
            0.0001705045046018419,
            0.0037027527113799408,
            0.0001729769517416792,
            0.0010778601741514714,
            0.0009633762577129401,
            0.0015250450035852495,
            0.0004650287286615958,
            0.0007080228897639582,
            5.524471587992008e-05,
            0.0014843580786147682,
            0.0018619199636046228,
            0.0001476805500376428,
            0.0014088152357842997,
            0.0003969716417597238,
            2.5628694079224222e-05,
            0.001139136943583892,
            0.007520967687399141,
            0.0004508209719080516,
            3.0996296021674166e-05,
            0.0004249531035627408,
            2.891068944256086e-05,
            0.00042488506566100263,
            5.311993287575569e-05,
            0.001189216289329847,
            0.000589387639583826,
            1.991001871579807e-05,
            0.0006070657461077357,
            7.552349260273392e-06,
            0.0014328391306715953,
            5.731846666743996e-05,
            0.001979141363366523,
            1.9789025684991253e-05,
            0.00038731979119282015,
            4.608968031331858e-05,
            5.469854503828791e-05,
            2.7926574596989672e-05,
            0.0006115131620263092,
            1.1226384529614175e-05,
            1.2383617669560559e-05,
            6.183178363837522e-05,
            0.00022298665509300563,
            0.0003367252101813494,
            0.00024211432352752932,
            0.00013654289698120597,
            7.619990503169714e-06,
            0.0011057422813768722,
            0.0007443155028075234,
            0.00028430683054689066,
            1.2056264650232179e-05,
            2.038409318760765e-05,
            0.0010427410581002067,
            0.00026490759766084236,
            0.0003070262636376892,
            2.099569979373099e-05,
            7.839941086328698e-06,
            3.1479104573063533e-06,
            1.6741093935328938e-05,
            2.4105254057435378e-05,
            0.0014081402587612234,
            2.4983982031193334e-05,
            0.0155752337551462,
            0.02385906532565804,
            0.014182578885274213,
            0.013424691111664281,
            0.01012056133553092,
            0.009718360851552033,
            0.006496203031397418,
            0.004449474640407843,
            0.007110981552336485,
            0.0016431319145997667,
            0.0007820787336344945,
            0.0005658428353436492,
            0.000248345081547137,
            0.0013415488287326415,
            2.2235238101131398e-05,
            9.269557142005733e-05,
            0.0003877175744679374,
            0.0006238859397308759,
            3.624950892950289e-05,
            0.0006498532695644744,
            0.0011854347567893213,
            1.8259494467237035e-05,
            0.015171249203750828,
            0.009197547511886998,
            0.009148562313304479,
            0.006491772975338008,
            0.0019045591009938813,
            0.00036583607325488536,
            0.0001469262756844154,
            0.020180920930761,
            0.022905006678931566,
            0.016852662254878314,
            0.01664479502271559,
            0.016714490512859934,
            0.012939352810961475,
            0.015640090213483546,
            0.020396924702059244,
            0.021651500211416125,
            0.014325371935168717,
            0.00177945674153105,
            0.0013525263366835475,
            0.0005783601905181577,
            0.000718179411831891,
            0.0001260913312749218,
            0.017257017496106388,
            0.016955754234932095,
            0.0055852388106656554,
            0.006402553714482067,
            0.0012260663198485234,
            0.0027489507615675282,
            0.0005718624194521083,
            0.00032255562967794615,
            0.0005756695881962787,
            0.0008553787844217468,
            0.0012578073739377962,
            0.00028465061015238457,
            0.00048381306423785287,
            0.0006688284423136914,
            0.000225056396432327,
            0.0014088808168424133,
            0.0023742074679824242,
            0.0007175594501801944,
            0.0005344684395371513,
            6.177780322285822e-05,
            4.22938122709164e-05,
            3.9571139443168686e-05,
            5.640089349036891e-05,
            0.0021276253450546096,
            0.001287531120377903,
            0.0010039774483311485,
            0.0026078538620324093,
            0.0042618168669543086,
            8.811774662585101e-05,
            2.567858327538756e-05,
            0.0020250206179032435,
            2.9130287611355438e-05,
            0.0003768403107453366,
            0.0014177439664320975,
            5.402173336943625e-05,
            0.0003273167715884139,
            0.0005272105367898607,
            1.5315583372248198e-05,
            1.2459881001194715e-05,
            0.0006916318480521886,
            0.0005433340404187306,
            1.4179798157214611e-05,
            0.0003967809702858153,
            0.0032236556102056948,
            0.0008389222128034298,
            2.0617940856505548e-05,
            0.000787769561003717,
            1.805952962307774e-05,
            0.0005147952896785056,
            8.118096297506822e-05,
            0.0016299398844731516,
            1.5074757711397242e-05,
            3.3650510619358534e-05,
            4.531405647228631e-06,
            0.0010033611414148747,
            0.0007897556169774056,
            0.0012111604748616792,
            2.600212083086012e-05,
            0.0001490635516980038,
            0.000266574772874448,
            9.894143773274994e-05,
            4.3355468832474546e-05,
            0.00012516009227402406,
            5.43113696891793e-05,
            2.1194995387751794e-05,
            6.430803304940671e-06,
            0.00025153023553306503,
            8.361922605248329e-05,
            5.548030687867236e-05,
            0.00017277809828811227,
            2.9749653592292842e-05,
            0.001163383818487403,
            2.65147174244089e-05,
            0.0010957914038990837,
            0.00010998733198811753,
            0.0011590397078648565,
            0.0016367083946145383,
            0.0002668126949907158,
            1.2701657258078306e-05,
            1.0951548236918117e-05,
            2.2805376750031745e-05,
            0.00017370207645782363,
            0.00039640268076756544,
            3.568815546087438e-05,
            3.1515233384569536e-05,
            0.0004142403949863583,
            0.019012800402364218,
            0.027473770204770213,
            0.02434111652105275,
            0.013673507755888633,
            0.007174767555870796,
            0.012861181370469241,
            0.006225555086551736,
            0.005261296671680781,
            0.00914490229379427,
            0.0007239247893481321,
            0.003805715269384653,
            0.004046181199288353,
            0.004597562603785172,
            0.02658439039212257,
            0.019387962481129985,
            0.017651350780169717,
            0.008142192366212563,
            0.012841410986740865,
            0.009601720419404016,
            0.008930909688919275,
            0.009931385362813645,
            0.005630449667305953,
            0.006103930772270187,
            0.0037759400186079058,
            0.004241657812763981,
            0.007989922284180228,
            0.011014230407092164,
            0.013194370938698349
        ]
    },
    "probaAware": true
}