{
    "metrics": {
        "mrocAUC": 0.5598439896673182,
        "mcalibrationLoss": 0.19284891651924838,
        "precision": 0.38621699597084075,
        "recall": 0.38569237891535696,
        "f1": 0.38269351473307434,
        "accuracy": 0.5784235668789809,
        "hammingLoss": 0.4215764331210191,
        "logLoss": 0.9071440799542775
    },
    "processed_feature_names": [
        "nb_articles",
        "position",
        "dummy:country:FR",
        "dummy:country:GB",
        "dummy:country:IT",
        "dummy:country:ES",
        "dummy:country:DE",
        "dummy:country:N/A",
        "dummy:country:__Others__",
        "dummy:shipping_fees:0",
        "dummy:shipping_fees:5,9",
        "dummy:shipping_fees:4,9",
        "dummy:shipping_fees:10,5",
        "dummy:shipping_fees:6,9",
        "dummy:shipping_fees:4,95",
        "dummy:shipping_fees:2,99",
        "dummy:shipping_fees:4,99",
        "dummy:shipping_fees:3,95",
        "dummy:shipping_fees:5,95",
        "dummy:shipping_fees:9,9",
        "dummy:shipping_fees:6",
        "dummy:shipping_fees:7,9",
        "dummy:shipping_fees:8,9",
        "dummy:shipping_fees:5",
        "dummy:shipping_fees:9,99",
        "dummy:shipping_fees:5,5",
        "dummy:shipping_fees:7",
        "dummy:shipping_fees:9",
        "dummy:shipping_fees:4",
        "dummy:shipping_fees:5,99",
        "dummy:shipping_fees:6,5",
        "dummy:shipping_fees:3,9",
        "dummy:shipping_fees:3,5",
        "dummy:shipping_fees:2,95",
        "dummy:shipping_fees:23,9",
        "dummy:shipping_fees:3,99",
        "dummy:shipping_fees:10",
        "dummy:shipping_fees:7,5",
        "dummy:shipping_fees:8",
        "dummy:shipping_fees:10,9",
        "dummy:shipping_fees:6,99",
        "dummy:shipping_fees:13,99",
        "dummy:shipping_fees:8,5",
        "dummy:shipping_fees:6,95",
        "dummy:shipping_fees:19,9",
        "dummy:shipping_fees:7,99",
        "dummy:shipping_fees:1,99",
        "dummy:shipping_fees:12",
        "dummy:shipping_fees:11",
        "dummy:shipping_fees:8,95",
        "dummy:shipping_fees:4,5",
        "dummy:shipping_fees:10,99",
        "dummy:shipping_fees:8,49",
        "dummy:shipping_fees:13,9",
        "dummy:shipping_fees:5,89",
        "dummy:shipping_fees:4,85",
        "dummy:shipping_fees:21,9",
        "dummy:shipping_fees:15",
        "dummy:shipping_fees:11,9",
        "dummy:shipping_fees:20",
        "dummy:shipping_fees:8,99",
        "dummy:shipping_fees:12,9",
        "dummy:shipping_fees:4,75",
        "dummy:shipping_fees:5,49",
        "dummy:shipping_fees:13,5",
        "dummy:shipping_fees:5,6",
        "dummy:shipping_fees:14,9",
        "dummy:shipping_fees:12,5",
        "dummy:shipping_fees:15,95",
        "dummy:shipping_fees:12,95",
        "dummy:shipping_fees:6,3",
        "dummy:shipping_fees:7,95",
        "dummy:shipping_fees:3,03",
        "dummy:shipping_fees:15,8",
        "dummy:shipping_fees:30",
        "dummy:shipping_fees:9,84",
        "dummy:shipping_fees:4,2",
        "dummy:shipping_fees:7,8",
        "dummy:shipping_fees:6,7",
        "dummy:shipping_fees:24,99",
        "dummy:shipping_fees:19,99",
        "dummy:shipping_fees:14,95",
        "dummy:shipping_fees:5,35",
        "dummy:shipping_fees:6,49",
        "dummy:shipping_fees:7,7",
        "dummy:shipping_fees:25,9",
        "dummy:shipping_fees:5,7",
        "dummy:shipping_fees:18,9",
        "dummy:shipping_fees:49",
        "dummy:shipping_fees:14",
        "dummy:shipping_fees:4,59",
        "dummy:shipping_fees:10,95",
        "dummy:shipping_fees:8,34",
        "dummy:shipping_fees:16,5",
        "dummy:shipping_fees:2,5",
        "dummy:shipping_fees:6,6",
        "dummy:shipping_fees:11,99",
        "dummy:shipping_fees:6,61",
        "dummy:shipping_fees:5,79",
        "dummy:shipping_fees:12,8",
        "dummy:shipping_fees:14,5",
        "dummy:shipping_fees:4,8",
        "dummy:shipping_fees:11,5",
        "dummy:shipping_fees:8,7",
        "dummy:shipping_fees:15,9",
        "dummy:shipping_fees:59",
        "dummy:shipping_fees:2,2",
        "dummy:shipping_fees:9,5",
        "dummy:shipping_fees:6,4",
        "dummy:shipping_fees:3,94",
        "dummy:shipping_fees:N/A",
        "dummy:shipping_fees:__Others__",
        "dummy:browser:Chrome",
        "dummy:browser:Chrome Mobile",
        "dummy:browser:Edge",
        "dummy:browser:Firefox",
        "dummy:browser:Mobile Safari",
        "dummy:browser:Safari",
        "dummy:browser:Samsung Internet",
        "dummy:browser:Google",
        "dummy:browser:Chrome Mobile iOS",
        "dummy:browser:Facebook",
        "dummy:browser:Opera",
        "dummy:browser:Chrome Mobile WebView",
        "dummy:browser:Firefox Mobile",
        "dummy:browser:MiuiBrowser",
        "dummy:browser:Amazon Silk",
        "dummy:browser:Other",
        "dummy:browser:Firefox iOS",
        "dummy:browser:Instagram",
        "dummy:browser:Edge Mobile",
        "dummy:browser:Mobile Safari UI/WKWebView",
        "dummy:browser:Opera Mobile",
        "dummy:browser:Waterfox",
        "dummy:browser:N/A",
        "dummy:browser:__Others__",
        "dummy:csat_presales:FALSE",
        "dummy:csat_presales:good",
        "dummy:csat_presales:neutral",
        "dummy:csat_presales:bad",
        "dummy:csat_presales:N/A",
        "dummy:csat_presales:__Others__",
        "dummy:operating_system:Windows",
        "dummy:operating_system:Android",
        "dummy:operating_system:iOS",
        "dummy:operating_system:Mac OS",
        "dummy:operating_system:Linux",
        "dummy:operating_system:Chrome OS",
        "dummy:operating_system:Other",
        "dummy:operating_system:N/A",
        "dummy:operating_system:__Others__",
        "dummy:day:lundi",
        "dummy:day:dimanche",
        "dummy:day:mardi",
        "dummy:day:mercredi",
        "dummy:day:jeudi",
        "dummy:day:samedi",
        "dummy:day:vendredi",
        "dummy:day:N/A",
        "dummy:day:__Others__",
        "dummy:payment_method:visa",
        "dummy:payment_method:paypal",
        "dummy:payment_method:mastercard",
        "dummy:payment_method:oney3x",
        "dummy:payment_method:transfer",
        "dummy:payment_method:payment-intent",
        "dummy:payment_method:sofort",
        "dummy:payment_method:cb",
        "dummy:payment_method:N/A",
        "dummy:payment_method:__Others__",
        "dummy:first_order:false",
        "dummy:first_order:true",
        "dummy:first_order:N/A",
        "dummy:first_order:__Others__",
        "dummy:has_manodvisor_contact:false",
        "dummy:has_manodvisor_contact:true",
        "dummy:has_manodvisor_contact:N/A",
        "dummy:has_manodvisor_contact:__Others__",
        "dummy:has_presales_contact:false",
        "dummy:has_presales_contact:true",
        "dummy:has_presales_contact:N/A",
        "dummy:has_presales_contact:__Others__",
        "dummy:bv_transaction:59,99",
        "dummy:bv_transaction:39,99",
        "dummy:bv_transaction:89,99",
        "dummy:bv_transaction:49,99",
        "dummy:bv_transaction:79,99",
        "dummy:bv_transaction:39,9",
        "dummy:bv_transaction:69,99",
        "dummy:bv_transaction:29,99",
        "dummy:bv_transaction:19,99",
        "dummy:bv_transaction:24,99",
        "dummy:bv_transaction:99,99",
        "dummy:bv_transaction:119,99",
        "dummy:bv_transaction:34,99",
        "dummy:bv_transaction:44,99",
        "dummy:bv_transaction:27,99",
        "dummy:bv_transaction:14,99",
        "dummy:bv_transaction:54,99",
        "dummy:bv_transaction:89,9",
        "dummy:bv_transaction:23,99",
        "dummy:bv_transaction:139,99",
        "dummy:bv_transaction:42,99",
        "dummy:bv_transaction:64,99",
        "dummy:bv_transaction:31,99",
        "dummy:bv_transaction:17,99",
        "dummy:bv_transaction:49,9",
        "dummy:bv_transaction:21,99",
        "dummy:bv_transaction:55,99",
        "dummy:bv_transaction:37,99",
        "dummy:bv_transaction:43,99",
        "dummy:bv_transaction:199,99",
        "dummy:bv_transaction:28,99",
        "dummy:bv_transaction:109,99",
        "dummy:bv_transaction:18,99",
        "dummy:bv_transaction:46,99",
        "dummy:bv_transaction:149,99",
        "dummy:bv_transaction:22,99",
        "dummy:bv_transaction:75,99",
        "dummy:bv_transaction:36,99",
        "dummy:bv_transaction:30,99",
        "dummy:bv_transaction:34,9",
        "dummy:bv_transaction:35,99",
        "dummy:bv_transaction:16,99",
        "dummy:bv_transaction:33,99",
        "dummy:bv_transaction:25,99",
        "dummy:bv_transaction:15,99",
        "dummy:bv_transaction:69,9",
        "dummy:bv_transaction:45,99",
        "dummy:bv_transaction:99,9",
        "dummy:bv_transaction:74,99",
        "dummy:bv_transaction:129,99",
        "dummy:bv_transaction:29,95",
        "dummy:bv_transaction:29,9",
        "dummy:bv_transaction:67,99",
        "dummy:bv_transaction:103,99",
        "dummy:bv_transaction:59,95",
        "dummy:bv_transaction:86,99",
        "dummy:bv_transaction:179,99",
        "dummy:bv_transaction:159",
        "dummy:bv_transaction:19,8",
        "dummy:bv_transaction:129,9",
        "dummy:bv_transaction:109,9",
        "dummy:bv_transaction:89,95",
        "dummy:bv_transaction:84,99",
        "dummy:bv_transaction:65,99",
        "dummy:bv_transaction:61,99",
        "dummy:bv_transaction:52,99",
        "dummy:bv_transaction:69,95",
        "dummy:bv_transaction:94,9",
        "dummy:bv_transaction:62,99",
        "dummy:bv_transaction:114,99",
        "dummy:bv_transaction:145,99",
        "dummy:bv_transaction:119,9",
        "dummy:bv_transaction:38,99",
        "dummy:bv_transaction:33,9",
        "dummy:bv_transaction:98,99",
        "dummy:bv_transaction:37,95",
        "dummy:bv_transaction:22,95",
        "dummy:bv_transaction:58,99",
        "dummy:bv_transaction:56,99",
        "dummy:bv_transaction:68,99",
        "dummy:bv_transaction:134,99",
        "dummy:bv_transaction:72,99",
        "dummy:bv_transaction:32,9",
        "dummy:bv_transaction:32,99",
        "dummy:bv_transaction:60,99",
        "dummy:bv_transaction:53,99",
        "dummy:bv_transaction:59,9",
        "dummy:bv_transaction:20,99",
        "dummy:bv_transaction:57,99",
        "dummy:bv_transaction:189,99",
        "dummy:bv_transaction:79,9",
        "dummy:bv_transaction:117,99",
        "dummy:bv_transaction:35,98",
        "dummy:bv_transaction:159,99",
        "dummy:bv_transaction:48,99",
        "dummy:bv_transaction:12,99",
        "dummy:bv_transaction:124,99",
        "dummy:bv_transaction:94,99",
        "dummy:bv_transaction:149,9",
        "dummy:bv_transaction:144,9",
        "dummy:bv_transaction:199",
        "dummy:bv_transaction:N/A",
        "dummy:bv_transaction:__Others__",
        "dummy:last_paid_channel:SHOPBOT",
        "dummy:last_paid_channel:DIRECT_ACCESS",
        "dummy:last_paid_channel:SEM",
        "dummy:last_paid_channel:SEO-SEARCH",
        "dummy:last_paid_channel:SEO-BRAND",
        "dummy:last_paid_channel:RETARGETING",
        "dummy:last_paid_channel:EMAIL",
        "dummy:last_paid_channel:AFFILIATION",
        "dummy:last_paid_channel:DISPLAY",
        "dummy:last_paid_channel:VIRAL-BRAND",
        "dummy:last_paid_channel:DISPLAY-BRAND",
        "dummy:last_paid_channel:N/A",
        "dummy:last_paid_channel:__Others__",
        "dummy:is_mf:false",
        "dummy:is_mf:true",
        "dummy:is_mf:N/A",
        "dummy:is_mf:__Others__",
        "dummy:month:ao\u00fbt",
        "dummy:month:N/A",
        "dummy:month:__Others__",
        "dummy:family:Jardin piscine",
        "dummy:family:Outillage",
        "dummy:family:Mobilier d'int\u00e9rieur",
        "dummy:family:Quincaillerie",
        "dummy:family:Salle de bain, WC",
        "dummy:family:Luminaire",
        "dummy:family:Plomberie chauffage",
        "dummy:family:Electricit\u00e9",
        "dummy:family:Animalerie",
        "dummy:family:Rev\u00eatement sol et mur",
        "dummy:family:Cuisine",
        "dummy:family:Construction mat\u00e9riaux",
        "dummy:family:N/A",
        "dummy:family:__Others__",
        "dummy:device:desktop",
        "dummy:device:phone",
        "dummy:device:tablet",
        "dummy:device:N/A",
        "dummy:device:__Others__"
    ],
    "classes": [
        "Promoter",
        "Passive",
        "Detractor"
    ],
    "confusion": {
        "totalRows": 2512,
        "perActual": {
            "Promoter": {
                "actualClassCount": 1843.0,
                "perPredicted": {
                    "Promoter": 1258,
                    "Passive": 519,
                    "Detractor": 66
                }
            },
            "Passive": {
                "actualClassCount": 531.0,
                "perPredicted": {
                    "Promoter": 316,
                    "Passive": 175,
                    "Detractor": 40
                }
            },
            "Detractor": {
                "actualClassCount": 138.0,
                "perPredicted": {
                    "Promoter": 78,
                    "Passive": 40,
                    "Detractor": 20
                }
            }
        }
    },
    "oneVsAllRocAUC": {
        "Promoter": 0.5659831122811884,
        "Passive": 0.5225855609457454,
        "Detractor": 0.5811264544644275
    },
    "oneVsAllRocCurves": {
        "Promoter": [
            {
                "x": 0.0,
                "y": 0.0,
                "p": 1.8256553462063692
            },
            {
                "x": 0.016442451420029897,
                "y": 0.03581117742810635,
                "p": 0.6643756019668036
            },
            {
                "x": 0.04035874439461883,
                "y": 0.06511123168746609,
                "p": 0.6248244374971729
            },
            {
                "x": 0.06427503736920777,
                "y": 0.09386869234943028,
                "p": 0.5955503372329587
            },
            {
                "x": 0.08669656203288491,
                "y": 0.12262615301139447,
                "p": 0.5783418811827711
            },
            {
                "x": 0.11061285500747384,
                "y": 0.15029842647856756,
                "p": 0.5615088628954886
            },
            {
                "x": 0.13452914798206278,
                "y": 0.17688551275094955,
                "p": 0.5476039873198257
            },
            {
                "x": 0.15396113602391628,
                "y": 0.20835594139989147,
                "p": 0.5337380600549348
            },
            {
                "x": 0.17937219730941703,
                "y": 0.23385784047748237,
                "p": 0.5214698750500165
            },
            {
                "x": 0.20179372197309417,
                "y": 0.2615301139446555,
                "p": 0.5125157943190176
            },
            {
                "x": 0.22720478325859492,
                "y": 0.2875746066196419,
                "p": 0.503990903374044
            },
            {
                "x": 0.24813153961136025,
                "y": 0.3174172544763972,
                "p": 0.49278548722769855
            },
            {
                "x": 0.2705530642750374,
                "y": 0.34888768312533913,
                "p": 0.48407921578000523
            },
            {
                "x": 0.29596412556053814,
                "y": 0.37438958220293,
                "p": 0.4765345760507006
            },
            {
                "x": 0.3213751868460389,
                "y": 0.3998914812805209,
                "p": 0.46929133460985134
            },
            {
                "x": 0.34379671150971597,
                "y": 0.4302767227346717,
                "p": 0.45938003086117996
            },
            {
                "x": 0.36771300448430494,
                "y": 0.46608790016277807,
                "p": 0.4508919509623559
            },
            {
                "x": 0.40059790732436473,
                "y": 0.4845360824742268,
                "p": 0.44320305404790666
            },
            {
                "x": 0.41853512705530643,
                "y": 0.5192620727075421,
                "p": 0.43330108168768033
            },
            {
                "x": 0.445440956651719,
                "y": 0.5436787845903418,
                "p": 0.42538977431167807
            },
            {
                "x": 0.47085201793721976,
                "y": 0.5708084644601193,
                "p": 0.419150440873395
            },
            {
                "x": 0.4992526158445441,
                "y": 0.5935973955507325,
                "p": 0.41256579664758747
            },
            {
                "x": 0.523168908819133,
                "y": 0.6223548562126967,
                "p": 0.40446162585077294
            },
            {
                "x": 0.5485799701046338,
                "y": 0.6478567552902875,
                "p": 0.3971222357549613
            },
            {
                "x": 0.5724962630792227,
                "y": 0.6766142159522518,
                "p": 0.3909348269048695
            },
            {
                "x": 0.5994020926756353,
                "y": 0.700488334237656,
                "p": 0.3860099574506738
            },
            {
                "x": 0.624813153961136,
                "y": 0.7254476397178513,
                "p": 0.37999345168929777
            },
            {
                "x": 0.656203288490284,
                "y": 0.7455236028214867,
                "p": 0.3743741285366165
            },
            {
                "x": 0.6846038863976084,
                "y": 0.7677699403147042,
                "p": 0.368732118717897
            },
            {
                "x": 0.7130044843049327,
                "y": 0.7905588714053174,
                "p": 0.3640420650864569
            },
            {
                "x": 0.7428998505231689,
                "y": 0.8111774281063483,
                "p": 0.3588825848084148
            },
            {
                "x": 0.7772795216741405,
                "y": 0.8307107976125881,
                "p": 0.35300175899390585
            },
            {
                "x": 0.8056801195814649,
                "y": 0.8540423223005968,
                "p": 0.3464202212138558
            },
            {
                "x": 0.8295964125560538,
                "y": 0.8811720021703744,
                "p": 0.3391984052811428
            },
            {
                "x": 0.85949177877429,
                "y": 0.9017905588714054,
                "p": 0.3307699282688572
            },
            {
                "x": 0.8863976083707026,
                "y": 0.9267498643516007,
                "p": 0.32247653107062124
            },
            {
                "x": 0.9177877428998505,
                "y": 0.9522517634291915,
                "p": 0.3121756902837249
            },
            {
                "x": 0.9431988041853513,
                "y": 0.9782962561041779,
                "p": 0.295020390737916
            },
            {
                "x": 0.976083707025411,
                "y": 0.9962018448182312,
                "p": 0.25459635299326716
            },
            {
                "x": 1.0,
                "y": 1.0,
                "p": 0.05253703947360491
            }
        ],
        "Passive": [
            {
                "x": 0.0,
                "y": 0.0,
                "p": 1.6499029300098997
            },
            {
                "x": 0.02675416456335184,
                "y": 0.02448210922787194,
                "p": 0.4712605136473811
            },
            {
                "x": 0.057041898031297326,
                "y": 0.04896421845574388,
                "p": 0.45107662605439103
            },
            {
                "x": 0.07521453811206462,
                "y": 0.08286252354048965,
                "p": 0.44114157269385174
            },
            {
                "x": 0.099444724886421,
                "y": 0.10922787193973635,
                "p": 0.4333530979065328
            },
            {
                "x": 0.1166077738515901,
                "y": 0.1431261770244821,
                "p": 0.4285508554680166
            },
            {
                "x": 0.14033316506814741,
                "y": 0.1694915254237288,
                "p": 0.4224553262166259
            },
            {
                "x": 0.16557294295810196,
                "y": 0.1958568738229755,
                "p": 0.4172489427152227
            },
            {
                "x": 0.19687026754164563,
                "y": 0.21657250470809794,
                "p": 0.4113421052280555
            },
            {
                "x": 0.22160524987380112,
                "y": 0.24293785310734464,
                "p": 0.4065082948216648
            },
            {
                "x": 0.24432104997476023,
                "y": 0.2730696798493409,
                "p": 0.40149591766877923
            },
            {
                "x": 0.27208480565371024,
                "y": 0.295668549905838,
                "p": 0.3952765179269059
            },
            {
                "x": 0.292781423523473,
                "y": 0.3258003766478343,
                "p": 0.39236910599635894
            },
            {
                "x": 0.32004038364462395,
                "y": 0.352165725047081,
                "p": 0.3886387226809373
            },
            {
                "x": 0.3442705704189803,
                "y": 0.3785310734463277,
                "p": 0.38557679314250165
            },
            {
                "x": 0.38263503281171124,
                "y": 0.3954802259887006,
                "p": 0.3799840017075656
            },
            {
                "x": 0.40636042402826855,
                "y": 0.4218455743879473,
                "p": 0.3763849226855573
            },
            {
                "x": 0.4321049974760222,
                "y": 0.4463276836158192,
                "p": 0.37190542777279434
            },
            {
                "x": 0.45835436648157496,
                "y": 0.4708097928436911,
                "p": 0.3678230196567813
            },
            {
                "x": 0.48006057546693587,
                "y": 0.5009416195856874,
                "p": 0.3645816734725592
            },
            {
                "x": 0.5073195355880868,
                "y": 0.5254237288135594,
                "p": 0.3600183745509059
            },
            {
                "x": 0.5381120646138314,
                "y": 0.5480225988700564,
                "p": 0.3554547951101284
            },
            {
                "x": 0.5608278647147905,
                "y": 0.576271186440678,
                "p": 0.35215743505931846
            },
            {
                "x": 0.5779909136799596,
                "y": 0.6101694915254238,
                "p": 0.34978984888499975
            },
            {
                "x": 0.596668349318526,
                "y": 0.6421845574387948,
                "p": 0.3465048468349008
            },
            {
                "x": 0.624432104997476,
                "y": 0.664783427495292,
                "p": 0.3417206654486102
            },
            {
                "x": 0.6547198384654215,
                "y": 0.6854990583804144,
                "p": 0.3360091050888186
            },
            {
                "x": 0.6819787985865724,
                "y": 0.7099811676082862,
                "p": 0.33009690704051636
            },
            {
                "x": 0.7062089853609288,
                "y": 0.736346516007533,
                "p": 0.3255028962060058
            },
            {
                "x": 0.7289247854618879,
                "y": 0.7645951035781544,
                "p": 0.32065845037100654
            },
            {
                "x": 0.7531549722362443,
                "y": 0.7909604519774012,
                "p": 0.31456236547370736
            },
            {
                "x": 0.7819283190307925,
                "y": 0.8135593220338984,
                "p": 0.304904628883412
            },
            {
                "x": 0.8071680969207471,
                "y": 0.839924670433145,
                "p": 0.29609840947359206
            },
            {
                "x": 0.8374558303886925,
                "y": 0.8606403013182674,
                "p": 0.28358549637789443
            },
            {
                "x": 0.8637051993942453,
                "y": 0.8851224105461394,
                "p": 0.26852282552110934
            },
            {
                "x": 0.8864209994952045,
                "y": 0.9133709981167608,
                "p": 0.25134056673229355
            },
            {
                "x": 0.911660777385159,
                "y": 0.9397363465160076,
                "p": 0.22792463985536485
            },
            {
                "x": 0.939424533064109,
                "y": 0.9623352165725048,
                "p": 0.2016213665038982
            },
            {
                "x": 0.9722362443210499,
                "y": 0.9811676082862524,
                "p": 0.15738486228745077
            },
            {
                "x": 1.0,
                "y": 1.0,
                "p": 0.04068619040216619
            }
        ],
        "Detractor": [
            {
                "x": 0.0,
                "y": 0.0,
                "p": 1.8794009044501199
            },
            {
                "x": 0.0,
                "y": 0.07971014492753623,
                "p": 0.8029724656419602
            },
            {
                "x": 0.02401010951979781,
                "y": 0.11594202898550725,
                "p": 0.38637165879694757
            },
            {
                "x": 0.051390058972198824,
                "y": 0.14492753623188406,
                "p": 0.35100060439355457
            },
            {
                "x": 0.06950294860994102,
                "y": 0.18115942028985507,
                "p": 0.33477337939667695
            },
            {
                "x": 0.09182813816343724,
                "y": 0.21014492753623187,
                "p": 0.3194921614241085
            },
            {
                "x": 0.12763268744734624,
                "y": 0.2246376811594203,
                "p": 0.3020900730396076
            },
            {
                "x": 0.14237573715248525,
                "y": 0.2608695652173913,
                "p": 0.29575465660573624
            },
            {
                "x": 0.16722830665543387,
                "y": 0.2898550724637681,
                "p": 0.28473014905623434
            },
            {
                "x": 0.2017691659646167,
                "y": 0.3115942028985507,
                "p": 0.27175052259060384
            },
            {
                "x": 0.23041280539174389,
                "y": 0.3333333333333333,
                "p": 0.2596787351809396
            },
            {
                "x": 0.2598989048020219,
                "y": 0.36231884057971014,
                "p": 0.252611913967323
            },
            {
                "x": 0.2822240943555181,
                "y": 0.391304347826087,
                "p": 0.24660873735240665
            },
            {
                "x": 0.3108677337826453,
                "y": 0.41304347826086957,
                "p": 0.23785645190981738
            },
            {
                "x": 0.33487784330244313,
                "y": 0.4420289855072464,
                "p": 0.23164167481350426
            },
            {
                "x": 0.35214827295703455,
                "y": 0.4782608695652174,
                "p": 0.2266819995917265
            },
            {
                "x": 0.4001684919966302,
                "y": 0.4855072463768116,
                "p": 0.21549352712431083
            },
            {
                "x": 0.42165122156697554,
                "y": 0.5144927536231884,
                "p": 0.21184790765581765
            },
            {
                "x": 0.44566133108677336,
                "y": 0.5434782608695652,
                "p": 0.20682089610672866
            },
            {
                "x": 0.4688289806234204,
                "y": 0.572463768115942,
                "p": 0.20209750817628183
            },
            {
                "x": 0.5058972198820556,
                "y": 0.5869565217391305,
                "p": 0.1950489087478052
            },
            {
                "x": 0.5278011794439764,
                "y": 0.6159420289855072,
                "p": 0.18995872108473774
            },
            {
                "x": 0.5593934288121314,
                "y": 0.644927536231884,
                "p": 0.18376137995070094
            },
            {
                "x": 0.573715248525695,
                "y": 0.6811594202898551,
                "p": 0.18037085421894833
            },
            {
                "x": 0.611625947767481,
                "y": 0.6956521739130435,
                "p": 0.1723749229396205
            },
            {
                "x": 0.6634372367312553,
                "y": 0.7101449275362319,
                "p": 0.15701614139446
            },
            {
                "x": 0.681128896377422,
                "y": 0.7463768115942029,
                "p": 0.15241351067517042
            },
            {
                "x": 0.7299915754001685,
                "y": 0.7753623188405797,
                "p": 0.1378075385959122
            },
            {
                "x": 0.7632687447346251,
                "y": 0.7971014492753623,
                "p": 0.12653052654928615
            },
            {
                "x": 0.780960404380792,
                "y": 0.8333333333333334,
                "p": 0.12073282521512119
            },
            {
                "x": 0.8096040438079192,
                "y": 0.8623188405797102,
                "p": 0.11207633986551546
            },
            {
                "x": 0.8357203032855939,
                "y": 0.8913043478260869,
                "p": 0.1057069405148705
            },
            {
                "x": 0.8639427127211458,
                "y": 0.9202898550724637,
                "p": 0.09720149268115796
            },
            {
                "x": 0.896798652064027,
                "y": 0.9420289855072463,
                "p": 0.08689559241621275
            },
            {
                "x": 0.9187026116259478,
                "y": 0.9710144927536232,
                "p": 0.08101180622627824
            },
            {
                "x": 0.9700926705981466,
                "y": 0.9782608695652174,
                "p": 0.06304181895302358
            },
            {
                "x": 1.0,
                "y": 1.0,
                "p": 0.03119980025388731
            }
        ]
    },
    "oneVsAllCalibrationCurves": {
        "Promoter": [
            {
                "y": 0,
                "x": 0,
                "n": 0
            },
            {
                "y": 0.0,
                "x": 0.07489281206019621,
                "n": 6.0
            },
            {
                "y": 0.25,
                "x": 0.134306273003602,
                "n": 8.0
            },
            {
                "y": 0.5789473684210527,
                "x": 0.277220487043442,
                "n": 76.0
            },
            {
                "y": 0.7001127395715896,
                "x": 0.35707579148724905,
                "n": 887.0
            },
            {
                "y": 0.7557160048134778,
                "x": 0.4484178086997654,
                "n": 831.0
            },
            {
                "y": 0.7730923694779116,
                "x": 0.5427614201173233,
                "n": 498.0
            },
            {
                "y": 0.7757575757575758,
                "x": 0.6393395824450377,
                "n": 165.0
            },
            {
                "y": 0.8611111111111112,
                "x": 0.7433581187420668,
                "n": 36.0
            },
            {
                "y": 0.8,
                "x": 0.8110201061827634,
                "n": 5.0
            },
            {
                "y": 1,
                "x": 1,
                "n": 0
            }
        ],
        "Passive": [
            {
                "y": 0,
                "x": 0,
                "n": 0
            },
            {
                "y": 0.0,
                "x": 0.06964886093751377,
                "n": 16.0
            },
            {
                "y": 0.15966386554621848,
                "x": 0.16259473546292819,
                "n": 119.0
            },
            {
                "y": 0.20604395604395603,
                "x": 0.2595517185669883,
                "n": 364.0
            },
            {
                "y": 0.2090975788701394,
                "x": 0.3558266047868729,
                "n": 1363.0
            },
            {
                "y": 0.23424878836833601,
                "x": 0.42957598639997774,
                "n": 619.0
            },
            {
                "y": 0.21428571428571427,
                "x": 0.5329243801511404,
                "n": 28.0
            },
            {
                "y": 0.3333333333333333,
                "x": 0.63473929203192,
                "n": 3.0
            },
            {
                "y": 1,
                "x": 1,
                "n": 0
            }
        ],
        "Detractor": [
            {
                "y": 0,
                "x": 0,
                "n": 0
            },
            {
                "y": 0.036414565826330535,
                "x": 0.0764334593775622,
                "n": 357.0
            },
            {
                "y": 0.04833512352309345,
                "x": 0.1533890550991706,
                "n": 931.0
            },
            {
                "y": 0.053591790193842644,
                "x": 0.24217681569104912,
                "n": 877.0
            },
            {
                "y": 0.06007067137809187,
                "x": 0.33425542342542175,
                "n": 283.0
            },
            {
                "y": 0.10869565217391304,
                "x": 0.4383444377466511,
                "n": 46.0
            },
            {
                "y": 0.0,
                "x": 0.5417307492339106,
                "n": 3.0
            },
            {
                "y": 0.0,
                "x": 0.6287347297156608,
                "n": 3.0
            },
            {
                "y": 0.0,
                "x": 0.7344327026021908,
                "n": 1.0
            },
            {
                "y": 1.0,
                "x": 0.8448671528067525,
                "n": 11.0
            },
            {
                "y": 1,
                "x": 1,
                "n": 0
            }
        ]
    },
    "oneVsAllCalibrationLoss": {
        "Promoter": 0.28879487003530135,
        "Passive": 0.13999413984072215,
        "Detractor": 0.14975773968172157
    },
    "densityData": {
        "Promoter": {
            "correct": [
                5.686428331785031e-16,
                1.352974894003887e-14,
                2.709262779874945e-13,
                4.566798631330437e-12,
                6.48147259583865e-11,
                7.747357860087747e-10,
                7.801635819691932e-09,
                6.620991921236044e-08,
                4.7374124895037545e-07,
                2.8591896901481674e-06,
                1.4563599535627286e-05,
                6.264941385901702e-05,
                0.00022781787678342183,
                0.0007012502791469384,
                0.0018312360430678847,
                0.0040731968960772144,
                0.007774949477057621,
                0.012917792452917203,
                0.019169770110857163,
                0.02649705821535678,
                0.03600630875483174,
                0.05032947590058632,
                0.07342335701470426,
                0.11054283882115032,
                0.16900249046814328,
                0.259193941345472,
                0.39463980963156026,
                0.5901033215431454,
                0.8571372384295137,
                1.1974802573491248,
                1.5975625168754046,
                2.029390178765136,
                2.4593565209030976,
                2.858990437872397,
                3.209517984885491,
                3.4988380576109686,
                3.716859885381345,
                3.855094684096605,
                3.910947912083889,
                3.8925304396167397,
                3.8191091536498045,
                3.715912875818391,
                3.6069747519123427,
                3.5102394499628446,
                3.4348866109800302,
                3.378985002175213,
                3.3290862702719477,
                3.265310322186941,
                3.170949167940934,
                3.040033321677962,
                2.877550385800802,
                2.6941311794094918,
                2.5011726928634723,
                2.309059585588397,
                2.1262651825363315,
                1.9572193514897867,
                1.800168448121483,
                1.6478199749637195,
                1.4920139905577225,
                1.3303006076881425,
                1.169545694510098,
                1.0228268786914216,
                0.9012163003602898,
                0.8066182487591266,
                0.730879775241869,
                0.6611908005759166,
                0.5874716245420173,
                0.5070306425722779,
                0.42438284127365833,
                0.34734814858298285,
                0.2824783837861503,
                0.23257310965964534,
                0.19697017441070303,
                0.173200985930834,
                0.15826104411777642,
                0.14905864666446564,
                0.142610614985199,
                0.13619929972266798,
                0.1273349786070406,
                0.11395102954445457,
                0.0953372137802828,
                0.07306286652376262,
                0.05054541267433038,
                0.031284057874109365,
                0.017227763899181795,
                0.008403166994476713,
                0.003611890604794539,
                0.0013595614930231761,
                0.0004450864239564934,
                0.00012586966753460065,
                3.056262394484926e-05,
                6.339596192440301e-06,
                1.118939691545647e-06,
                1.6753697461711513e-07,
                2.1232079352751665e-08,
                2.2736719045582307e-09,
                2.0548619229805763e-10,
                1.5658940721827904e-11,
                1.0054791186221483e-12,
                5.4374296688701555e-14
            ],
            "incorrect": [
                0.00917794390737884,
                0.017210467127878246,
                0.029660221167803875,
                0.04720622374518673,
                0.06973233429408193,
                0.09605587631534547,
                0.12387438656634174,
                0.1499672043866682,
                0.17065176041317484,
                0.1824732849411382,
                0.18304095952119168,
                0.17179490026084757,
                0.1503849127947104,
                0.12240359688684312,
                0.09249087439073396,
                0.06517595508529159,
                0.04399777928602845,
                0.03129470435481807,
                0.028669574520036194,
                0.03778406397247603,
                0.061039417093207704,
                0.10187001898130167,
                0.16463513297276333,
                0.2542610191656655,
                0.3758271699840736,
                0.5342785398211859,
                0.7343787210740325,
                0.9807897030826801,
                1.2777941341933057,
                1.6279862264940752,
                2.0296051558598243,
                2.4730271093425684,
                2.9378097343567906,
                3.392122171691032,
                3.796114761149248,
                4.109582765231182,
                4.3022107642753875,
                4.362618002348785,
                4.30197011633844,
                4.150084988439969,
                3.9457364347252026,
                3.72565704103603,
                3.5166277010734115,
                3.332523228281244,
                3.175533398907813,
                3.0396966890009938,
                2.915167494554563,
                2.792128159290568,
                2.663483238384419,
                2.5258619813772514,
                2.379215896421167,
                2.2258481243174986,
                2.06947872619339,
                1.9142943076826167,
                1.7637515340949004,
                1.6194371394193545,
                1.4807649005717005,
                1.3459412106793371,
                1.2136655064380393,
                1.0843907305719076,
                0.9602792947498646,
                0.8439857372849492,
                0.7372528303476914,
                0.640356096192633,
                0.5526624182264968,
                0.47363726762079017,
                0.4033446266177818,
                0.3420616352178842,
                0.28948861033211304,
                0.2443555725415489,
                0.20478441685915877,
                0.16908676987087823,
                0.1364034605695476,
                0.1068425222956509,
                0.0811732591940623,
                0.06032098766838924,
                0.04486423461054509,
                0.03466067914940695,
                0.02872094236355068,
                0.02542554276337877,
                0.023041897218937804,
                0.02030522942249687,
                0.016755615837135796,
                0.012668985576521217,
                0.008679713909506413,
                0.005358925423241293,
                0.002973822734800214,
                0.0014813832746708346,
                0.0006620171411056338,
                0.0002653331755574338,
                9.53611463377019e-05,
                3.07310980433213e-05,
                8.879656800366846e-06,
                2.3004788350455435e-06,
                5.343681036897498e-07,
                1.1129129056753001e-07,
                2.078161381789622e-08,
                3.479319727146855e-09,
                5.222833193244917e-10,
                7.029340853393296e-11
            ],
            "correctMedian": 0.4377342768571117,
            "incorrectMedian": 0.4123758037521756
        },
        "Passive": {
            "correct": [
                2.923826728149454e-07,
                2.529424796661671e-06,
                1.789619697329372e-05,
                0.00010393670403638903,
                0.0004978853389243184,
                0.0019790654789314343,
                0.006574783440238693,
                0.018400687476730248,
                0.04372480464123621,
                0.08882033082775681,
                0.15503431967554507,
                0.2335126565071363,
                0.30537011475331827,
                0.351538289459544,
                0.3671813565931787,
                0.3671736251147787,
                0.37552933014523177,
                0.409012379757004,
                0.4710810750963593,
                0.5581965420452917,
                0.6663995504618697,
                0.7910962430337826,
                0.9263726289873888,
                1.0692445338977175,
                1.2226714953073121,
                1.3920875987754977,
                1.5833641939134164,
                1.810177293820311,
                2.1017732967944576,
                2.4957732115602065,
                3.0169499276286302,
                3.658230219571932,
                4.374503460570402,
                5.08587241701418,
                5.689395618569719,
                6.090019144763694,
                6.24521077347282,
                6.184272916178743,
                5.977502834043315,
                5.686461923299778,
                5.338624508398761,
                4.927964381031274,
                4.425526842901264,
                3.8038184572709426,
                3.0748426733916006,
                2.3104063223976032,
                1.6156717739053506,
                1.0729329058680603,
                0.7034354153027823,
                0.47436667952017947,
                0.3349559330136532,
                0.246646127199084,
                0.18893663090252802,
                0.1497604855301112,
                0.11860514425470474,
                0.08840597865949837,
                0.058718261479500614,
                0.033598066046924745,
                0.016562204789491906,
                0.008092755283083683,
                0.00677520134028387,
                0.011075969965992655,
                0.019292370795800963,
                0.028323395777398692,
                0.03381724976671872,
                0.03269018800632683,
                0.025570717331838546,
                0.016183970664501803,
                0.008287818558722302,
                0.0034340602060262595,
                0.0011512987552057684,
                0.0003123062084383251,
                6.85465580212977e-05,
                1.2173154609325375e-05,
                1.7491742496523447e-06,
                2.0336465022930902e-07,
                1.913067546763219e-08,
                1.4561214390439365e-09,
                8.967622944590115e-11,
                4.4685799676146806e-12,
                1.8016655754902133e-13,
                5.8774816013424156e-15,
                1.5513894278087825e-16,
                3.313315775555395e-18,
                5.725550908326475e-20,
                8.005421149585698e-22,
                9.056565646579849e-24,
                8.290015568640651e-26,
                6.139876057452706e-28,
                3.6793941543533155e-30,
                1.784043646713096e-32,
                6.999178796631219e-35,
                2.2217805064773515e-37,
                5.706471698036605e-40,
                1.185896083571414e-42,
                1.994059226854872e-45,
                2.7129508359014592e-48,
                2.9864706097486675e-51,
                2.66003296196942e-54,
                1.9170270581859804e-57
            ],
            "incorrect": [
                0.0020442859043915285,
                0.006921665620281327,
                0.018337849513301533,
                0.03885071954706101,
                0.06737043392437146,
                0.0976535729649867,
                0.12060955038938477,
                0.13042081363331517,
                0.130270236336117,
                0.1318781989132704,
                0.14931752759235867,
                0.19260536257463168,
                0.264052729316779,
                0.35754909544901387,
                0.46000007504217405,
                0.5561313151140976,
                0.6383292876209926,
                0.7125930756787512,
                0.788761192601747,
                0.865558355022829,
                0.9328913121834874,
                0.9865148667583369,
                1.0332373976684799,
                1.0891912069789795,
                1.1797663319137768,
                1.3303396621699584,
                1.550868796257082,
                1.835793005990166,
                2.1795349500449492,
                2.5895672581161646,
                3.0841897382012635,
                3.670603411433162,
                4.319889200043452,
                4.968150564052273,
                5.540970352856764,
                5.976643323530961,
                6.238650980056478,
                6.306415082132858,
                6.157714454232589,
                5.791790285329369,
                5.263208172189266,
                4.645778126225733,
                3.9761393245120167,
                3.2709446239509683,
                2.5693331059516127,
                1.924865783143351,
                1.3782930962111202,
                0.9513720618653974,
                0.6460004729580893,
                0.44292276112329365,
                0.31286912145074186,
                0.23119503767395577,
                0.18144557350040158,
                0.15083584120124885,
                0.12776499947500974,
                0.10502327786902321,
                0.08212827732738953,
                0.061589355395639235,
                0.04482613942107571,
                0.0324220559537428,
                0.024818440281676405,
                0.0211911598682402,
                0.019275678875305825,
                0.01679645406945693,
                0.012768164285783081,
                0.007921128188636741,
                0.003838117531842333,
                0.0014148652842379584,
                0.0003911365214116777,
                8.048763788358295e-05,
                1.2282996644374378e-05,
                1.3875933391371437e-06,
                1.1593589472534299e-07,
                7.161190157252357e-09,
                3.2694457769042295e-10,
                1.1031672124063654e-11,
                2.7508437350043815e-13,
                5.069180906182545e-15,
                6.903226161100376e-17,
                6.947147449076904e-19,
                5.16654133444465e-21,
                2.839433710800875e-23,
                1.1531922970147862e-25,
                3.4610651806050503e-28,
                7.676368415574685e-31,
                1.2581713698410992e-33,
                1.523918459756062e-36,
                1.3640226982736737e-39,
                9.022344331682194e-43,
                4.410167953838074e-46,
                1.5930477412680072e-49,
                4.252461430232648e-53,
                8.388608096935436e-57,
                1.2228617395642748e-60,
                1.3173547412950575e-64,
                1.0487356957715628e-68,
                6.169746091910881e-73,
                2.6822945215421735e-77,
                8.61754506800755e-82,
                2.0459668555501388e-86
            ],
            "correctMedian": 0.3645816734725592,
            "incorrectMedian": 0.3612332259930853
        },
        "Detractor": {
            "correct": [
                0.5919305365246237,
                0.7100703016215886,
                0.8410170654219293,
                0.9838453997825538,
                1.1371619810750575,
                1.2991352108396723,
                1.4675508040028178,
                1.6398886482865696,
                1.8134141426794064,
                1.9852760998593282,
                2.152603327263007,
                2.312593152425329,
                2.4625871856695865,
                2.600132105605035,
                2.723025716579142,
                2.8293504921831674,
                2.9174979401919776,
                2.9861872552351674,
                3.0344809443581635,
                3.061798694663976,
                3.0679291054777877,
                3.0530374611109834,
                3.017666830412587,
                2.962729647430039,
                2.889487562548351,
                2.7995185823974555,
                2.694672038974689,
                2.5770133974156026,
                2.448762022627168,
                2.3122255840472925,
                2.1697347396839355,
                2.023581204097711,
                1.8759614727832936,
                1.728927590427985,
                1.5843456275857086,
                1.4438621012372312,
                1.308878460806145,
                1.1805338783978927,
                1.059696775188313,
                0.9469656109283808,
                0.842679321973671,
                0.7469373540030565,
                0.6596285332182054,
                0.5804671754676819,
                0.5090340216814492,
                0.44481899361087146,
                0.38726253098862773,
                0.3357924709972848,
                0.2898540453188952,
                0.2489314984095232,
                0.21256091510291192,
                0.1803349072319055,
                0.15190068512620702,
                0.12695361445351686,
                0.10522857873496146,
                0.08649134407445326,
                0.07053171860977399,
                0.05715971025065008,
                0.0462052167727431,
                0.0375211258506543,
                0.030989129032557523,
                0.02652710484666185,
                0.024096619442445733,
                0.023708929765108636,
                0.025427850201536963,
                0.029367958224776752,
                0.03568687458795802,
                0.04457077137501105,
                0.05621284657625494,
                0.07078525220045404,
                0.08840584217703368,
                0.1091020470694933,
                0.1327750755747859,
                0.1591683460704957,
                0.18784440929799007,
                0.2181744939207418,
                0.24934409550313463,
                0.280376719907657,
                0.31017606729528013,
                0.33758479021254856,
                0.3614557539407563,
                0.3807297950804276,
                0.3945126378715107,
                0.40214314654737454,
                0.403245608401537,
                0.39776024531798304,
                0.3859484686551303,
                0.3683722118441871,
                0.3458495966272379,
                0.3193917927645487,
                0.29012785139692693,
                0.2592252797114129,
                0.2278140856324506,
                0.19692102697430997,
                0.1674190630789968,
                0.139994836913185,
                0.1151347552362986,
                0.09312820120655269,
                0.07408485001271764,
                0.0579621016226058
            ],
            "incorrect": [
                0.030494191260014188,
                0.08811080458024627,
                0.21609796934081277,
                0.4550547926886473,
                0.8311125269691592,
                1.3306492602377997,
                1.8921258543279975,
                2.4281419997076656,
                2.862320050394252,
                3.1532070361291664,
                3.297634993189161,
                3.3268113061061473,
                3.3007747007852513,
                3.291448056574867,
                3.355546007256116,
                3.5174883058716246,
                3.7691081504067525,
                4.0722051680806315,
                4.362230009524925,
                4.564218819999318,
                4.61895348050679,
                4.5083546613714445,
                4.266775806874321,
                3.960989993860553,
                3.646298619097198,
                3.3421358747246197,
                3.049977137462161,
                2.7785050785141188,
                2.5390088021555495,
                2.3264305532123695,
                2.1189111091555084,
                1.8965551013303699,
                1.6578918076340778,
                1.419388916924639,
                1.1994875859461371,
                1.0030440543142256,
                0.8229883588853116,
                0.6560402503032834,
                0.5117484964840608,
                0.40330122198752094,
                0.3317659495199591,
                0.283310619942039,
                0.24258085707666519,
                0.2051350230652923,
                0.17446042547766916,
                0.1511261565560964,
                0.13031178424345186,
                0.10811488353116801,
                0.08507559256080721,
                0.06369512265356164,
                0.04577069091195067,
                0.03203588071966892,
                0.022265448545586475,
                0.015495480427995386,
                0.01097691256014896,
                0.008773070834934742,
                0.00899227639405347,
                0.010863635254209502,
                0.01316493421800873,
                0.015312232387593057,
                0.017449270877130413,
                0.01953947366948711,
                0.020766128886467772,
                0.019921193293988042,
                0.0164779753397164,
                0.011352624965899687,
                0.006378858683912201,
                0.0029715216509007525,
                0.0014914329524062082,
                0.0017114552803163042,
                0.0033382381982425624,
                0.0058097231363908545,
                0.007927459814119612,
                0.008365780310754812,
                0.0068186018553815725,
                0.004291852025312119,
                0.002086167766886679,
                0.0007830838591020709,
                0.0002269978857246449,
                5.08147560578573e-05,
                8.784405405669029e-06,
                1.172706651832937e-06,
                1.2089849627052133e-07,
                9.62513661271174e-09,
                5.917624421701817e-10,
                2.8095863628555828e-11,
                1.0301296013813958e-12,
                2.916727392960777e-14,
                6.377556375481686e-16,
                1.0768798847738608e-17,
                1.4042185821173153e-19,
                1.4140236047712478e-21,
                1.0995958585074149e-23,
                6.60334554735957e-26,
                3.0623120645002522e-28,
                1.0967038273600294e-30,
                3.0330793022166507e-33,
                6.477876504783979e-36,
                1.0684053540654067e-38,
                1.360798869144359e-41
            ],
            "correctMedian": 0.2134029276699399,
            "incorrectMedian": 0.196499008750682
        }
    },
    "globalMetrics": {
        "testWeight": 2512,
        "targetAvg": [
            0.7336783439490446,
            0.21138535031847133,
            0.05493630573248408
        ],
        "targetStd": [
            0.4421224343484121,
            0.40837234543159034,
            0.22790126018133605
        ],
        "predictionAvg": [
            0.44528511197367554,
            0.35137949015919345,
            0.203335397867131
        ],
        "predictionStd": [
            0.10437436187385951,
            0.07782252693828733,
            0.09841802721346576
        ]
    }
}