{
  "state": "DONE",
  "preSearchDescription": {
    "gridLength": 24,
    "searchStrategy": "RANDOM",
    "importantParams": [
      {
        "name": "trees",
        "min": "80",
        "max": "200"
      },
      {
        "name": "depth",
        "min": "6",
        "max": "20"
      },
      {
        "name": "min_samples",
        "min": "1",
        "max": "20"
      }
    ]
  },
  "postSearchDescription": {
    "importantParams": [
      {
        "name": "trees",
        "val": "140"
      },
      {
        "name": "depth",
        "val": "15"
      },
      {
        "name": "min_samples",
        "val": "2"
      }
    ]
  },
  "resumed": false,
  "timeOrderingEnabled": false,
  "sampleWeightsEnabled": false,
  "modelId": "m1",
  "progress": {
    "top_level_todo": [],
    "stack": [],
    "top_level_done": [
      {
        "name": "Loading train set",
        "time": 115
      },
      {
        "name": "Loading test set",
        "time": 47
      },
      {
        "name": "Collecting statistics",
        "time": 65
      },
      {
        "name": "Preprocessing train set",
        "time": 131
      },
      {
        "name": "Preprocessing test set",
        "time": 56
      },
      {
        "name": "Hyperparameter searching",
        "time": 155784
      },
      {
        "name": "Fitting model",
        "time": 12216
      },
      {
        "name": "Saving model",
        "time": 82
      },
      {
        "name": "Scoring model",
        "time": 1468
      }
    ]
  },
  "startTime": 1642672782749,
  "endTime": 1642672952982,
  "preprocessingTime": 416,
  "trainingTime": 169817,
  "hyperparamsSearchTime": 155784
}