{
  "starred": false,
  "clusterMetas": {},
  "customMeta": {
    "kv": {}
  },
  "tags": [],
  "activeClassifierThreshold": 0.0,
  "description": "",
  "name": "Random forest (s5)",
  "labels": [
    {
      "key": "trainDataset:dataset-name",
      "value": "main_dataset"
    },
    {
      "key": "testDataset:dataset-name",
      "value": "main_dataset"
    },
    {
      "key": "evaluationDataset:dataset-name",
      "value": "main_dataset"
    },
    {
      "key": "model:algorithm",
      "value": "RANDOM_FOREST_CLASSIFICATION"
    },
    {
      "key": "model:name",
      "value": "Random forest (s5)"
    },
    {
      "key": "model:date",
      "value": "2022-01-20T10:02:32.982+0000"
    },
    {
      "key": "evaluation:date",
      "value": "2022-01-20T10:02:32.982+0000"
    }
  ]
}